solid OpenSCAD_Model
  facet normal 0 0 1
    outer loop
      vertex -6.741990874288154 -5.577459910301037 -7.3
      vertex -5.939696961966999 -4.030508652763321 -7.3
      vertex -6.913856358287289 -5.362936719463546 -7.3
    endloop
  endfacet
  facet normal 0 0 1
    outer loop
      vertex -6.5634718592665235 -5.786478821581951 -7.3
      vertex -5.939696961966999 -4.030508652763321 -7.3
      vertex -6.741990874288154 -5.577459910301037 -7.3
    endloop
  endfacet
  facet normal 0 0 1
    outer loop
      vertex -6.378475489937352 -5.989787176876025 -7.3
      vertex -5.939696961966999 -4.030508652763321 -7.3
      vertex -6.5634718592665235 -5.786478821581951 -7.3
    endloop
  endfacet
  facet normal 0 0 -1
    outer loop
      vertex -4.030508652763321 -5.939696961966999 -10
      vertex -5.362936719463546 -6.913856358287289 -10
      vertex -5.577459910301037 -6.741990874288154 -10
    endloop
  endfacet
  facet normal 0 0 -1
    outer loop
      vertex -4.030508652763321 -5.939696961966999 -10
      vertex -5.577459910301037 -6.741990874288154 -10
      vertex -5.786478821581951 -6.5634718592665235 -10
    endloop
  endfacet
  facet normal 0 0 -1
    outer loop
      vertex -4.030508652763321 -5.939696961966999 -10
      vertex -5.786478821581951 -6.5634718592665235 -10
      vertex -5.989787176876025 -6.378475489937352 -10
    endloop
  endfacet
  facet normal 0 0 -1
    outer loop
      vertex -4.030508652763321 -5.939696961966999 -10
      vertex -6.5634718592665235 -5.786478821581951 -10
      vertex -6.741990874288154 -5.577459910301037 -10
    endloop
  endfacet
  facet normal 0 0 -1
    outer loop
      vertex -4.030508652763321 -5.939696961966999 -10
      vertex -6.741990874288154 -5.577459910301037 -10
      vertex -6.913856358287289 -5.362936719463546 -10
    endloop
  endfacet
  facet normal 0 0 -1
    outer loop
      vertex -4.030508652763321 -5.939696961966999 -10
      vertex -6.378475489937352 -5.989787176876025 -10
      vertex -6.5634718592665235 -5.786478821581951 -10
    endloop
  endfacet
  facet normal 0 0 -1
    outer loop
      vertex -4.030508652763321 -5.939696961966999 -10
      vertex -6.913856358287289 -5.362936719463546 -10
      vertex -5.939696961966999 -4.030508652763321 -10
    endloop
  endfacet
  facet normal 0 0 -1
    outer loop
      vertex -4.030508652763321 -5.939696961966999 -10
      vertex -6.187184335382291 -6.187184335382291 -10
      vertex -6.378475489937352 -5.989787176876025 -10
    endloop
  endfacet
  facet normal 0 0 -1
    outer loop
      vertex -4.030508652763321 -5.939696961966999 -10
      vertex -5.989787176876025 -6.378475489937352 -10
      vertex -6.187184335382291 -6.187184335382291 -10
    endloop
  endfacet
  facet normal 0 0 1
    outer loop
      vertex -5.577459910301037 -6.741990874288154 -7.3
      vertex -5.939696961966999 -4.030508652763321 -7.3
      vertex -5.786478821581951 -6.5634718592665235 -7.3
    endloop
  endfacet
  facet normal 0 0 1
    outer loop
      vertex -5.786478821581951 -6.5634718592665235 -7.3
      vertex -5.939696961966999 -4.030508652763321 -7.3
      vertex -5.989787176876025 -6.378475489937352 -7.3
    endloop
  endfacet
  facet normal 0 0 1
    outer loop
      vertex -5.362936719463546 -6.913856358287289 -7.3
      vertex -5.939696961966999 -4.030508652763321 -7.3
      vertex -5.577459910301037 -6.741990874288154 -7.3
    endloop
  endfacet
  facet normal 0 0 1
    outer loop
      vertex -6.187184335382291 -6.187184335382291 -7.3
      vertex -5.939696961966999 -4.030508652763321 -7.3
      vertex -6.378475489937352 -5.989787176876025 -7.3
    endloop
  endfacet
  facet normal 0 0 1
    outer loop
      vertex -5.989787176876025 -6.378475489937352 -7.3
      vertex -5.939696961966999 -4.030508652763321 -7.3
      vertex -6.187184335382291 -6.187184335382291 -7.3
    endloop
  endfacet
  facet normal 0 0 1
    outer loop
      vertex -4.030508652763321 -5.939696961966999 -7.3
      vertex -5.939696961966999 -4.030508652763321 -7.3
      vertex -5.362936719463546 -6.913856358287289 -7.3
    endloop
  endfacet
  facet normal 0 0 -1
    outer loop
      vertex -6.913856358287289 -5.362936719463546 -10
      vertex -7.06749610219769 -5.1583077929940115 -10
      vertex -5.939696961966999 -4.030508652763321 -10
    endloop
  endfacet
  facet normal -0.7071067811865476 0.7071067811865476 -4.7198911535414834e-18
    outer loop
      vertex -7.06749610219769 -5.1583077929940115 -10
      vertex -5.939696961966999 -4.030508652763321 -7.3
      vertex -5.939696961966999 -4.030508652763321 -10
    endloop
  endfacet
  facet normal -0.7071067811865476 0.7071067811865476 0
    outer loop
      vertex -7.06749610219769 -5.1583077929940115 -7.3
      vertex -5.939696961966999 -4.030508652763321 -7.3
      vertex -7.06749610219769 -5.1583077929940115 -10
    endloop
  endfacet
  facet normal 0 0 1
    outer loop
      vertex -6.913856358287289 -5.362936719463546 -7.3
      vertex -5.939696961966999 -4.030508652763321 -7.3
      vertex -7.06749610219769 -5.1583077929940115 -7.3
    endloop
  endfacet
  facet normal 0.7071067811865475 0.7071067811865475 -7.486682377415259e-18
    outer loop
      vertex -4.030508652763321 -5.939696961966999 -10
      vertex -5.939696961966999 -4.030508652763321 -10
      vertex -5.939696961966999 -4.030508652763321 -7.3
    endloop
  endfacet
  facet normal 0 0 -1
    outer loop
      vertex -4.030508652763321 -5.939696961966999 -10
      vertex -5.1583077929940115 -7.06749610219769 -10
      vertex -5.362936719463546 -6.913856358287289 -10
    endloop
  endfacet
  facet normal 0.7071067811865476 -0.7071067811865476 -4.7198911535414834e-18
    outer loop
      vertex -4.030508652763321 -5.939696961966999 -10
      vertex -5.1583077929940115 -7.06749610219769 -7.3
      vertex -5.1583077929940115 -7.06749610219769 -10
    endloop
  endfacet
  facet normal 0 0 1
    outer loop
      vertex -4.030508652763321 -5.939696961966999 -7.3
      vertex -5.362936719463546 -6.913856358287289 -7.3
      vertex -5.1583077929940115 -7.06749610219769 -7.3
    endloop
  endfacet
  facet normal 0.7071067811865476 -0.7071067811865476 0
    outer loop
      vertex -4.030508652763321 -5.939696961966999 -7.3
      vertex -5.1583077929940115 -7.06749610219769 -7.3
      vertex -4.030508652763321 -5.939696961966999 -10
    endloop
  endfacet
  facet normal 0.7071067811865475 0.7071067811865475 0
    outer loop
      vertex -4.030508652763321 -5.939696961966999 -7.3
      vertex -4.030508652763321 -5.939696961966999 -10
      vertex -5.939696961966999 -4.030508652763321 -7.3
    endloop
  endfacet
  facet normal -0.7071067811865476 -0.7071067811865476 0
    outer loop
      vertex 4.030508652763321 -5.939696961966999 7.3
      vertex 5.1583077929940115 -7.06749610219769 7.3
      vertex 4.030508652763321 -5.939696961966999 10
    endloop
  endfacet
  facet normal 0 0 -1
    outer loop
      vertex 4.030508652763321 -5.939696961966999 7.3
      vertex 5.362936719463546 -6.913856358287289 7.3
      vertex 5.1583077929940115 -7.06749610219769 7.3
    endloop
  endfacet
  facet normal -0.7071067811865476 -0.7071067811865476 4.7198911535414834e-18
    outer loop
      vertex 4.030508652763321 -5.939696961966999 10
      vertex 5.1583077929940115 -7.06749610219769 7.3
      vertex 5.1583077929940115 -7.06749610219769 10
    endloop
  endfacet
  facet normal 0 0 1
    outer loop
      vertex 4.030508652763321 -5.939696961966999 10
      vertex 5.1583077929940115 -7.06749610219769 10
      vertex 5.362936719463546 -6.913856358287289 10
    endloop
  endfacet
  facet normal -0.7071067811865475 0.7071067811865475 0
    outer loop
      vertex 4.030508652763321 -5.939696961966999 7.3
      vertex 4.030508652763321 -5.939696961966999 10
      vertex 5.939696961966999 -4.030508652763321 7.3
    endloop
  endfacet
  facet normal 0 0 1
    outer loop
      vertex 4.030508652763321 -5.939696961966999 10
      vertex 5.362936719463546 -6.913856358287289 10
      vertex 5.577459910301037 -6.741990874288154 10
    endloop
  endfacet
  facet normal 0 0 1
    outer loop
      vertex 4.030508652763321 -5.939696961966999 10
      vertex 5.577459910301037 -6.741990874288154 10
      vertex 5.786478821581951 -6.5634718592665235 10
    endloop
  endfacet
  facet normal 0 0 1
    outer loop
      vertex 4.030508652763321 -5.939696961966999 10
      vertex 5.786478821581951 -6.5634718592665235 10
      vertex 5.989787176876025 -6.378475489937352 10
    endloop
  endfacet
  facet normal 0 0 -1
    outer loop
      vertex 4.030508652763321 -5.939696961966999 7.3
      vertex 5.939696961966999 -4.030508652763321 7.3
      vertex 5.362936719463546 -6.913856358287289 7.3
    endloop
  endfacet
  facet normal 0 0 -1
    outer loop
      vertex 5.362936719463546 -6.913856358287289 7.3
      vertex 5.939696961966999 -4.030508652763321 7.3
      vertex 5.577459910301037 -6.741990874288154 7.3
    endloop
  endfacet
  facet normal 0 0 -1
    outer loop
      vertex 5.577459910301037 -6.741990874288154 7.3
      vertex 5.939696961966999 -4.030508652763321 7.3
      vertex 5.786478821581951 -6.5634718592665235 7.3
    endloop
  endfacet
  facet normal 0 0 -1
    outer loop
      vertex 5.786478821581951 -6.5634718592665235 7.3
      vertex 5.939696961966999 -4.030508652763321 7.3
      vertex 5.989787176876025 -6.378475489937352 7.3
    endloop
  endfacet
  facet normal 0 0 -1
    outer loop
      vertex 5.989787176876025 -6.378475489937352 7.3
      vertex 5.939696961966999 -4.030508652763321 7.3
      vertex 6.187184335382291 -6.187184335382291 7.3
    endloop
  endfacet
  facet normal 0 0 -1
    outer loop
      vertex 6.187184335382291 -6.187184335382291 7.3
      vertex 5.939696961966999 -4.030508652763321 7.3
      vertex 6.378475489937352 -5.989787176876025 7.3
    endloop
  endfacet
  facet normal 0 0 1
    outer loop
      vertex 4.030508652763321 -5.939696961966999 10
      vertex 5.989787176876025 -6.378475489937352 10
      vertex 6.187184335382291 -6.187184335382291 10
    endloop
  endfacet
  facet normal 0 0 1
    outer loop
      vertex 4.030508652763321 -5.939696961966999 10
      vertex 6.187184335382291 -6.187184335382291 10
      vertex 6.378475489937352 -5.989787176876025 10
    endloop
  endfacet
  facet normal 0 0 1
    outer loop
      vertex 4.030508652763321 -5.939696961966999 10
      vertex 6.378475489937352 -5.989787176876025 10
      vertex 6.5634718592665235 -5.786478821581951 10
    endloop
  endfacet
  facet normal 0 0 1
    outer loop
      vertex 4.030508652763321 -5.939696961966999 10
      vertex 6.5634718592665235 -5.786478821581951 10
      vertex 6.741990874288154 -5.577459910301037 10
    endloop
  endfacet
  facet normal 0 0 1
    outer loop
      vertex 4.030508652763321 -5.939696961966999 10
      vertex 6.741990874288154 -5.577459910301037 10
      vertex 6.913856358287289 -5.362936719463546 10
    endloop
  endfacet
  facet normal 0 0 1
    outer loop
      vertex 4.030508652763321 -5.939696961966999 10
      vertex 6.913856358287289 -5.362936719463546 10
      vertex 5.939696961966999 -4.030508652763321 10
    endloop
  endfacet
  facet normal 0 0 -1
    outer loop
      vertex 6.378475489937352 -5.989787176876025 7.3
      vertex 5.939696961966999 -4.030508652763321 7.3
      vertex 6.5634718592665235 -5.786478821581951 7.3
    endloop
  endfacet
  facet normal 0 0 -1
    outer loop
      vertex 6.5634718592665235 -5.786478821581951 7.3
      vertex 5.939696961966999 -4.030508652763321 7.3
      vertex 6.741990874288154 -5.577459910301037 7.3
    endloop
  endfacet
  facet normal 0 0 -1
    outer loop
      vertex 6.741990874288154 -5.577459910301037 7.3
      vertex 5.939696961966999 -4.030508652763321 7.3
      vertex 6.913856358287289 -5.362936719463546 7.3
    endloop
  endfacet
  facet normal -0.7071067811865475 0.7071067811865475 7.486682377415259e-18
    outer loop
      vertex 4.030508652763321 -5.939696961966999 10
      vertex 5.939696961966999 -4.030508652763321 10
      vertex 5.939696961966999 -4.030508652763321 7.3
    endloop
  endfacet
  facet normal 0 0 -1
    outer loop
      vertex 6.913856358287289 -5.362936719463546 7.3
      vertex 5.939696961966999 -4.030508652763321 7.3
      vertex 7.06749610219769 -5.1583077929940115 7.3
    endloop
  endfacet
  facet normal 0.7071067811865476 0.7071067811865476 0
    outer loop
      vertex 7.06749610219769 -5.1583077929940115 7.3
      vertex 5.939696961966999 -4.030508652763321 7.3
      vertex 7.06749610219769 -5.1583077929940115 10
    endloop
  endfacet
  facet normal 0.7071067811865476 0.7071067811865476 4.7198911535414834e-18
    outer loop
      vertex 7.06749610219769 -5.1583077929940115 10
      vertex 5.939696961966999 -4.030508652763321 7.3
      vertex 5.939696961966999 -4.030508652763321 10
    endloop
  endfacet
  facet normal 0 0 1
    outer loop
      vertex 6.913856358287289 -5.362936719463546 10
      vertex 7.06749610219769 -5.1583077929940115 10
      vertex 5.939696961966999 -4.030508652763321 10
    endloop
  endfacet
  facet normal -0.7071067811865475 -0.7071067811865475 -7.486682377415259e-18
    outer loop
      vertex 5.939696961966999 4.030508652763321 -7.3
      vertex 4.030508652763321 5.939696961966999 -7.3
      vertex 4.030508652763321 5.939696961966999 -10
    endloop
  endfacet
  facet normal 0 0 -1
    outer loop
      vertex 5.362936719463543 6.913856358287291 -10
      vertex 4.030508652763321 5.939696961966999 -10
      vertex 5.1583077929940115 7.06749610219769 -10
    endloop
  endfacet
  facet normal -0.7071067811865476 0.7071067811865476 0
    outer loop
      vertex 5.1583077929940115 7.06749610219769 -7.3
      vertex 5.1583077929940115 7.06749610219769 -10
      vertex 4.030508652763321 5.939696961966999 -10
    endloop
  endfacet
  facet normal -0.7071067811865476 0.7071067811865476 -4.7198911535414834e-18
    outer loop
      vertex 5.1583077929940115 7.06749610219769 -7.3
      vertex 4.030508652763321 5.939696961966999 -10
      vertex 4.030508652763321 5.939696961966999 -7.3
    endloop
  endfacet
  facet normal 0 0 1
    outer loop
      vertex 5.362936719463543 6.913856358287291 -7.3
      vertex 5.1583077929940115 7.06749610219769 -7.3
      vertex 4.030508652763321 5.939696961966999 -7.3
    endloop
  endfacet
  facet normal -0.7071067811865475 -0.7071067811865475 0
    outer loop
      vertex 5.939696961966999 4.030508652763321 -7.3
      vertex 4.030508652763321 5.939696961966999 -10
      vertex 5.939696961966999 4.030508652763321 -10
    endloop
  endfacet
  facet normal 0.7071067811865476 -0.7071067811865476 0
    outer loop
      vertex 5.939696961966999 4.030508652763321 -7.3
      vertex 5.939696961966999 4.030508652763321 -10
      vertex 7.06749610219769 5.1583077929940115 -10
    endloop
  endfacet
  facet normal 0 0 -1
    outer loop
      vertex 5.939696961966999 4.030508652763321 -10
      vertex 6.913856358287289 5.362936719463546 -10
      vertex 7.06749610219769 5.1583077929940115 -10
    endloop
  endfacet
  facet normal 0.7071067811865476 -0.7071067811865476 -4.7198911535414834e-18
    outer loop
      vertex 5.939696961966999 4.030508652763321 -7.3
      vertex 7.06749610219769 5.1583077929940115 -10
      vertex 7.06749610219769 5.1583077929940115 -7.3
    endloop
  endfacet
  facet normal 0 0 1
    outer loop
      vertex 5.939696961966999 4.030508652763321 -7.3
      vertex 7.06749610219769 5.1583077929940115 -7.3
      vertex 6.913856358287289 5.362936719463546 -7.3
    endloop
  endfacet
  facet normal 0 0 -1
    outer loop
      vertex 6.187184335382291 6.187184335382291 -10
      vertex 4.030508652763321 5.939696961966999 -10
      vertex 5.989787176876025 6.378475489937352 -10
    endloop
  endfacet
  facet normal 0 0 -1
    outer loop
      vertex 6.378475489937352 5.989787176876025 -10
      vertex 4.030508652763321 5.939696961966999 -10
      vertex 6.187184335382291 6.187184335382291 -10
    endloop
  endfacet
  facet normal 0 0 -1
    outer loop
      vertex 5.939696961966999 4.030508652763321 -10
      vertex 4.030508652763321 5.939696961966999 -10
      vertex 6.913856358287289 5.362936719463546 -10
    endloop
  endfacet
  facet normal 0 0 -1
    outer loop
      vertex 6.563471859266521 5.786478821581954 -10
      vertex 4.030508652763321 5.939696961966999 -10
      vertex 6.378475489937352 5.989787176876025 -10
    endloop
  endfacet
  facet normal 0 0 -1
    outer loop
      vertex 6.913856358287289 5.362936719463546 -10
      vertex 4.030508652763321 5.939696961966999 -10
      vertex 6.741990874288157 5.577459910301035 -10
    endloop
  endfacet
  facet normal 0 0 -1
    outer loop
      vertex 6.741990874288157 5.577459910301035 -10
      vertex 4.030508652763321 5.939696961966999 -10
      vertex 6.563471859266521 5.786478821581954 -10
    endloop
  endfacet
  facet normal 0 0 1
    outer loop
      vertex 5.939696961966999 4.030508652763321 -7.3
      vertex 5.362936719463543 6.913856358287291 -7.3
      vertex 4.030508652763321 5.939696961966999 -7.3
    endloop
  endfacet
  facet normal 0 0 1
    outer loop
      vertex 5.939696961966999 4.030508652763321 -7.3
      vertex 6.187184335382291 6.187184335382291 -7.3
      vertex 5.989787176876025 6.378475489937352 -7.3
    endloop
  endfacet
  facet normal 0 0 1
    outer loop
      vertex 5.939696961966999 4.030508652763321 -7.3
      vertex 6.378475489937352 5.989787176876025 -7.3
      vertex 6.187184335382291 6.187184335382291 -7.3
    endloop
  endfacet
  facet normal 0 0 1
    outer loop
      vertex 5.939696961966999 4.030508652763321 -7.3
      vertex 5.577459910301035 6.741990874288157 -7.3
      vertex 5.362936719463543 6.913856358287291 -7.3
    endloop
  endfacet
  facet normal 0 0 1
    outer loop
      vertex 5.939696961966999 4.030508652763321 -7.3
      vertex 5.989787176876025 6.378475489937352 -7.3
      vertex 5.786478821581954 6.563471859266521 -7.3
    endloop
  endfacet
  facet normal 0 0 1
    outer loop
      vertex 5.939696961966999 4.030508652763321 -7.3
      vertex 5.786478821581954 6.563471859266521 -7.3
      vertex 5.577459910301035 6.741990874288157 -7.3
    endloop
  endfacet
  facet normal 0 0 -1
    outer loop
      vertex 5.989787176876025 6.378475489937352 -10
      vertex 4.030508652763321 5.939696961966999 -10
      vertex 5.786478821581954 6.563471859266521 -10
    endloop
  endfacet
  facet normal 0 0 -1
    outer loop
      vertex 5.786478821581954 6.563471859266521 -10
      vertex 4.030508652763321 5.939696961966999 -10
      vertex 5.577459910301035 6.741990874288157 -10
    endloop
  endfacet
  facet normal 0 0 -1
    outer loop
      vertex 5.577459910301035 6.741990874288157 -10
      vertex 4.030508652763321 5.939696961966999 -10
      vertex 5.362936719463543 6.913856358287291 -10
    endloop
  endfacet
  facet normal 0 0 1
    outer loop
      vertex 5.939696961966999 4.030508652763321 -7.3
      vertex 6.563471859266521 5.786478821581954 -7.3
      vertex 6.378475489937352 5.989787176876025 -7.3
    endloop
  endfacet
  facet normal 0 0 1
    outer loop
      vertex 5.939696961966999 4.030508652763321 -7.3
      vertex 6.741990874288157 5.577459910301035 -7.3
      vertex 6.563471859266521 5.786478821581954 -7.3
    endloop
  endfacet
  facet normal 0 0 1
    outer loop
      vertex 5.939696961966999 4.030508652763321 -7.3
      vertex 6.913856358287289 5.362936719463546 -7.3
      vertex 6.741990874288157 5.577459910301035 -7.3
    endloop
  endfacet
  facet normal 0 0 -1
    outer loop
      vertex -5.939696961966999 4.030508652763321 7.3
      vertex -7.06749610219769 5.1583077929940115 7.3
      vertex -6.913856358287289 5.362936719463546 7.3
    endloop
  endfacet
  facet normal -0.7071067811865476 -0.7071067811865476 4.7198911535414834e-18
    outer loop
      vertex -5.939696961966999 4.030508652763321 7.3
      vertex -7.06749610219769 5.1583077929940115 10
      vertex -7.06749610219769 5.1583077929940115 7.3
    endloop
  endfacet
  facet normal 0 0 1
    outer loop
      vertex -5.939696961966999 4.030508652763321 10
      vertex -6.913856358287289 5.362936719463546 10
      vertex -7.06749610219769 5.1583077929940115 10
    endloop
  endfacet
  facet normal -0.7071067811865476 -0.7071067811865476 0
    outer loop
      vertex -5.939696961966999 4.030508652763321 7.3
      vertex -5.939696961966999 4.030508652763321 10
      vertex -7.06749610219769 5.1583077929940115 10
    endloop
  endfacet
  facet normal 0.7071067811865475 -0.7071067811865475 0
    outer loop
      vertex -5.939696961966999 4.030508652763321 7.3
      vertex -4.030508652763321 5.939696961966999 10
      vertex -5.939696961966999 4.030508652763321 10
    endloop
  endfacet
  facet normal 0 0 -1
    outer loop
      vertex -5.939696961966999 4.030508652763321 7.3
      vertex -6.913856358287289 5.362936719463546 7.3
      vertex -6.741990874288157 5.577459910301035 7.3
    endloop
  endfacet
  facet normal 0 0 -1
    outer loop
      vertex -5.939696961966999 4.030508652763321 7.3
      vertex -6.741990874288157 5.577459910301035 7.3
      vertex -6.563471859266521 5.786478821581954 7.3
    endloop
  endfacet
  facet normal 0 0 -1
    outer loop
      vertex -5.939696961966999 4.030508652763321 7.3
      vertex -6.563471859266521 5.786478821581954 7.3
      vertex -6.378475489937352 5.989787176876025 7.3
    endloop
  endfacet
  facet normal 0 0 -1
    outer loop
      vertex -5.939696961966999 4.030508652763321 7.3
      vertex -6.378475489937352 5.989787176876025 7.3
      vertex -6.187184335382291 6.187184335382291 7.3
    endloop
  endfacet
  facet normal 0 0 -1
    outer loop
      vertex -5.939696961966999 4.030508652763321 7.3
      vertex -6.187184335382291 6.187184335382291 7.3
      vertex -5.989787176876025 6.378475489937352 7.3
    endloop
  endfacet
  facet normal 0 0 -1
    outer loop
      vertex -5.939696961966999 4.030508652763321 7.3
      vertex -5.989787176876025 6.378475489937352 7.3
      vertex -5.786478821581954 6.563471859266521 7.3
    endloop
  endfacet
  facet normal 0 0 -1
    outer loop
      vertex -5.939696961966999 4.030508652763321 7.3
      vertex -5.786478821581954 6.563471859266521 7.3
      vertex -5.577459910301035 6.741990874288157 7.3
    endloop
  endfacet
  facet normal 0 0 -1
    outer loop
      vertex -5.939696961966999 4.030508652763321 7.3
      vertex -5.577459910301035 6.741990874288157 7.3
      vertex -5.362936719463543 6.913856358287291 7.3
    endloop
  endfacet
  facet normal 0 0 -1
    outer loop
      vertex -5.939696961966999 4.030508652763321 7.3
      vertex -5.362936719463543 6.913856358287291 7.3
      vertex -4.030508652763321 5.939696961966999 7.3
    endloop
  endfacet
  facet normal 0 0 1
    outer loop
      vertex -5.939696961966999 4.030508652763321 10
      vertex -4.030508652763321 5.939696961966999 10
      vertex -6.913856358287289 5.362936719463546 10
    endloop
  endfacet
  facet normal 0 0 1
    outer loop
      vertex -6.913856358287289 5.362936719463546 10
      vertex -4.030508652763321 5.939696961966999 10
      vertex -6.741990874288157 5.577459910301035 10
    endloop
  endfacet
  facet normal 0 0 1
    outer loop
      vertex -6.741990874288157 5.577459910301035 10
      vertex -4.030508652763321 5.939696961966999 10
      vertex -6.563471859266521 5.786478821581954 10
    endloop
  endfacet
  facet normal 0 0 1
    outer loop
      vertex -6.563471859266521 5.786478821581954 10
      vertex -4.030508652763321 5.939696961966999 10
      vertex -6.378475489937352 5.989787176876025 10
    endloop
  endfacet
  facet normal 0 0 1
    outer loop
      vertex -6.378475489937352 5.989787176876025 10
      vertex -4.030508652763321 5.939696961966999 10
      vertex -6.187184335382291 6.187184335382291 10
    endloop
  endfacet
  facet normal 0 0 1
    outer loop
      vertex -6.187184335382291 6.187184335382291 10
      vertex -4.030508652763321 5.939696961966999 10
      vertex -5.989787176876025 6.378475489937352 10
    endloop
  endfacet
  facet normal 0 0 1
    outer loop
      vertex -5.989787176876025 6.378475489937352 10
      vertex -4.030508652763321 5.939696961966999 10
      vertex -5.786478821581954 6.563471859266521 10
    endloop
  endfacet
  facet normal 0 0 1
    outer loop
      vertex -5.786478821581954 6.563471859266521 10
      vertex -4.030508652763321 5.939696961966999 10
      vertex -5.577459910301035 6.741990874288157 10
    endloop
  endfacet
  facet normal 0 0 1
    outer loop
      vertex -5.577459910301035 6.741990874288157 10
      vertex -4.030508652763321 5.939696961966999 10
      vertex -5.362936719463543 6.913856358287291 10
    endloop
  endfacet
  facet normal 0.7071067811865475 -0.7071067811865475 7.486682377415259e-18
    outer loop
      vertex -5.939696961966999 4.030508652763321 7.3
      vertex -4.030508652763321 5.939696961966999 7.3
      vertex -4.030508652763321 5.939696961966999 10
    endloop
  endfacet
  facet normal 0 0 -1
    outer loop
      vertex -5.362936719463543 6.913856358287291 7.3
      vertex -5.1583077929940115 7.06749610219769 7.3
      vertex -4.030508652763321 5.939696961966999 7.3
    endloop
  endfacet
  facet normal 0.7071067811865476 0.7071067811865476 4.7198911535414834e-18
    outer loop
      vertex -5.1583077929940115 7.06749610219769 7.3
      vertex -4.030508652763321 5.939696961966999 10
      vertex -4.030508652763321 5.939696961966999 7.3
    endloop
  endfacet
  facet normal 0.7071067811865476 0.7071067811865476 0
    outer loop
      vertex -5.1583077929940115 7.06749610219769 7.3
      vertex -5.1583077929940115 7.06749610219769 10
      vertex -4.030508652763321 5.939696961966999 10
    endloop
  endfacet
  facet normal 0 0 1
    outer loop
      vertex -5.362936719463543 6.913856358287291 10
      vertex -4.030508652763321 5.939696961966999 10
      vertex -5.1583077929940115 7.06749610219769 10
    endloop
  endfacet
  facet normal 0 0 -1
    outer loop
      vertex -7.6666067656191 -6.342368697999465 -23
      vertex -7.862042373138117 -6.098425183847118 -23
      vertex -7.5314927362845046 -4.454112387815752 -23
    endloop
  endfacet
  facet normal 0 0 -1
    outer loop
      vertex -7.4636051428230745 -6.580053059970332 -23
      vertex -7.6666067656191 -6.342368697999465 -23
      vertex -7.387869348142634 -4.688484456066217 -23
    endloop
  endfacet
  facet normal 0 0 -1
    outer loop
      vertex -7.862042373138117 -6.098425183847118 -23
      vertex -8.049719094030726 -5.848463260310107 -23
      vertex -7.796307086648219 -3.9724168727210345 -23
    endloop
  endfacet
  facet normal 0 0 -1
    outer loop
      vertex -7.6666067656191 -6.342368697999465 -23
      vertex -7.5314927362845046 -4.454112387815752 -23
      vertex -7.387869348142634 -4.688484456066217 -23
    endloop
  endfacet
  facet normal -0.7604059656000297 -0.6494480483301851 -1.7456467131232887e-17
    outer loop
      vertex -7.4636051428230745 -6.580053059970332 -23
      vertex -7.666606765619104 -6.342368697999461 0
      vertex -7.6666067656191 -6.342368697999465 -23
    endloop
  endfacet
  facet normal -0.8181497174250227 -0.5750052520432796 3.157150193098477e-20
    outer loop
      vertex -8.049719094030726 -5.848463260310107 -23
      vertex -8.22945171403189 -5.592729609628698 0
      vertex -8.22945171403189 -5.592729609628698 -23
    endloop
  endfacet
  facet normal -0.8526401643540921 -0.5224985647159489 9.51946410774398e-18
    outer loop
      vertex -8.401062858745052 -5.331476610041012 -23
      vertex -8.56438316868924 -5.064962086716191 0
      vertex -8.564383168689236 -5.064962086716197 -23
    endloop
  endfacet
  facet normal -0.8358073613682717 -0.5490228179981297 2.3097093531772642e-17
    outer loop
      vertex -8.401062858745048 -5.331476610041016 0
      vertex -8.401062858745052 -5.331476610041012 -23
      vertex -8.22945171403189 -5.592729609628698 -23
    endloop
  endfacet
  facet normal -0.7996846584870902 -0.6004202253258846 -3.1299278420579416e-19
    outer loop
      vertex -7.862042373138117 -6.098425183847118 -23
      vertex -8.049719094030726 -5.848463260310107 0
      vertex -8.049719094030726 -5.848463260310107 -23
    endloop
  endfacet
  facet normal -0.7804304073383307 -0.6252426563357041 2.653182781399185e-19
    outer loop
      vertex -7.6666067656191 -6.342368697999465 -23
      vertex -7.862042373138117 -6.098425183847118 0
      vertex -7.862042373138117 -6.098425183847118 -23
    endloop
  endfacet
  facet normal 0 0 -1
    outer loop
      vertex -5.848463260310107 -8.049719094030726 -23
      vertex -6.098425183847118 -7.862042373138117 -23
      vertex -5.786478821581951 -6.5634718592665235 -23
    endloop
  endfacet
  facet normal 0 0 -1
    outer loop
      vertex -5.592729609628698 -8.22945171403189 -23
      vertex -5.848463260310107 -8.049719094030726 -23
      vertex -5.577459910301037 -6.741990874288154 -23
    endloop
  endfacet
  facet normal 0 0 -1
    outer loop
      vertex -5.331476610041012 -8.401062858745052 -23
      vertex -5.592729609628698 -8.22945171403189 -23
      vertex -5.14312095755914 -7.07889870078079 -23
    endloop
  endfacet
  facet normal 0 0 -1
    outer loop
      vertex -4.918229556206142 -7.236955024902417 -23
      vertex -5.064962086716197 -8.564383168689236 -23
      vertex -5.331476610041012 -8.401062858745052 -23
    endloop
  endfacet
  facet normal 0 0 -1
    outer loop
      vertex -4.918229556206142 -7.236955024902417 -23
      vertex -5.331476610041012 -8.401062858745052 -23
      vertex -5.14312095755914 -7.07889870078079 -23
    endloop
  endfacet
  facet normal -0.6494480483301851 -0.7604059656000297 -1.7139204802425698e-17
    outer loop
      vertex -6.342368697999465 -7.6666067656191 -23
      vertex -6.342368697999461 -7.666606765619104 0
      vertex -6.580053059970332 -7.4636051428230745 -23
    endloop
  endfacet
  facet normal -0.5750052520432796 -0.8181497174250227 0
    outer loop
      vertex -5.592729609628698 -8.22945171403189 -23
      vertex -5.592729609628698 -8.22945171403189 0
      vertex -5.848463260310107 -8.049719094030726 -23
    endloop
  endfacet
  facet normal -0.6252426563357041 -0.7804304073383307 0
    outer loop
      vertex -6.098425183847118 -7.862042373138117 -23
      vertex -6.098425183847118 -7.862042373138117 0
      vertex -6.342368697999465 -7.6666067656191 -23
    endloop
  endfacet
  facet normal -0.6004202253258846 -0.7996846584870902 0
    outer loop
      vertex -5.848463260310107 -8.049719094030726 -23
      vertex -5.848463260310107 -8.049719094030726 0
      vertex -6.098425183847118 -7.862042373138117 -23
    endloop
  endfacet
  facet normal -0.5490228179981297 -0.8358073613682717 2.3097093531772642e-17
    outer loop
      vertex -5.331476610041012 -8.401062858745052 -23
      vertex -5.331476610041016 -8.401062858745048 0
      vertex -5.592729609628698 -8.22945171403189 -23
    endloop
  endfacet
  facet normal -0.5224985647159489 -0.8526401643540921 -3.0818549020457156e-17
    outer loop
      vertex -5.064962086716197 -8.564383168689236 -23
      vertex -5.064962086716193 -8.56438316868924 0
      vertex -5.331476610041012 -8.401062858745052 -23
    endloop
  endfacet
  facet normal 0 0 -1
    outer loop
      vertex -6.81124370399045 -7.2532378428430455 -23
      vertex -7.035712472806148 -7.035712472806148 -23
      vertex -6.741990874288154 -5.577459910301037 -23
    endloop
  endfacet
  facet normal 0 0 -1
    outer loop
      vertex -7.035712472806148 -7.035712472806148 -23
      vertex -7.2532378428430455 -6.81124370399045 -23
      vertex -6.913856358287289 -5.362936719463546 -23
    endloop
  endfacet
  facet normal 0 0 -1
    outer loop
      vertex -6.342368697999465 -7.6666067656191 -23
      vertex -6.580053059970332 -7.4636051428230745 -23
      vertex -6.187184335382291 -6.187184335382291 -23
    endloop
  endfacet
  facet normal 0 0 -1
    outer loop
      vertex -6.580053059970332 -7.4636051428230745 -23
      vertex -6.81124370399045 -7.2532378428430455 -23
      vertex -6.5634718592665235 -5.786478821581951 -23
    endloop
  endfacet
  facet normal 0 0 -1
    outer loop
      vertex -6.580053059970332 -7.4636051428230745 -23
      vertex -6.378475489937352 -5.989787176876025 -23
      vertex -6.187184335382291 -6.187184335382291 -23
    endloop
  endfacet
  facet normal 0 0 -1
    outer loop
      vertex -6.580053059970332 -7.4636051428230745 -23
      vertex -6.5634718592665235 -5.786478821581951 -23
      vertex -6.378475489937352 -5.989787176876025 -23
    endloop
  endfacet
  facet normal 0 0 -1
    outer loop
      vertex -7.2532378428430455 -6.81124370399045 -23
      vertex -7.4636051428230745 -6.580053059970332 -23
      vertex -7.236955024902417 -4.918229556206142 -23
    endloop
  endfacet
  facet normal 0 0 -1
    outer loop
      vertex -7.2532378428430455 -6.81124370399045 -23
      vertex -7.236955024902417 -4.918229556206142 -23
      vertex -7.07889870078079 -5.14312095755914 -23
    endloop
  endfacet
  facet normal 0 0 -1
    outer loop
      vertex -7.035712472806148 -7.035712472806148 -23
      vertex -6.913856358287289 -5.362936719463546 -23
      vertex -6.741990874288154 -5.577459910301037 -23
    endloop
  endfacet
  facet normal 0 0 -1
    outer loop
      vertex -7.2532378428430455 -6.81124370399045 -23
      vertex -7.07889870078079 -5.14312095755914 -23
      vertex -6.913856358287289 -5.362936719463546 -23
    endloop
  endfacet
  facet normal 0 0 -1
    outer loop
      vertex -7.4636051428230745 -6.580053059970332 -23
      vertex -7.387869348142634 -4.688484456066217 -23
      vertex -7.236955024902417 -4.918229556206142 -23
    endloop
  endfacet
  facet normal 0 0 -1
    outer loop
      vertex -6.81124370399045 -7.2532378428430455 -23
      vertex -6.741990874288154 -5.577459910301037 -23
      vertex -6.5634718592665235 -5.786478821581951 -23
    endloop
  endfacet
  facet normal 0 0 -1
    outer loop
      vertex -6.098425183847118 -7.862042373138117 -23
      vertex -6.342368697999465 -7.6666067656191 -23
      vertex -5.989787176876025 -6.378475489937352 -23
    endloop
  endfacet
  facet normal 0 0 -1
    outer loop
      vertex -6.098425183847118 -7.862042373138117 -23
      vertex -5.989787176876025 -6.378475489937352 -23
      vertex -5.786478821581951 -6.5634718592665235 -23
    endloop
  endfacet
  facet normal 0 0 -1
    outer loop
      vertex -5.848463260310107 -8.049719094030726 -23
      vertex -5.786478821581951 -6.5634718592665235 -23
      vertex -5.577459910301037 -6.741990874288154 -23
    endloop
  endfacet
  facet normal 0 0 -1
    outer loop
      vertex -6.342368697999465 -7.6666067656191 -23
      vertex -6.187184335382291 -6.187184335382291 -23
      vertex -5.989787176876025 -6.378475489937352 -23
    endloop
  endfacet
  facet normal 0 0 -1
    outer loop
      vertex -5.592729609628698 -8.22945171403189 -23
      vertex -5.577459910301037 -6.741990874288154 -23
      vertex -5.362936719463546 -6.913856358287289 -23
    endloop
  endfacet
  facet normal 0 0 -1
    outer loop
      vertex -5.592729609628698 -8.22945171403189 -23
      vertex -5.362936719463546 -6.913856358287289 -23
      vertex -5.14312095755914 -7.07889870078079 -23
    endloop
  endfacet
  facet normal -0.718126297763192 -0.6959127965923112 -4.74968757420587e-19
    outer loop
      vertex -7.035712472806148 -7.035712472806148 -23
      vertex -7.2532378428430455 -6.81124370399045 0
      vertex -7.2532378428430455 -6.81124370399045 -23
    endloop
  endfacet
  facet normal -0.6959127965923112 -0.718126297763192 0
    outer loop
      vertex -6.81124370399045 -7.2532378428430455 -23
      vertex -6.81124370399045 -7.2532378428430455 0
      vertex -7.035712472806148 -7.035712472806148 -23
    endloop
  endfacet
  facet normal -0.7396310949786103 -0.6730125135097726 -1.5695368800837297e-17
    outer loop
      vertex -7.2532378428430455 -6.81124370399045 -23
      vertex -7.463605142823071 -6.580053059970337 0
      vertex -7.4636051428230745 -6.580053059970332 -23
    endloop
  endfacet
  facet normal -0.6730125135097726 -0.7396310949786103 1.2862866611229626e-17
    outer loop
      vertex -6.580053059970332 -7.4636051428230745 -23
      vertex -6.580053059970337 -7.46360514282307 0
      vertex -6.81124370399045 -7.2532378428430455 -23
    endloop
  endfacet
  facet normal -0.7804304073383317 -0.6252426563357026 -2.3971201989970718e-17
    outer loop
      vertex -7.6666067656191 -6.342368697999465 -23
      vertex -7.666606765619104 -6.342368697999461 0
      vertex -7.862042373138117 -6.098425183847118 0
    endloop
  endfacet
  facet normal -0.7604059656000293 -0.6494480483301857 -7.940175251628137e-18
    outer loop
      vertex -7.4636051428230745 -6.580053059970332 -23
      vertex -7.463605142823071 -6.580053059970337 0
      vertex -7.666606765619104 -6.342368697999461 0
    endloop
  endfacet
  facet normal -0.8181497174250227 -0.5750052520432796 0
    outer loop
      vertex -8.049719094030726 -5.848463260310107 -23
      vertex -8.049719094030726 -5.848463260310107 0
      vertex -8.22945171403189 -5.592729609628698 0
    endloop
  endfacet
  facet normal -0.8526401643540914 -0.5224985647159504 3.0818549020456774e-17
    outer loop
      vertex -8.401062858745048 -5.331476610041016 0
      vertex -8.56438316868924 -5.064962086716191 0
      vertex -8.401062858745052 -5.331476610041012 -23
    endloop
  endfacet
  facet normal -0.8358073613682726 -0.5490228179981282 -3.1325339825156144e-19
    outer loop
      vertex -8.401062858745048 -5.331476610041016 0
      vertex -8.22945171403189 -5.592729609628698 -23
      vertex -8.22945171403189 -5.592729609628698 0
    endloop
  endfacet
  facet normal -0.7996846584870902 -0.6004202253258846 0
    outer loop
      vertex -7.862042373138117 -6.098425183847118 -23
      vertex -7.862042373138117 -6.098425183847118 0
      vertex -8.049719094030726 -5.848463260310107 0
    endloop
  endfacet
  facet normal -0.6494480483301872 -0.7604059656000278 2.1424006003031352e-17
    outer loop
      vertex -6.580053059970332 -7.4636051428230745 -23
      vertex -6.342368697999461 -7.666606765619104 0
      vertex -6.580053059970337 -7.46360514282307 0
    endloop
  endfacet
  facet normal -0.6252426563357026 -0.7804304073383317 -2.3971201989970718e-17
    outer loop
      vertex -6.342368697999465 -7.6666067656191 -23
      vertex -6.098425183847118 -7.862042373138117 0
      vertex -6.342368697999461 -7.666606765619104 0
    endloop
  endfacet
  facet normal -0.5750052520432796 -0.8181497174250227 0
    outer loop
      vertex -5.848463260310107 -8.049719094030726 -23
      vertex -5.592729609628698 -8.22945171403189 0
      vertex -5.848463260310107 -8.049719094030726 0
    endloop
  endfacet
  facet normal -0.6004202253258846 -0.7996846584870902 0
    outer loop
      vertex -6.098425183847118 -7.862042373138117 -23
      vertex -5.848463260310107 -8.049719094030726 0
      vertex -6.098425183847118 -7.862042373138117 0
    endloop
  endfacet
  facet normal -0.5490228179981282 -0.8358073613682726 0
    outer loop
      vertex -5.592729609628698 -8.22945171403189 -23
      vertex -5.331476610041016 -8.401062858745048 0
      vertex -5.592729609628698 -8.22945171403189 0
    endloop
  endfacet
  facet normal -0.5224985647159528 -0.8526401643540897 3.081854902045604e-17
    outer loop
      vertex -5.331476610041012 -8.401062858745052 -23
      vertex -5.064962086716193 -8.56438316868924 0
      vertex -5.331476610041016 -8.401062858745048 0
    endloop
  endfacet
  facet normal -0.718126297763192 -0.6959127965923112 0
    outer loop
      vertex -7.035712472806148 -7.035712472806148 -23
      vertex -7.035712472806148 -7.035712472806148 0
      vertex -7.2532378428430455 -6.81124370399045 0
    endloop
  endfacet
  facet normal -0.6959127965923112 -0.718126297763192 0
    outer loop
      vertex -7.035712472806148 -7.035712472806148 -23
      vertex -6.81124370399045 -7.2532378428430455 0
      vertex -7.035712472806148 -7.035712472806148 0
    endloop
  endfacet
  facet normal -0.7396310949786096 -0.6730125135097735 0
    outer loop
      vertex -7.2532378428430455 -6.81124370399045 -23
      vertex -7.2532378428430455 -6.81124370399045 0
      vertex -7.463605142823071 -6.580053059970337 0
    endloop
  endfacet
  facet normal -0.673012513509772 -0.7396310949786109 0
    outer loop
      vertex -6.81124370399045 -7.2532378428430455 -23
      vertex -6.580053059970337 -7.46360514282307 0
      vertex -6.81124370399045 -7.2532378428430455 0
    endloop
  endfacet
  facet normal 0 0 -1
    outer loop
      vertex -8.719251466436441 -4.793449057312068 -23
      vertex -8.86551491567426 -4.517205472408491 -23
      vertex -8.71116719027695 -0.8234477415369968 -23
    endloop
  endfacet
  facet normal 0 0 -1
    outer loop
      vertex -8.401062858745052 -5.331476610041012 -23
      vertex -8.564383168689236 -5.064962086716197 -23
      vertex -8.321744517582593 -2.7038987007807895 -23
    endloop
  endfacet
  facet normal 0 0 -1
    outer loop
      vertex -8.22945171403189 -5.592729609628698 -23
      vertex -8.401062858745052 -5.331476610041012 -23
      vertex -8.135544251522198 -3.2210898359909357 -23
    endloop
  endfacet
  facet normal 0 0 -1
    outer loop
      vertex -8.049719094030726 -5.848463260310107 -23
      vertex -8.22945171403189 -5.592729609628698 -23
      vertex -8.030352974734836 -3.4750440430543277 -23
    endloop
  endfacet
  facet normal 0 0 -1
    outer loop
      vertex -8.564383168689236 -5.064962086716197 -23
      vertex -8.719251466436441 -4.793449057312068 -23
      vertex -8.539271666964039 -1.9087533622197506 -23
    endloop
  endfacet
  facet normal 0 0 -1
    outer loop
      vertex -8.22945171403189 -5.592729609628698 -23
      vertex -8.135544251522198 -3.2210898359909357 -23
      vertex -8.030352974734836 -3.4750440430543277 -23
    endloop
  endfacet
  facet normal 0 0 -1
    outer loop
      vertex -8.401062858745052 -5.331476610041012 -23
      vertex -8.232706728349473 -2.9639568021463014 -23
      vertex -8.135544251522198 -3.2210898359909357 -23
    endloop
  endfacet
  facet normal 0 0 -1
    outer loop
      vertex -7.862042373138117 -6.098425183847118 -23
      vertex -7.796307086648219 -3.9724168727210345 -23
      vertex -7.667683450383805 -4.215344648390009 -23
    endloop
  endfacet
  facet normal 0 0 -1
    outer loop
      vertex -8.049719094030726 -5.848463260310107 -23
      vertex -7.917236709077671 -3.7255688011943837 -23
      vertex -7.796307086648219 -3.9724168727210345 -23
    endloop
  endfacet
  facet normal 0 0 -1
    outer loop
      vertex -7.862042373138117 -6.098425183847118 -23
      vertex -7.667683450383805 -4.215344648390009 -23
      vertex -7.5314927362845046 -4.454112387815752 -23
    endloop
  endfacet
  facet normal 0 0 -1
    outer loop
      vertex -8.049719094030726 -5.848463260310107 -23
      vertex -8.030352974734836 -3.4750440430543277 -23
      vertex -7.917236709077671 -3.7255688011943837 -23
    endloop
  endfacet
  facet normal 0 0 -1
    outer loop
      vertex -8.564383168689236 -5.064962086716197 -23
      vertex -8.402569749673253 -2.4411721778432542 -23
      vertex -8.321744517582593 -2.7038987007807895 -23
    endloop
  endfacet
  facet normal 0 0 -1
    outer loop
      vertex -8.564383168689236 -5.064962086716197 -23
      vertex -8.475102659875523 -2.1760365126924763 -23
      vertex -8.402569749673253 -2.4411721778432542 -23
    endloop
  endfacet
  facet normal 0 0 -1
    outer loop
      vertex -8.401062858745052 -5.331476610041012 -23
      vertex -8.321744517582593 -2.7038987007807895 -23
      vertex -8.232706728349473 -2.9639568021463014 -23
    endloop
  endfacet
  facet normal 0 0 -1
    outer loop
      vertex -8.564383168689236 -5.064962086716197 -23
      vertex -8.539271666964039 -1.9087533622197506 -23
      vertex -8.475102659875523 -2.1760365126924763 -23
    endloop
  endfacet
  facet normal 0 0 -1
    outer loop
      vertex -8.719251466436441 -4.793449057312068 -23
      vertex -8.595013443876026 -1.6395865026250922 -23
      vertex -8.539271666964039 -1.9087533622197506 -23
    endloop
  endfacet
  facet normal 0 0 -1
    outer loop
      vertex -8.719251466436441 -4.793449057312068 -23
      vertex -8.642272980207455 -1.36880156910202 -23
      vertex -8.595013443876026 -1.6395865026250922 -23
    endloop
  endfacet
  facet normal -0.8837656300886935 -0.46792981426057323 3.511117761971943e-20
    outer loop
      vertex -8.719251466436441 -4.793449057312068 -23
      vertex -8.86551491567426 -4.517205472408491 0
      vertex -8.86551491567426 -4.517205472408491 -23
    endloop
  endfacet
  facet normal -0.9114032766354455 -0.4115143586051084 -7.97341987680251e-20
    outer loop
      vertex -9.003029172036895 -4.2365039510724705 -23
      vertex -9.131658525555613 -3.9516215118160636 0
      vertex -9.131658525555613 -3.9516215118160636 -23
    endloop
  endfacet
  facet normal -0.9238795325112876 -0.3826834323650877 -6.148633782396556e-17
    outer loop
      vertex -9.131658525555613 -3.9516215118160636 -23
      vertex -9.251276034588102 -3.6628392992125445 0
      vertex -9.251276034588098 -3.6628392992125494 -23
    endloop
  endfacet
  facet normal -0.8980275757606154 -0.43993916985591563 -2.930747966429725e-19
    outer loop
      vertex -8.86551491567426 -4.517205472408491 -23
      vertex -9.003029172036895 -4.2365039510724705 0
      vertex -9.003029172036895 -4.2365039510724705 -23
    endloop
  endfacet
  facet normal -0.9460853588275481 -0.3239174181981418 9.393406357725274e-20
    outer loop
      vertex -9.361763651094543 -3.3704423064406512 -23
      vertex -9.463012337136776 -3.0747190940307263 0
      vertex -9.463012337136776 -3.0747190940307263 -23
    endloop
  endfacet
  facet normal -0.9557930147983282 -0.2940403252323101 1.8316596569613755e-19
    outer loop
      vertex -9.463012337136776 -3.0747190940307263 -23
      vertex -9.554922172485584 -2.775961505090329 0
      vertex -9.554922172485584 -2.775961505090329 -23
    endloop
  endfacet
  facet normal -0.9645574184577987 -0.2638730499653706 2.8641286910136196e-17
    outer loop
      vertex -9.637402453229878 -2.4744643772903054 0
      vertex -9.63740245322988 -2.4744643772903014 -23
      vertex -9.554922172485584 -2.775961505090329 -23
    endloop
  endfacet
  facet normal -0.9354440308298647 -0.3534748437792638 -4.527331911625384e-19
    outer loop
      vertex -9.251276034588098 -3.6628392992125494 -23
      vertex -9.361763651094543 -3.3704423064406512 0
      vertex -9.361763651094543 -3.3704423064406512 -23
    endloop
  endfacet
  facet normal -0.8686315144381906 -0.49545866843240866 3.52379001532791e-19
    outer loop
      vertex -8.564383168689236 -5.064962086716197 -23
      vertex -8.719251466436441 -4.793449057312068 0
      vertex -8.719251466436441 -4.793449057312068 -23
    endloop
  endfacet
  facet normal 0 0 -1
    outer loop
      vertex -8.86551491567426 -4.517205472408491 -23
      vertex -8.732733873747376 -0.5494170458814954 -23
      vertex -8.71116719027695 -0.8234477415369968 -23
    endloop
  endfacet
  facet normal 0 0 -1
    outer loop
      vertex -9.003029172036895 -4.2365039510724705 -23
      vertex -9.131658525555613 -3.9516215118160636 -23
      vertex -9.003029172036895 4.236503951072472 -23
    endloop
  endfacet
  facet normal 0 0 -1
    outer loop
      vertex -8.86551491567426 -4.517205472408491 -23
      vertex -8.745682403200151 -0.2748441419336243 -23
      vertex -8.732733873747376 -0.5494170458814954 -23
    endloop
  endfacet
  facet normal 0 0 -1
    outer loop
      vertex -8.86551491567426 -4.517205472408491 -23
      vertex -8.75 0 -23
      vertex -8.745682403200151 -0.2748441419336243 -23
    endloop
  endfacet
  facet normal 0 0 -1
    outer loop
      vertex -8.86551491567426 -4.517205472408491 -23
      vertex -9.003029172036895 -4.2365039510724705 -23
      vertex -8.86551491567426 4.517205472408491 -23
    endloop
  endfacet
  facet normal 0 0 -1
    outer loop
      vertex -8.86551491567426 -4.517205472408491 -23
      vertex -8.745682403200151 0.27484414193362255 -23
      vertex -8.75 0 -23
    endloop
  endfacet
  facet normal 0 0 -1
    outer loop
      vertex -9.63740245322988 -2.4744643772903014 -23
      vertex -9.710371781290535 -2.1705252518956017 -23
      vertex -9.637402453229878 2.474464377290305 -23
    endloop
  endfacet
  facet normal 0 0 -1
    outer loop
      vertex -9.361763651094543 -3.3704423064406512 -23
      vertex -9.463012337136776 -3.0747190940307263 -23
      vertex -9.361763651094543 3.3704423064406495 -23
    endloop
  endfacet
  facet normal 0 0 -1
    outer loop
      vertex -9.554922172485584 -2.775961505090329 -23
      vertex -9.63740245322988 -2.4744643772903014 -23
      vertex -9.554922172485583 2.775961505090331 -23
    endloop
  endfacet
  facet normal 0 0 -1
    outer loop
      vertex -9.463012337136776 -3.0747190940307263 -23
      vertex -9.554922172485584 -2.775961505090329 -23
      vertex -9.463012337136776 3.0747190940307263 -23
    endloop
  endfacet
  facet normal 0 0 -1
    outer loop
      vertex -9.871541278079054 -1.2470656739648254 -23
      vertex -9.905841547800645 -0.9363777175192135 -23
      vertex -9.871541278079054 1.2470656739648274 -23
    endloop
  endfacet
  facet normal 0 0 -1
    outer loop
      vertex -9.82749898892162 -1.556522927150297 -23
      vertex -9.871541278079054 -1.2470656739648254 -23
      vertex -9.82749898892162 1.556522927150297 -23
    endloop
  endfacet
  facet normal 0 0 -1
    outer loop
      vertex -9.710371781290535 -2.1705252518956017 -23
      vertex -9.77375814475045 -1.8644440801279618 -23
      vertex -9.710371781290537 2.170525251895598 -23
    endloop
  endfacet
  facet normal 0 0 -1
    outer loop
      vertex -9.77375814475045 -1.8644440801279618 -23
      vertex -9.82749898892162 -1.556522927150297 -23
      vertex -9.773758144750452 1.8644440801279598 -23
    endloop
  endfacet
  facet normal 0 0 -1
    outer loop
      vertex -9.905841547800645 -0.9363777175192135 -23
      vertex -9.9303659478613 -0.6247656693166719 -23
      vertex -9.905841547800645 0.9363777175192175 -23
    endloop
  endfacet
  facet normal 0 0 -1
    outer loop
      vertex -9.9303659478613 -0.6247656693166719 -23
      vertex -9.945090275639028 -0.3125370528273784 -23
      vertex -9.9303659478613 0.624765669316668 -23
    endloop
  endfacet
  facet normal 0 0 -1
    outer loop
      vertex -9.251276034588098 -3.6628392992125494 -23
      vertex -9.361763651094543 -3.3704423064406512 -23
      vertex -9.2512760345881 3.662839299212546 -23
    endloop
  endfacet
  facet normal 0 0 -1
    outer loop
      vertex -9.131658525555613 -3.9516215118160636 -23
      vertex -9.251276034588098 -3.6628392992125494 -23
      vertex -9.131658525555611 3.9516215118160662 -23
    endloop
  endfacet
  facet normal 0 0 -1
    outer loop
      vertex -8.719251466436441 -4.793449057312068 -23
      vertex -8.681003636501682 -1.0966657936876605 -23
      vertex -8.642272980207455 -1.36880156910202 -23
    endloop
  endfacet
  facet normal 0 0 -1
    outer loop
      vertex -8.719251466436441 -4.793449057312068 -23
      vertex -8.71116719027695 -0.8234477415369968 -23
      vertex -8.681003636501682 -1.0966657936876605 -23
    endloop
  endfacet
  facet normal -0.972369920397677 -0.23344536385590364 1.0456867345888714e-17
    outer loop
      vertex -9.63740245322988 -2.4744643772903014 -23
      vertex -9.710371781290537 -2.1705252518955933 0
      vertex -9.710371781290535 -2.1705252518956017 -23
    endloop
  endfacet
  facet normal -0.9792228106217659 -0.20278729535651183 -1.4196191580296957e-19
    outer loop
      vertex -9.710371781290535 -2.1705252518956017 -23
      vertex -9.77375814475045 -1.8644440801279618 0
      vertex -9.77375814475045 -1.8644440801279618 -23
    endloop
  endfacet
  facet normal -0.9851093261547732 -0.17192910027941394 2.1226325054039514e-19
    outer loop
      vertex -9.77375814475045 -1.8644440801279618 -23
      vertex -9.82749898892162 -1.556522927150297 0
      vertex -9.82749898892162 -1.556522927150297 -23
    endloop
  endfacet
  facet normal -0.990023657716558 -0.14090123193757942 -1.415637895724769e-20
    outer loop
      vertex -9.82749898892162 -1.556522927150297 -23
      vertex -9.871541278079054 -1.2470656739648254 0
      vertex -9.871541278079054 -1.2470656739648254 -23
    endloop
  endfacet
  facet normal -0.99396095545518 -0.10973431109104179 -1.1180998946728765e-20
    outer loop
      vertex -9.871541278079054 -1.2470656739648254 -23
      vertex -9.905841547800645 -0.9363777175192135 0
      vertex -9.905841547800645 -0.9363777175192135 -23
    endloop
  endfacet
  facet normal -0.9969173337331277 -0.07845909572784764 1.6285239419295673e-17
    outer loop
      vertex -9.9303659478613 -0.6247656693166671 0
      vertex -9.9303659478613 -0.6247656693166719 -23
      vertex -9.905841547800645 -0.9363777175192135 -23
    endloop
  endfacet
  facet normal -0.9988898749619698 -0.047106450709645115 2.559714020136649e-20
    outer loop
      vertex -9.9303659478613 -0.6247656693166719 -23
      vertex -9.945090275639028 -0.3125370528273784 0
      vertex -9.945090275639028 -0.3125370528273784 -23
    endloop
  endfacet
  facet normal -0.9998766324816607 -0.01570731731181996 -7.803788654199177e-21
    outer loop
      vertex -9.945090275639028 -0.3125370528273784 -23
      vertex -9.95 0 0
      vertex -9.95 0 -23
    endloop
  endfacet
  facet normal -0.8837656300886935 -0.46792981426057323 0
    outer loop
      vertex -8.719251466436441 -4.793449057312068 -23
      vertex -8.719251466436441 -4.793449057312068 0
      vertex -8.86551491567426 -4.517205472408491 0
    endloop
  endfacet
  facet normal -0.8980275757606154 -0.43993916985591563 0
    outer loop
      vertex -8.86551491567426 -4.517205472408491 -23
      vertex -8.86551491567426 -4.517205472408491 0
      vertex -9.003029172036895 -4.2365039510724705 0
    endloop
  endfacet
  facet normal -0.9114032766354455 -0.4115143586051084 0
    outer loop
      vertex -9.003029172036895 -4.2365039510724705 -23
      vertex -9.003029172036895 -4.2365039510724705 0
      vertex -9.131658525555613 -3.9516215118160636 0
    endloop
  endfacet
  facet normal -0.9238795325112859 -0.38268343236509184 0
    outer loop
      vertex -9.131658525555613 -3.9516215118160636 -23
      vertex -9.131658525555613 -3.9516215118160636 0
      vertex -9.251276034588102 -3.6628392992125445 0
    endloop
  endfacet
  facet normal -0.9460853588275481 -0.3239174181981418 0
    outer loop
      vertex -9.361763651094543 -3.3704423064406512 -23
      vertex -9.361763651094543 -3.3704423064406512 0
      vertex -9.463012337136776 -3.0747190940307263 0
    endloop
  endfacet
  facet normal -0.9557930147983282 -0.2940403252323101 0
    outer loop
      vertex -9.463012337136776 -3.0747190940307263 -23
      vertex -9.463012337136776 -3.0747190940307263 0
      vertex -9.554922172485584 -2.775961505090329 0
    endloop
  endfacet
  facet normal -0.9645574184577992 -0.26387304996536853 5.2726787889286996e-20
    outer loop
      vertex -9.637402453229878 -2.4744643772903054 0
      vertex -9.554922172485584 -2.775961505090329 -23
      vertex -9.554922172485584 -2.775961505090329 0
    endloop
  endfacet
  facet normal -0.9354440308298666 -0.35347484377925903 -6.941942605424716e-17
    outer loop
      vertex -9.251276034588098 -3.6628392992125494 -23
      vertex -9.251276034588102 -3.6628392992125445 0
      vertex -9.361763651094543 -3.3704423064406512 0
    endloop
  endfacet
  facet normal -0.8686315144381906 -0.49545866843240866 -2.4387752593823446e-19
    outer loop
      vertex -8.564383168689236 -5.064962086716197 -23
      vertex -8.56438316868924 -5.064962086716191 0
      vertex -8.719251466436441 -4.793449057312068 0
    endloop
  endfacet
  facet normal -0.9723699203976767 -0.23344536385590536 3.4532211040179374e-17
    outer loop
      vertex -9.637402453229878 -2.4744643772903054 0
      vertex -9.710371781290537 -2.1705252518955933 0
      vertex -9.63740245322988 -2.4744643772903014 -23
    endloop
  endfacet
  facet normal -0.9792228106217659 -0.20278729535651177 -1.234425715527094e-18
    outer loop
      vertex -9.710371781290535 -2.1705252518956017 -23
      vertex -9.710371781290537 -2.1705252518955933 0
      vertex -9.77375814475045 -1.8644440801279618 0
    endloop
  endfacet
  facet normal -0.9851093261547732 -0.17192910027941394 0
    outer loop
      vertex -9.77375814475045 -1.8644440801279618 -23
      vertex -9.77375814475045 -1.8644440801279618 0
      vertex -9.82749898892162 -1.556522927150297 0
    endloop
  endfacet
  facet normal -0.990023657716558 -0.14090123193757942 0
    outer loop
      vertex -9.82749898892162 -1.556522927150297 -23
      vertex -9.82749898892162 -1.556522927150297 0
      vertex -9.871541278079054 -1.2470656739648254 0
    endloop
  endfacet
  facet normal -0.99396095545518 -0.10973431109104179 0
    outer loop
      vertex -9.871541278079054 -1.2470656739648254 -23
      vertex -9.871541278079054 -1.2470656739648254 0
      vertex -9.905841547800645 -0.9363777175192135 0
    endloop
  endfacet
  facet normal -0.9969173337331279 -0.07845909572784643 0
    outer loop
      vertex -9.905841547800645 -0.9363777175192135 -23
      vertex -9.905841547800645 -0.9363777175192135 0
      vertex -9.9303659478613 -0.6247656693166671 0
    endloop
  endfacet
  facet normal -0.9988898749619699 -0.047106450709645836 9.777576721771352e-18
    outer loop
      vertex -9.9303659478613 -0.6247656693166671 0
      vertex -9.945090275639028 -0.3125370528273784 0
      vertex -9.9303659478613 -0.6247656693166719 -23
    endloop
  endfacet
  facet normal -0.9998766324816607 -0.01570731731181996 0
    outer loop
      vertex -9.945090275639028 -0.3125370528273784 -23
      vertex -9.945090275639028 -0.3125370528273784 0
      vertex -9.95 0 0
    endloop
  endfacet
  facet normal 0 0 -1
    outer loop
      vertex -4.793449057312068 -8.719251466436441 -23
      vertex -5.064962086716197 -8.564383168689236 -23
      vertex -4.688484456066217 -7.387869348142634 -23
    endloop
  endfacet
  facet normal 0 0 -1
    outer loop
      vertex -4.517205472408491 -8.86551491567426 -23
      vertex -4.793449057312068 -8.719251466436441 -23
      vertex -4.454112387815752 -7.5314927362845046 -23
    endloop
  endfacet
  facet normal 0 0 -1
    outer loop
      vertex -4.688484456066217 -7.387869348142634 -23
      vertex -5.064962086716197 -8.564383168689236 -23
      vertex -4.918229556206142 -7.236955024902417 -23
    endloop
  endfacet
  facet normal 0 0 -1
    outer loop
      vertex -4.793449057312068 -8.719251466436441 -23
      vertex -4.688484456066217 -7.387869348142634 -23
      vertex -4.454112387815752 -7.5314927362845046 -23
    endloop
  endfacet
  facet normal 0 0 -1
    outer loop
      vertex -4.517205472408491 -8.86551491567426 -23
      vertex -4.454112387815752 -7.5314927362845046 -23
      vertex -4.215344648390009 -7.667683450383805 -23
    endloop
  endfacet
  facet normal 0 0 -1
    outer loop
      vertex -4.2365039510724705 -9.003029172036895 -23
      vertex -4.517205472408491 -8.86551491567426 -23
      vertex -4.215344648390009 -7.667683450383805 -23
    endloop
  endfacet
  facet normal 0 0 -1
    outer loop
      vertex -4.2365039510724705 -9.003029172036895 -23
      vertex -4.215344648390009 -7.667683450383805 -23
      vertex -3.9724168727210345 -7.796307086648219 -23
    endloop
  endfacet
  facet normal 0 0 -1
    outer loop
      vertex -3.7255688011943837 -7.917236709077671 -23
      vertex -3.9516215118160636 -9.131658525555613 -23
      vertex -4.2365039510724705 -9.003029172036895 -23
    endloop
  endfacet
  facet normal 0 0 -1
    outer loop
      vertex -3.7255688011943837 -7.917236709077671 -23
      vertex -4.2365039510724705 -9.003029172036895 -23
      vertex -3.9724168727210345 -7.796307086648219 -23
    endloop
  endfacet
  facet normal 0 0 -1
    outer loop
      vertex -3.6628392992125494 -9.251276034588098 -23
      vertex -3.9516215118160636 -9.131658525555613 -23
      vertex -3.4750440430543277 -8.030352974734836 -23
    endloop
  endfacet
  facet normal 0 0 -1
    outer loop
      vertex -3.0747190940307263 -9.463012337136776 -23
      vertex -3.3704423064406512 -9.361763651094543 -23
      vertex -2.9639568021463014 -8.232706728349473 -23
    endloop
  endfacet
  facet normal 0 0 -1
    outer loop
      vertex -3.3704423064406512 -9.361763651094543 -23
      vertex -3.6628392992125494 -9.251276034588098 -23
      vertex -3.2210898359909357 -8.135544251522198 -23
    endloop
  endfacet
  facet normal 0 0 -1
    outer loop
      vertex -2.775961505090329 -9.554922172485584 -23
      vertex -3.0747190940307263 -9.463012337136776 -23
      vertex -2.7038987007807895 -8.321744517582593 -23
    endloop
  endfacet
  facet normal 0 0 -1
    outer loop
      vertex -2.4744643772903014 -9.63740245322988 -23
      vertex -2.775961505090329 -9.554922172485584 -23
      vertex -2.4411721778432542 -8.402569749673253 -23
    endloop
  endfacet
  facet normal 0 0 -1
    outer loop
      vertex -2.4411721778432542 -8.402569749673253 -23
      vertex -2.775961505090329 -9.554922172485584 -23
      vertex -2.7038987007807895 -8.321744517582593 -23
    endloop
  endfacet
  facet normal 0 0 -1
    outer loop
      vertex -3.6628392992125494 -9.251276034588098 -23
      vertex -3.4750440430543277 -8.030352974734836 -23
      vertex -3.2210898359909357 -8.135544251522198 -23
    endloop
  endfacet
  facet normal 0 0 -1
    outer loop
      vertex -3.4750440430543277 -8.030352974734836 -23
      vertex -3.9516215118160636 -9.131658525555613 -23
      vertex -3.7255688011943837 -7.917236709077671 -23
    endloop
  endfacet
  facet normal 0 0 -1
    outer loop
      vertex -3.3704423064406512 -9.361763651094543 -23
      vertex -3.2210898359909357 -8.135544251522198 -23
      vertex -2.9639568021463014 -8.232706728349473 -23
    endloop
  endfacet
  facet normal 0 0 -1
    outer loop
      vertex -3.0747190940307263 -9.463012337136776 -23
      vertex -2.9639568021463014 -8.232706728349473 -23
      vertex -2.7038987007807895 -8.321744517582593 -23
    endloop
  endfacet
  facet normal -0.46792981426057323 -0.8837656300886935 0
    outer loop
      vertex -4.517205472408491 -8.86551491567426 -23
      vertex -4.517205472408491 -8.86551491567426 0
      vertex -4.793449057312068 -8.719251466436441 -23
    endloop
  endfacet
  facet normal -0.4115143586051084 -0.9114032766354455 -9.065800854165513e-18
    outer loop
      vertex -3.9516215118160636 -9.131658525555613 -23
      vertex -3.951621511816068 -9.131658525555611 0
      vertex -4.2365039510724705 -9.003029172036895 -23
    endloop
  endfacet
  facet normal -0.43993916985591563 -0.8980275757606154 0
    outer loop
      vertex -4.2365039510724705 -9.003029172036895 -23
      vertex -4.2365039510724705 -9.003029172036895 0
      vertex -4.517205472408491 -8.86551491567426 -23
    endloop
  endfacet
  facet normal -0.3826834323650877 -0.9238795325112876 -6.142947993903154e-17
    outer loop
      vertex -3.6628392992125494 -9.251276034588098 -23
      vertex -3.6628392992125445 -9.251276034588102 0
      vertex -3.9516215118160636 -9.131658525555613 -23
    endloop
  endfacet
  facet normal -0.49545866843240866 -0.8686315144381906 0
    outer loop
      vertex -4.793449057312068 -8.719251466436441 -23
      vertex -4.793449057312068 -8.719251466436441 0
      vertex -5.064962086716197 -8.564383168689236 -23
    endloop
  endfacet
  facet normal -0.3239174181981418 -0.9460853588275481 0
    outer loop
      vertex -3.0747190940307263 -9.463012337136776 -23
      vertex -3.0747190940307263 -9.463012337136776 0
      vertex -3.3704423064406512 -9.361763651094543 -23
    endloop
  endfacet
  facet normal -0.3534748437792638 -0.9354440308298647 0
    outer loop
      vertex -3.3704423064406512 -9.361763651094543 -23
      vertex -3.3704423064406512 -9.361763651094543 0
      vertex -3.6628392992125494 -9.251276034588098 -23
    endloop
  endfacet
  facet normal -0.2940403252323101 -0.9557930147983282 0
    outer loop
      vertex -2.775961505090329 -9.554922172485584 -23
      vertex -2.775961505090329 -9.554922172485584 0
      vertex -3.0747190940307263 -9.463012337136776 -23
    endloop
  endfacet
  facet normal -0.2638730499653706 -0.9645574184577987 2.8641286910136196e-17
    outer loop
      vertex -2.4744643772903014 -9.63740245322988 -23
      vertex -2.4744643772903054 -9.637402453229878 0
      vertex -2.775961505090329 -9.554922172485584 -23
    endloop
  endfacet
  facet normal 0 0 -1
    outer loop
      vertex -1.8644440801279618 -9.77375814475045 -23
      vertex -2.1705252518956017 -9.710371781290535 -23
      vertex -1.6395865026250922 -8.595013443876026 -23
    endloop
  endfacet
  facet normal 0 0 -1
    outer loop
      vertex -2.1705252518956017 -9.710371781290535 -23
      vertex -2.4744643772903014 -9.63740245322988 -23
      vertex -1.9087533622197506 -8.539271666964039 -23
    endloop
  endfacet
  facet normal 0 0 -1
    outer loop
      vertex -2.4744643772903014 -9.63740245322988 -23
      vertex -2.4411721778432542 -8.402569749673253 -23
      vertex -2.1760365126924763 -8.475102659875523 -23
    endloop
  endfacet
  facet normal 0 0 -1
    outer loop
      vertex -2.4744643772903014 -9.63740245322988 -23
      vertex -2.1760365126924763 -8.475102659875523 -23
      vertex -1.9087533622197506 -8.539271666964039 -23
    endloop
  endfacet
  facet normal 0 0 -1
    outer loop
      vertex -2.1705252518956017 -9.710371781290535 -23
      vertex -1.9087533622197506 -8.539271666964039 -23
      vertex -1.6395865026250922 -8.595013443876026 -23
    endloop
  endfacet
  facet normal 0 0 -1
    outer loop
      vertex -1.556522927150297 -9.82749898892162 -23
      vertex -1.8644440801279618 -9.77375814475045 -23
      vertex -1.36880156910202 -8.642272980207455 -23
    endloop
  endfacet
  facet normal 0 0 -1
    outer loop
      vertex -1.0966657936876605 -8.681003636501682 -23
      vertex -1.2470656739648254 -9.871541278079054 -23
      vertex -1.556522927150297 -9.82749898892162 -23
    endloop
  endfacet
  facet normal 0 0 -1
    outer loop
      vertex -1.8644440801279618 -9.77375814475045 -23
      vertex -1.6395865026250922 -8.595013443876026 -23
      vertex -1.36880156910202 -8.642272980207455 -23
    endloop
  endfacet
  facet normal 0 0 -1
    outer loop
      vertex -1.0966657936876605 -8.681003636501682 -23
      vertex -1.556522927150297 -9.82749898892162 -23
      vertex -1.36880156910202 -8.642272980207455 -23
    endloop
  endfacet
  facet normal 0 0 -1
    outer loop
      vertex -0.9363777175192135 -9.905841547800645 -23
      vertex -1.2470656739648254 -9.871541278079054 -23
      vertex -0.8234477415369968 -8.71116719027695 -23
    endloop
  endfacet
  facet normal 0 0 -1
    outer loop
      vertex -0.5494170458814954 -8.732733873747376 -23
      vertex -0.6247656693166719 -9.9303659478613 -23
      vertex -0.9363777175192135 -9.905841547800645 -23
    endloop
  endfacet
  facet normal 0 0 -1
    outer loop
      vertex -0.8234477415369968 -8.71116719027695 -23
      vertex -1.2470656739648254 -9.871541278079054 -23
      vertex -1.0966657936876605 -8.681003636501682 -23
    endloop
  endfacet
  facet normal 0 0 -1
    outer loop
      vertex -0.5494170458814954 -8.732733873747376 -23
      vertex -0.9363777175192135 -9.905841547800645 -23
      vertex -0.8234477415369968 -8.71116719027695 -23
    endloop
  endfacet
  facet normal 0 0 -1
    outer loop
      vertex -0.3125370528273784 -9.945090275639028 -23
      vertex -0.6247656693166719 -9.9303659478613 -23
      vertex -0.2748441419336243 -8.745682403200151 -23
    endloop
  endfacet
  facet normal 0 0 -1
    outer loop
      vertex 0 -9.95 -23
      vertex -0.3125370528273784 -9.945090275639028 -23
      vertex -0.2748441419336243 -8.745682403200151 -23
    endloop
  endfacet
  facet normal 0 0 -1
    outer loop
      vertex -0.2748441419336243 -8.745682403200151 -23
      vertex -0.6247656693166719 -9.9303659478613 -23
      vertex -0.5494170458814954 -8.732733873747376 -23
    endloop
  endfacet
  facet normal 0 0 -1
    outer loop
      vertex 0 -9.95 -23
      vertex -0.2748441419336243 -8.745682403200151 -23
      vertex 0 -8.75 -23
    endloop
  endfacet
  facet normal -0.23344536385590364 -0.972369920397677 0
    outer loop
      vertex -2.1705252518956017 -9.710371781290535 -23
      vertex -2.1705252518956017 -9.710371781290535 0
      vertex -2.4744643772903014 -9.63740245322988 -23
    endloop
  endfacet
  facet normal -0.20278729535651183 -0.9792228106217659 0
    outer loop
      vertex -1.8644440801279618 -9.77375814475045 -23
      vertex -1.8644440801279618 -9.77375814475045 0
      vertex -2.1705252518956017 -9.710371781290535 -23
    endloop
  endfacet
  facet normal -0.17192910027941394 -0.9851093261547732 0
    outer loop
      vertex -1.556522927150297 -9.82749898892162 -23
      vertex -1.556522927150297 -9.82749898892162 0
      vertex -1.8644440801279618 -9.77375814475045 -23
    endloop
  endfacet
  facet normal -0.14090123193757942 -0.990023657716558 0
    outer loop
      vertex -1.2470656739648254 -9.871541278079054 -23
      vertex -1.2470656739648254 -9.871541278079054 0
      vertex -1.556522927150297 -9.82749898892162 -23
    endloop
  endfacet
  facet normal -0.10973431109104179 -0.99396095545518 0
    outer loop
      vertex -0.9363777175192135 -9.905841547800645 -23
      vertex -0.9363777175192135 -9.905841547800645 0
      vertex -1.2470656739648254 -9.871541278079054 -23
    endloop
  endfacet
  facet normal -0.07845909572784764 -0.9969173337331277 0
    outer loop
      vertex -0.6247656693166719 -9.9303659478613 -23
      vertex -0.6247656693166719 -9.9303659478613 0
      vertex -0.9363777175192135 -9.905841547800645 -23
    endloop
  endfacet
  facet normal -0.047106450709645115 -0.9988898749619698 0
    outer loop
      vertex -0.3125370528273784 -9.945090275639028 -23
      vertex -0.3125370528273784 -9.945090275639028 0
      vertex -0.6247656693166719 -9.9303659478613 -23
    endloop
  endfacet
  facet normal -0.01570731731181996 -0.9998766324816607 0
    outer loop
      vertex 0 -9.95 -23
      vertex 0 -9.95 0
      vertex -0.3125370528273784 -9.945090275639028 -23
    endloop
  endfacet
  facet normal -0.46792981426057323 -0.8837656300886935 0
    outer loop
      vertex -4.793449057312068 -8.719251466436441 -23
      vertex -4.517205472408491 -8.86551491567426 0
      vertex -4.793449057312068 -8.719251466436441 0
    endloop
  endfacet
  facet normal -0.43993916985591563 -0.8980275757606154 0
    outer loop
      vertex -4.517205472408491 -8.86551491567426 -23
      vertex -4.2365039510724705 -9.003029172036895 0
      vertex -4.517205472408491 -8.86551491567426 0
    endloop
  endfacet
  facet normal -0.41151435860510893 -0.9114032766354451 0
    outer loop
      vertex -4.2365039510724705 -9.003029172036895 -23
      vertex -3.951621511816068 -9.131658525555611 0
      vertex -4.2365039510724705 -9.003029172036895 0
    endloop
  endfacet
  facet normal -0.3826834323650916 -0.923879532511286 -2.5354828112567584e-18
    outer loop
      vertex -3.9516215118160636 -9.131658525555613 -23
      vertex -3.6628392992125445 -9.251276034588102 0
      vertex -3.951621511816068 -9.131658525555611 0
    endloop
  endfacet
  facet normal -0.4954586684324062 -0.8686315144381921 -3.8509590322028055e-17
    outer loop
      vertex -5.064962086716197 -8.564383168689236 -23
      vertex -4.793449057312068 -8.719251466436441 0
      vertex -5.064962086716193 -8.56438316868924 0
    endloop
  endfacet
  facet normal -0.3239174181981418 -0.9460853588275481 0
    outer loop
      vertex -3.3704423064406512 -9.361763651094543 -23
      vertex -3.0747190940307263 -9.463012337136776 0
      vertex -3.3704423064406512 -9.361763651094543 0
    endloop
  endfacet
  facet normal -0.35347484377925903 -0.9354440308298666 -6.941942605424716e-17
    outer loop
      vertex -3.6628392992125494 -9.251276034588098 -23
      vertex -3.3704423064406512 -9.361763651094543 0
      vertex -3.6628392992125445 -9.251276034588102 0
    endloop
  endfacet
  facet normal -0.2940403252323101 -0.9557930147983282 0
    outer loop
      vertex -3.0747190940307263 -9.463012337136776 -23
      vertex -2.775961505090329 -9.554922172485584 0
      vertex -3.0747190940307263 -9.463012337136776 0
    endloop
  endfacet
  facet normal -0.26387304996536853 -0.9645574184577992 0
    outer loop
      vertex -2.775961505090329 -9.554922172485584 -23
      vertex -2.4744643772903054 -9.637402453229878 0
      vertex -2.775961505090329 -9.554922172485584 0
    endloop
  endfacet
  facet normal -0.23344536385590614 -0.9723699203976764 3.453221104017923e-17
    outer loop
      vertex -2.4744643772903014 -9.63740245322988 -23
      vertex -2.1705252518956017 -9.710371781290535 0
      vertex -2.4744643772903054 -9.637402453229878 0
    endloop
  endfacet
  facet normal -0.20278729535651183 -0.9792228106217659 0
    outer loop
      vertex -2.1705252518956017 -9.710371781290535 -23
      vertex -1.8644440801279618 -9.77375814475045 0
      vertex -2.1705252518956017 -9.710371781290535 0
    endloop
  endfacet
  facet normal -0.17192910027941394 -0.9851093261547732 0
    outer loop
      vertex -1.8644440801279618 -9.77375814475045 -23
      vertex -1.556522927150297 -9.82749898892162 0
      vertex -1.8644440801279618 -9.77375814475045 0
    endloop
  endfacet
  facet normal -0.14090123193757942 -0.990023657716558 0
    outer loop
      vertex -1.556522927150297 -9.82749898892162 -23
      vertex -1.2470656739648254 -9.871541278079054 0
      vertex -1.556522927150297 -9.82749898892162 0
    endloop
  endfacet
  facet normal -0.10973431109104179 -0.99396095545518 0
    outer loop
      vertex -1.2470656739648254 -9.871541278079054 -23
      vertex -0.9363777175192135 -9.905841547800645 0
      vertex -1.2470656739648254 -9.871541278079054 0
    endloop
  endfacet
  facet normal -0.07845909572784764 -0.9969173337331277 0
    outer loop
      vertex -0.9363777175192135 -9.905841547800645 -23
      vertex -0.6247656693166719 -9.9303659478613 0
      vertex -0.9363777175192135 -9.905841547800645 0
    endloop
  endfacet
  facet normal -0.047106450709645115 -0.9988898749619698 0
    outer loop
      vertex -0.6247656693166719 -9.9303659478613 -23
      vertex -0.3125370528273784 -9.945090275639028 0
      vertex -0.6247656693166719 -9.9303659478613 0
    endloop
  endfacet
  facet normal -0.01570731731181996 -0.9998766324816607 0
    outer loop
      vertex -0.3125370528273784 -9.945090275639028 -23
      vertex 0 -9.95 0
      vertex -0.3125370528273784 -9.945090275639028 0
    endloop
  endfacet
  facet normal 0 0 -1
    outer loop
      vertex -9.945090275639028 -0.3125370528273784 -23
      vertex -9.95 0 -23
      vertex -9.945090275639028 0.3125370528273765 -23
    endloop
  endfacet
  facet normal 0 0 -1
    outer loop
      vertex -9.945090275639028 -0.3125370528273784 -23
      vertex -9.945090275639028 0.3125370528273765 -23
      vertex -9.9303659478613 0.624765669316668 -23
    endloop
  endfacet
  facet normal 0 0 -1
    outer loop
      vertex -9.9303659478613 -0.6247656693166719 -23
      vertex -9.9303659478613 0.624765669316668 -23
      vertex -9.905841547800645 0.9363777175192175 -23
    endloop
  endfacet
  facet normal 0 0 -1
    outer loop
      vertex -9.905841547800645 -0.9363777175192135 -23
      vertex -9.905841547800645 0.9363777175192175 -23
      vertex -9.871541278079054 1.2470656739648274 -23
    endloop
  endfacet
  facet normal 0 0 -1
    outer loop
      vertex -9.871541278079054 -1.2470656739648254 -23
      vertex -9.871541278079054 1.2470656739648274 -23
      vertex -9.82749898892162 1.556522927150297 -23
    endloop
  endfacet
  facet normal 0 0 -1
    outer loop
      vertex -9.82749898892162 -1.556522927150297 -23
      vertex -9.82749898892162 1.556522927150297 -23
      vertex -9.773758144750452 1.8644440801279598 -23
    endloop
  endfacet
  facet normal 0 0 -1
    outer loop
      vertex -9.77375814475045 -1.8644440801279618 -23
      vertex -9.773758144750452 1.8644440801279598 -23
      vertex -9.710371781290537 2.170525251895598 -23
    endloop
  endfacet
  facet normal 0 0 -1
    outer loop
      vertex -9.710371781290535 -2.1705252518956017 -23
      vertex -9.710371781290537 2.170525251895598 -23
      vertex -9.637402453229878 2.474464377290305 -23
    endloop
  endfacet
  facet normal 0 0 -1
    outer loop
      vertex -9.63740245322988 -2.4744643772903014 -23
      vertex -9.637402453229878 2.474464377290305 -23
      vertex -9.554922172485583 2.775961505090331 -23
    endloop
  endfacet
  facet normal 0 0 -1
    outer loop
      vertex -9.554922172485584 -2.775961505090329 -23
      vertex -9.554922172485583 2.775961505090331 -23
      vertex -9.463012337136776 3.0747190940307263 -23
    endloop
  endfacet
  facet normal 0 0 -1
    outer loop
      vertex -9.463012337136776 -3.0747190940307263 -23
      vertex -9.463012337136776 3.0747190940307263 -23
      vertex -9.361763651094543 3.3704423064406495 -23
    endloop
  endfacet
  facet normal 0 0 -1
    outer loop
      vertex -8.86551491567426 -4.517205472408491 -23
      vertex -8.719251466436441 4.793449057312067 -23
      vertex -8.745682403200151 0.27484414193362255 -23
    endloop
  endfacet
  facet normal 0 0 -1
    outer loop
      vertex -9.361763651094543 -3.3704423064406512 -23
      vertex -9.361763651094543 3.3704423064406495 -23
      vertex -9.2512760345881 3.662839299212546 -23
    endloop
  endfacet
  facet normal 0 0 -1
    outer loop
      vertex -9.251276034588098 -3.6628392992125494 -23
      vertex -9.2512760345881 3.662839299212546 -23
      vertex -9.131658525555611 3.9516215118160662 -23
    endloop
  endfacet
  facet normal 0 0 -1
    outer loop
      vertex -9.131658525555613 -3.9516215118160636 -23
      vertex -9.131658525555611 3.9516215118160662 -23
      vertex -9.003029172036895 4.236503951072472 -23
    endloop
  endfacet
  facet normal 0 0 -1
    outer loop
      vertex -9.003029172036895 -4.2365039510724705 -23
      vertex -9.003029172036895 4.236503951072472 -23
      vertex -8.86551491567426 4.517205472408491 -23
    endloop
  endfacet
  facet normal 0 0 -1
    outer loop
      vertex -8.86551491567426 -4.517205472408491 -23
      vertex -8.86551491567426 4.517205472408491 -23
      vertex -8.719251466436441 4.793449057312067 -23
    endloop
  endfacet
  facet normal 0 0 -1
    outer loop
      vertex -8.745682403200151 0.27484414193362255 -23
      vertex -8.719251466436441 4.793449057312067 -23
      vertex -8.732733873747376 0.549417045881492 -23
    endloop
  endfacet
  facet normal 0 0 -1
    outer loop
      vertex -8.732733873747376 0.549417045881492 -23
      vertex -8.719251466436441 4.793449057312067 -23
      vertex -8.71116719027695 0.8234477415370003 -23
    endloop
  endfacet
  facet normal 0 0 -1
    outer loop
      vertex -8.681003636501682 1.0966657936876623 -23
      vertex -8.71116719027695 0.8234477415370003 -23
      vertex -8.719251466436441 4.793449057312067 -23
    endloop
  endfacet
  facet normal 0 0 -1
    outer loop
      vertex -8.681003636501682 1.0966657936876623 -23
      vertex -8.719251466436441 4.793449057312067 -23
      vertex -8.642272980207455 1.36880156910202 -23
    endloop
  endfacet
  facet normal -0.9998766324816607 0.015707317311820054 8.071315598183102e-21
    outer loop
      vertex -9.95 0 -23
      vertex -9.945090275639028 0.3125370528273765 0
      vertex -9.945090275639028 0.3125370528273765 -23
    endloop
  endfacet
  facet normal -0.9988898749619699 0.047106450709645406 1.8190840412597695e-18
    outer loop
      vertex -9.9303659478613 0.6247656693166671 0
      vertex -9.9303659478613 0.624765669316668 -23
      vertex -9.945090275639028 0.3125370528273765 -23
    endloop
  endfacet
  facet normal -0.996917333733128 0.07845909572784567 8.034169639103986e-21
    outer loop
      vertex -9.9303659478613 0.624765669316668 -23
      vertex -9.905841547800645 0.9363777175192175 0
      vertex -9.905841547800645 0.9363777175192175 -23
    endloop
  endfacet
  facet normal -0.99396095545518 0.10973431109104248 9.534487207668655e-18
    outer loop
      vertex -9.871541278079054 1.2470656739648254 0
      vertex -9.871541278079054 1.2470656739648274 -23
      vertex -9.905841547800645 0.9363777175192175 -23
    endloop
  endfacet
  facet normal -0.9900236577165579 0.1409012319375803 7.768507827050505e-20
    outer loop
      vertex -9.871541278079054 1.2470656739648274 -23
      vertex -9.82749898892162 1.556522927150297 0
      vertex -9.82749898892162 1.556522927150297 -23
    endloop
  endfacet
  facet normal -0.985109326154774 0.17192910027940952 6.114444898922115e-17
    outer loop
      vertex -9.77375814475045 1.8644440801279618 0
      vertex -9.773758144750452 1.8644440801279598 -23
      vertex -9.82749898892162 1.556522927150297 -23
    endloop
  endfacet
  facet normal -0.9792228106217656 0.2027872953565128 7.830926066304787e-18
    outer loop
      vertex -9.710371781290537 2.1705252518955973 0
      vertex -9.710371781290537 2.170525251895598 -23
      vertex -9.773758144750452 1.8644440801279598 -23
    endloop
  endfacet
  facet normal -0.9723699203976758 0.23344536385590925 0
    outer loop
      vertex -9.637402453229878 2.474464377290305 -23
      vertex -9.710371781290537 2.170525251895598 -23
      vertex -9.637402453229878 2.474464377290305 0
    endloop
  endfacet
  facet normal 0 0 -1
    outer loop
      vertex -8.642272980207455 1.36880156910202 -23
      vertex -8.564383168689238 5.064962086716195 -23
      vertex -8.595013443876026 1.6395865026250904 -23
    endloop
  endfacet
  facet normal 0 0 -1
    outer loop
      vertex -8.595013443876026 1.6395865026250904 -23
      vertex -8.564383168689238 5.064962086716195 -23
      vertex -8.53927166696404 1.9087533622197472 -23
    endloop
  endfacet
  facet normal 0 0 -1
    outer loop
      vertex -8.53927166696404 1.9087533622197472 -23
      vertex -8.564383168689238 5.064962086716195 -23
      vertex -8.475102659875521 2.1760365126924794 -23
    endloop
  endfacet
  facet normal 0 0 -1
    outer loop
      vertex -8.475102659875521 2.1760365126924794 -23
      vertex -8.40106285874505 5.331476610041016 -23
      vertex -8.402569749673251 2.441172177843256 -23
    endloop
  endfacet
  facet normal 0 0 -1
    outer loop
      vertex -8.402569749673251 2.441172177843256 -23
      vertex -8.40106285874505 5.331476610041016 -23
      vertex -8.321744517582593 2.7038987007807895 -23
    endloop
  endfacet
  facet normal 0 0 -1
    outer loop
      vertex -8.642272980207455 1.36880156910202 -23
      vertex -8.719251466436441 4.793449057312067 -23
      vertex -8.564383168689238 5.064962086716195 -23
    endloop
  endfacet
  facet normal 0 0 -1
    outer loop
      vertex -8.475102659875521 2.1760365126924794 -23
      vertex -8.564383168689238 5.064962086716195 -23
      vertex -8.40106285874505 5.331476610041016 -23
    endloop
  endfacet
  facet normal 0 0 -1
    outer loop
      vertex -8.321744517582593 2.7038987007807895 -23
      vertex -8.229451714031889 5.592729609628699 -23
      vertex -8.232706728349473 2.9639568021463 -23
    endloop
  endfacet
  facet normal 0 0 -1
    outer loop
      vertex -8.232706728349473 2.9639568021463 -23
      vertex -8.229451714031889 5.592729609628699 -23
      vertex -8.1355442515222 3.221089835990932 -23
    endloop
  endfacet
  facet normal 0 0 -1
    outer loop
      vertex -8.321744517582593 2.7038987007807895 -23
      vertex -8.40106285874505 5.331476610041016 -23
      vertex -8.229451714031889 5.592729609628699 -23
    endloop
  endfacet
  facet normal 0 0 -1
    outer loop
      vertex -8.1355442515222 3.221089835990932 -23
      vertex -8.229451714031889 5.592729609628699 -23
      vertex -8.049719094030726 5.848463260310107 -23
    endloop
  endfacet
  facet normal 0 0 -1
    outer loop
      vertex -8.030352974734836 3.47504404305433 -23
      vertex -8.1355442515222 3.221089835990932 -23
      vertex -8.049719094030726 5.848463260310107 -23
    endloop
  endfacet
  facet normal 0 0 -1
    outer loop
      vertex -7.917236709077671 3.725568801194386 -23
      vertex -8.030352974734836 3.47504404305433 -23
      vertex -8.049719094030726 5.848463260310107 -23
    endloop
  endfacet
  facet normal 0 0 -1
    outer loop
      vertex -7.917236709077671 3.725568801194386 -23
      vertex -7.862042373138119 6.098425183847114 -23
      vertex -7.796307086648219 3.9724168727210345 -23
    endloop
  endfacet
  facet normal 0 0 -1
    outer loop
      vertex -7.667683450383806 4.215344648390009 -23
      vertex -7.796307086648219 3.9724168727210345 -23
      vertex -7.666606765619101 6.342368697999462 -23
    endloop
  endfacet
  facet normal -0.9645574184577984 0.2638730499653717 -1.9200915929193328e-19
    outer loop
      vertex -9.637402453229878 2.474464377290305 -23
      vertex -9.554922172485583 2.775961505090331 0
      vertex -9.554922172485583 2.775961505090331 -23
    endloop
  endfacet
  facet normal -0.9557930147983292 0.29404032523230694 -7.997888624715709e-20
    outer loop
      vertex -9.554922172485583 2.775961505090331 -23
      vertex -9.463012337136776 3.0747190940307263 0
      vertex -9.463012337136776 3.0747190940307263 -23
    endloop
  endfacet
  facet normal -0.9460853588275474 0.3239174181981435 -1.6395180836222188e-20
    outer loop
      vertex -9.463012337136776 3.0747190940307263 -23
      vertex -9.361763651094543 3.3704423064406495 0
      vertex -9.361763651094543 3.3704423064406495 -23
    endloop
  endfacet
  facet normal -0.935444030829866 0.35347484377926075 0
    outer loop
      vertex -9.2512760345881 3.662839299212546 -23
      vertex -9.361763651094543 3.3704423064406495 -23
      vertex -9.2512760345881 3.662839299212546 0
    endloop
  endfacet
  facet normal -0.9238795325112865 0.3826834323650903 -1.1392589664661199e-19
    outer loop
      vertex -9.2512760345881 3.662839299212546 -23
      vertex -9.131658525555611 3.9516215118160662 0
      vertex -9.131658525555611 3.9516215118160662 -23
    endloop
  endfacet
  facet normal -0.9114032766354471 0.41151435860510466 3.178244980085152e-17
    outer loop
      vertex -9.003029172036895 4.2365039510724705 0
      vertex -9.003029172036895 4.236503951072472 -23
      vertex -9.131658525555611 3.9516215118160662 -23
    endloop
  endfacet
  facet normal -0.8980275757606144 0.4399391698559179 9.651669893753036e-20
    outer loop
      vertex -9.003029172036895 4.236503951072472 -23
      vertex -8.86551491567426 4.517205472408491 0
      vertex -8.86551491567426 4.517205472408491 -23
    endloop
  endfacet
  facet normal -0.8837656300886928 0.46792981426057434 2.3347704630967476e-19
    outer loop
      vertex -8.86551491567426 4.517205472408491 -23
      vertex -8.719251466436441 4.793449057312067 0
      vertex -8.719251466436441 4.793449057312067 -23
    endloop
  endfacet
  facet normal -0.8686315144381916 0.4954586684324068 4.645284128422094e-19
    outer loop
      vertex -8.719251466436441 4.793449057312067 -23
      vertex -8.564383168689238 5.064962086716195 0
      vertex -8.564383168689238 5.064962086716195 -23
    endloop
  endfacet
  facet normal -0.9998766324816607 0.015707317311820054 0
    outer loop
      vertex -9.95 0 -23
      vertex -9.95 0 0
      vertex -9.945090275639028 0.3125370528273765 0
    endloop
  endfacet
  facet normal -0.9988898749619698 0.04710645070964554 0
    outer loop
      vertex -9.945090275639028 0.3125370528273765 -23
      vertex -9.945090275639028 0.3125370528273765 0
      vertex -9.9303659478613 0.6247656693166671 0
    endloop
  endfacet
  facet normal -0.9969173337331279 0.07845909572784543 3.0298119849851568e-18
    outer loop
      vertex -9.9303659478613 0.6247656693166671 0
      vertex -9.905841547800645 0.9363777175192175 0
      vertex -9.9303659478613 0.624765669316668 -23
    endloop
  endfacet
  facet normal -0.99396095545518 0.10973431109104317 0
    outer loop
      vertex -9.905841547800645 0.9363777175192175 -23
      vertex -9.905841547800645 0.9363777175192175 0
      vertex -9.871541278079054 1.2470656739648254 0
    endloop
  endfacet
  facet normal -0.990023657716558 0.14090123193757942 1.2242488061359574e-17
    outer loop
      vertex -9.871541278079054 1.2470656739648254 0
      vertex -9.82749898892162 1.556522927150297 0
      vertex -9.871541278079054 1.2470656739648274 -23
    endloop
  endfacet
  facet normal -0.9851093261547732 0.17192910027941394 -2.1226325054039514e-19
    outer loop
      vertex -9.77375814475045 1.8644440801279618 0
      vertex -9.82749898892162 1.556522927150297 -23
      vertex -9.82749898892162 1.556522927150297 0
    endloop
  endfacet
  facet normal -0.9792228106217664 0.20278729535650922 5.800863969623676e-17
    outer loop
      vertex -9.77375814475045 1.8644440801279618 0
      vertex -9.710371781290537 2.1705252518955973 0
      vertex -9.773758144750452 1.8644440801279598 -23
    endloop
  endfacet
  facet normal -0.9723699203976759 0.23344536385590858 9.014831928515723e-18
    outer loop
      vertex -9.710371781290537 2.1705252518955973 0
      vertex -9.637402453229878 2.474464377290305 0
      vertex -9.710371781290537 2.170525251895598 -23
    endloop
  endfacet
  facet normal -0.9645574184577984 0.2638730499653717 0
    outer loop
      vertex -9.637402453229878 2.474464377290305 -23
      vertex -9.637402453229878 2.474464377290305 0
      vertex -9.554922172485583 2.775961505090331 0
    endloop
  endfacet
  facet normal -0.9557930147983292 0.29404032523230694 0
    outer loop
      vertex -9.554922172485583 2.775961505090331 -23
      vertex -9.554922172485583 2.775961505090331 0
      vertex -9.463012337136776 3.0747190940307263 0
    endloop
  endfacet
  facet normal -0.9460853588275474 0.3239174181981435 0
    outer loop
      vertex -9.463012337136776 3.0747190940307263 -23
      vertex -9.463012337136776 3.0747190940307263 0
      vertex -9.361763651094543 3.3704423064406495 0
    endloop
  endfacet
  facet normal -0.935444030829866 0.35347484377926075 0
    outer loop
      vertex -9.361763651094543 3.3704423064406495 -23
      vertex -9.361763651094543 3.3704423064406495 0
      vertex -9.2512760345881 3.662839299212546 0
    endloop
  endfacet
  facet normal -0.9238795325112865 0.3826834323650903 0
    outer loop
      vertex -9.2512760345881 3.662839299212546 -23
      vertex -9.2512760345881 3.662839299212546 0
      vertex -9.131658525555611 3.9516215118160662 0
    endloop
  endfacet
  facet normal -0.9114032766354462 0.4115143586051068 0
    outer loop
      vertex -9.131658525555611 3.9516215118160662 -23
      vertex -9.131658525555611 3.9516215118160662 0
      vertex -9.003029172036895 4.2365039510724705 0
    endloop
  endfacet
  facet normal -0.8980275757606154 0.43993916985591563 3.397778057798366e-17
    outer loop
      vertex -9.003029172036895 4.2365039510724705 0
      vertex -8.86551491567426 4.517205472408491 0
      vertex -9.003029172036895 4.236503951072472 -23
    endloop
  endfacet
  facet normal -0.8837656300886928 0.46792981426057434 0
    outer loop
      vertex -8.86551491567426 4.517205472408491 -23
      vertex -8.86551491567426 4.517205472408491 0
      vertex -8.719251466436441 4.793449057312067 0
    endloop
  endfacet
  facet normal -0.8686315144381916 0.4954586684324068 0
    outer loop
      vertex -8.719251466436441 4.793449057312067 -23
      vertex -8.719251466436441 4.793449057312067 0
      vertex -8.564383168689238 5.064962086716195 0
    endloop
  endfacet
  facet normal 0 0 -1
    outer loop
      vertex -7.917236709077671 3.725568801194386 -23
      vertex -8.049719094030726 5.848463260310107 -23
      vertex -7.862042373138119 6.098425183847114 -23
    endloop
  endfacet
  facet normal 0 0 -1
    outer loop
      vertex -7.796307086648219 3.9724168727210345 -23
      vertex -7.862042373138119 6.098425183847114 -23
      vertex -7.666606765619101 6.342368697999462 -23
    endloop
  endfacet
  facet normal 0 0 -1
    outer loop
      vertex -7.667683450383806 4.215344648390009 -23
      vertex -7.666606765619101 6.342368697999462 -23
      vertex -7.531492736284507 4.454112387815749 -23
    endloop
  endfacet
  facet normal 0 0 -1
    outer loop
      vertex -7.531492736284507 4.454112387815749 -23
      vertex -7.666606765619101 6.342368697999462 -23
      vertex -7.463605142823073 6.580053059970335 -23
    endloop
  endfacet
  facet normal -0.8526401643540933 0.5224985647159471 6.585187771729336e-17
    outer loop
      vertex -8.401062858745048 5.331476610041016 0
      vertex -8.40106285874505 5.331476610041016 -23
      vertex -8.564383168689238 5.064962086716195 -23
    endloop
  endfacet
  facet normal -0.8358073613682682 0.5490228179981348 0
    outer loop
      vertex -8.229451714031889 5.592729609628699 -23
      vertex -8.40106285874505 5.331476610041016 -23
      vertex -8.229451714031889 5.592729609628699 0
    endloop
  endfacet
  facet normal -0.8181497174250244 0.5750052520432771 0
    outer loop
      vertex -8.049719094030726 5.848463260310107 -23
      vertex -8.229451714031889 5.592729609628699 -23
      vertex -8.049719094030726 5.848463260310107 0
    endloop
  endfacet
  facet normal -0.7996846584870902 0.6004202253258846 2.2566243938989697e-19
    outer loop
      vertex -8.049719094030726 5.848463260310107 -23
      vertex -7.862042373138117 6.098425183847118 0
      vertex -7.862042373138119 6.098425183847114 -23
    endloop
  endfacet
  facet normal -0.780430407338329 0.6252426563357062 1.837764217708705e-19
    outer loop
      vertex -7.862042373138119 6.098425183847114 -23
      vertex -7.666606765619101 6.342368697999462 0
      vertex -7.666606765619101 6.342368697999462 -23
    endloop
  endfacet
  facet normal -0.7604059656000327 0.6494480483301817 8.122082820653703e-18
    outer loop
      vertex -7.666606765619101 6.342368697999462 -23
      vertex -7.463605142823071 6.580053059970337 0
      vertex -7.463605142823073 6.580053059970335 -23
    endloop
  endfacet
  facet normal 0 0 -1
    outer loop
      vertex -7.387869348142632 4.688484456066221 -23
      vertex -7.531492736284507 4.454112387815749 -23
      vertex -7.463605142823073 6.580053059970335 -23
    endloop
  endfacet
  facet normal 0 0 -1
    outer loop
      vertex -7.236955024902416 4.918229556206143 -23
      vertex -7.387869348142632 4.688484456066221 -23
      vertex -7.253237842843045 6.811243703990453 -23
    endloop
  endfacet
  facet normal 0 0 -1
    outer loop
      vertex -7.236955024902416 4.918229556206143 -23
      vertex -7.253237842843045 6.811243703990453 -23
      vertex -7.07889870078079 5.14312095755914 -23
    endloop
  endfacet
  facet normal 0 0 -1
    outer loop
      vertex -7.387869348142632 4.688484456066221 -23
      vertex -7.463605142823073 6.580053059970335 -23
      vertex -7.253237842843045 6.811243703990453 -23
    endloop
  endfacet
  facet normal 0 0 -1
    outer loop
      vertex -7.07889870078079 5.14312095755914 -23
      vertex -7.035712472806148 7.035712472806148 -23
      vertex -6.913856358287291 5.362936719463543 -23
    endloop
  endfacet
  facet normal 0 0 -1
    outer loop
      vertex -6.741990874288155 5.577459910301036 -23
      vertex -6.913856358287291 5.362936719463543 -23
      vertex -6.811243703990453 7.253237842843045 -23
    endloop
  endfacet
  facet normal 0 0 -1
    outer loop
      vertex -7.07889870078079 5.14312095755914 -23
      vertex -7.253237842843045 6.811243703990453 -23
      vertex -7.035712472806148 7.035712472806148 -23
    endloop
  endfacet
  facet normal 0 0 -1
    outer loop
      vertex -6.913856358287291 5.362936719463543 -23
      vertex -7.035712472806148 7.035712472806148 -23
      vertex -6.811243703990453 7.253237842843045 -23
    endloop
  endfacet
  facet normal 0 0 -1
    outer loop
      vertex -6.741990874288155 5.577459910301036 -23
      vertex -6.580053059970335 7.463605142823073 -23
      vertex -6.563471859266522 5.786478821581953 -23
    endloop
  endfacet
  facet normal 0 0 -1
    outer loop
      vertex -6.741990874288155 5.577459910301036 -23
      vertex -6.811243703990453 7.253237842843045 -23
      vertex -6.580053059970335 7.463605142823073 -23
    endloop
  endfacet
  facet normal 0 0 -1
    outer loop
      vertex -6.378475489937351 5.9897871768760265 -23
      vertex -6.563471859266522 5.786478821581953 -23
      vertex -6.580053059970335 7.463605142823073 -23
    endloop
  endfacet
  facet normal 0 0 -1
    outer loop
      vertex -6.187184335382291 6.187184335382291 -23
      vertex -6.378475489937351 5.9897871768760265 -23
      vertex -6.342368697999462 7.666606765619101 -23
    endloop
  endfacet
  facet normal 0 0 -1
    outer loop
      vertex -6.378475489937351 5.9897871768760265 -23
      vertex -6.580053059970335 7.463605142823073 -23
      vertex -6.342368697999462 7.666606765619101 -23
    endloop
  endfacet
  facet normal 0 0 -1
    outer loop
      vertex -6.187184335382291 6.187184335382291 -23
      vertex -6.098425183847114 7.862042373138119 -23
      vertex -5.9897871768760265 6.378475489937351 -23
    endloop
  endfacet
  facet normal 0 0 -1
    outer loop
      vertex -6.187184335382291 6.187184335382291 -23
      vertex -6.342368697999462 7.666606765619101 -23
      vertex -6.098425183847114 7.862042373138119 -23
    endloop
  endfacet
  facet normal 0 0 -1
    outer loop
      vertex -5.9897871768760265 6.378475489937351 -23
      vertex -6.098425183847114 7.862042373138119 -23
      vertex -5.848463260310107 8.049719094030726 -23
    endloop
  endfacet
  facet normal 0 0 -1
    outer loop
      vertex -5.786478821581953 6.563471859266522 -23
      vertex -5.9897871768760265 6.378475489937351 -23
      vertex -5.848463260310107 8.049719094030726 -23
    endloop
  endfacet
  facet normal 0 0 -1
    outer loop
      vertex -5.577459910301036 6.741990874288155 -23
      vertex -5.786478821581953 6.563471859266522 -23
      vertex -5.592729609628699 8.229451714031889 -23
    endloop
  endfacet
  facet normal 0 0 -1
    outer loop
      vertex -5.577459910301036 6.741990874288155 -23
      vertex -5.592729609628699 8.229451714031889 -23
      vertex -5.362936719463543 6.913856358287291 -23
    endloop
  endfacet
  facet normal -0.7396310949786117 0.6730125135097711 5.1978712233697186e-17
    outer loop
      vertex -7.253237842843045 6.811243703990451 0
      vertex -7.253237842843045 6.811243703990453 -23
      vertex -7.463605142823073 6.580053059970335 -23
    endloop
  endfacet
  facet normal -0.7181262977631893 0.695912796592314 2.2233877814735513e-19
    outer loop
      vertex -7.253237842843045 6.811243703990453 -23
      vertex -7.035712472806148 7.035712472806148 0
      vertex -7.035712472806148 7.035712472806148 -23
    endloop
  endfacet
  facet normal -0.695912796592314 0.7181262977631893 2.2233877814735513e-19
    outer loop
      vertex -6.811243703990453 7.253237842843045 -23
      vertex -7.035712472806148 7.035712472806148 -23
      vertex -7.035712472806148 7.035712472806148 0
    endloop
  endfacet
  facet normal -0.6730125135097711 0.7396310949786117 4.940613891145115e-17
    outer loop
      vertex -6.81124370399045 7.2532378428430455 0
      vertex -6.580053059970335 7.463605142823073 -23
      vertex -6.811243703990453 7.253237842843045 -23
    endloop
  endfacet
  facet normal 0 0 -1
    outer loop
      vertex -5.786478821581953 6.563471859266522 -23
      vertex -5.848463260310107 8.049719094030726 -23
      vertex -5.592729609628699 8.229451714031889 -23
    endloop
  endfacet
  facet normal 0 0 -1
    outer loop
      vertex -5.362936719463543 6.913856358287291 -23
      vertex -5.592729609628699 8.229451714031889 -23
      vertex -5.331476610041016 8.40106285874505 -23
    endloop
  endfacet
  facet normal 0 0 -1
    outer loop
      vertex -5.14312095755914 7.07889870078079 -23
      vertex -5.362936719463543 6.913856358287291 -23
      vertex -5.331476610041016 8.40106285874505 -23
    endloop
  endfacet
  facet normal 0 0 -1
    outer loop
      vertex -4.918229556206143 7.236955024902416 -23
      vertex -5.14312095755914 7.07889870078079 -23
      vertex -5.064962086716195 8.564383168689238 -23
    endloop
  endfacet
  facet normal 0 0 -1
    outer loop
      vertex -5.14312095755914 7.07889870078079 -23
      vertex -5.331476610041016 8.40106285874505 -23
      vertex -5.064962086716195 8.564383168689238 -23
    endloop
  endfacet
  facet normal -0.6494480483301817 0.7604059656000327 8.122082820653703e-18
    outer loop
      vertex -6.342368697999462 7.666606765619101 -23
      vertex -6.580053059970335 7.463605142823073 -23
      vertex -6.580053059970337 7.463605142823071 0
    endloop
  endfacet
  facet normal -0.6252426563357062 0.780430407338329 -5.824233117966845e-18
    outer loop
      vertex -6.098425183847114 7.862042373138119 -23
      vertex -6.342368697999462 7.666606765619101 -23
      vertex -6.342368697999461 7.666606765619102 0
    endloop
  endfacet
  facet normal -0.6004202253258846 0.7996846584870902 2.397746529776877e-19
    outer loop
      vertex -5.848463260310107 8.049719094030726 -23
      vertex -6.098425183847114 7.862042373138119 -23
      vertex -6.098425183847114 7.862042373138119 0
    endloop
  endfacet
  facet normal -0.5750052520432771 0.8181497174250244 4.765077990828683e-19
    outer loop
      vertex -5.592729609628699 8.229451714031889 -23
      vertex -5.848463260310107 8.049719094030726 -23
      vertex -5.848463260310107 8.049719094030726 0
    endloop
  endfacet
  facet normal -0.5490228179981348 0.8358073613682682 0
    outer loop
      vertex -5.592729609628699 8.229451714031889 -23
      vertex -5.592729609628699 8.229451714031889 0
      vertex -5.331476610041016 8.40106285874505 -23
    endloop
  endfacet
  facet normal -0.5224985647159471 0.8526401643540933 6.585187771729336e-17
    outer loop
      vertex -5.331476610041016 8.401062858745048 0
      vertex -5.064962086716195 8.564383168689238 -23
      vertex -5.331476610041016 8.40106285874505 -23
    endloop
  endfacet
  facet normal -0.8526401643540907 0.5224985647159512 0
    outer loop
      vertex -8.564383168689238 5.064962086716195 -23
      vertex -8.564383168689238 5.064962086716195 0
      vertex -8.401062858745048 5.331476610041016 0
    endloop
  endfacet
  facet normal -0.8358073613682707 0.5490228179981308 6.455183142554801e-17
    outer loop
      vertex -8.401062858745048 5.331476610041016 0
      vertex -8.229451714031889 5.592729609628699 0
      vertex -8.40106285874505 5.331476610041016 -23
    endloop
  endfacet
  facet normal -0.8181497174250244 0.5750052520432771 0
    outer loop
      vertex -8.229451714031889 5.592729609628699 -23
      vertex -8.229451714031889 5.592729609628699 0
      vertex -8.049719094030726 5.848463260310107 0
    endloop
  endfacet
  facet normal -0.7996846584870902 0.6004202253258846 0
    outer loop
      vertex -8.049719094030726 5.848463260310107 -23
      vertex -8.049719094030726 5.848463260310107 0
      vertex -7.862042373138117 6.098425183847118 0
    endloop
  endfacet
  facet normal -0.7804304073383287 0.6252426563357064 -6.166252178538245e-18
    outer loop
      vertex -7.862042373138119 6.098425183847114 -23
      vertex -7.862042373138117 6.098425183847118 0
      vertex -7.666606765619101 6.342368697999462 0
    endloop
  endfacet
  facet normal -0.7604059656000323 0.6494480483301821 0
    outer loop
      vertex -7.666606765619101 6.342368697999462 -23
      vertex -7.666606765619101 6.342368697999462 0
      vertex -7.463605142823071 6.580053059970337 0
    endloop
  endfacet
  facet normal -0.7396310949786093 0.6730125135097736 5.145154931933397e-18
    outer loop
      vertex -7.253237842843045 6.811243703990451 0
      vertex -7.463605142823073 6.580053059970335 -23
      vertex -7.463605142823071 6.580053059970337 0
    endloop
  endfacet
  facet normal -0.7181262977631919 0.6959127965923111 5.374736764577857e-17
    outer loop
      vertex -7.253237842843045 6.811243703990451 0
      vertex -7.035712472806148 7.035712472806148 0
      vertex -7.253237842843045 6.811243703990453 -23
    endloop
  endfacet
  facet normal -0.6959127965923112 0.718126297763192 5.288956102117163e-17
    outer loop
      vertex -6.81124370399045 7.2532378428430455 0
      vertex -6.811243703990453 7.253237842843045 -23
      vertex -7.035712472806148 7.035712472806148 0
    endloop
  endfacet
  facet normal -0.6730125135097735 0.7396310949786096 5.609003129586933e-18
    outer loop
      vertex -6.81124370399045 7.2532378428430455 0
      vertex -6.580053059970337 7.463605142823071 0
      vertex -6.580053059970335 7.463605142823073 -23
    endloop
  endfacet
  facet normal -0.6494480483301823 0.760405965600032 -4.284801200606623e-18
    outer loop
      vertex -6.342368697999462 7.666606765619101 -23
      vertex -6.580053059970337 7.463605142823071 0
      vertex -6.342368697999461 7.666606765619102 0
    endloop
  endfacet
  facet normal -0.6252426563357057 0.7804304073383292 0
    outer loop
      vertex -6.098425183847114 7.862042373138119 -23
      vertex -6.342368697999461 7.666606765619102 0
      vertex -6.098425183847114 7.862042373138119 0
    endloop
  endfacet
  facet normal -0.6004202253258846 0.7996846584870902 0
    outer loop
      vertex -5.848463260310107 8.049719094030726 -23
      vertex -6.098425183847114 7.862042373138119 0
      vertex -5.848463260310107 8.049719094030726 0
    endloop
  endfacet
  facet normal -0.5750052520432771 0.8181497174250244 0
    outer loop
      vertex -5.592729609628699 8.229451714031889 -23
      vertex -5.848463260310107 8.049719094030726 0
      vertex -5.592729609628699 8.229451714031889 0
    endloop
  endfacet
  facet normal -0.5490228179981308 0.8358073613682707 6.455183142554801e-17
    outer loop
      vertex -5.331476610041016 8.401062858745048 0
      vertex -5.331476610041016 8.40106285874505 -23
      vertex -5.592729609628699 8.229451714031889 0
    endloop
  endfacet
  facet normal -0.5224985647159528 0.8526401643540897 -2.5659442396531918e-17
    outer loop
      vertex -5.331476610041016 8.401062858745048 0
      vertex -5.064962086716193 8.56438316868924 0
      vertex -5.064962086716195 8.564383168689238 -23
    endloop
  endfacet
  facet normal 0 0 -1
    outer loop
      vertex -4.688484456066221 7.387869348142632 -23
      vertex -4.918229556206143 7.236955024902416 -23
      vertex -4.793449057312066 8.719251466436441 -23
    endloop
  endfacet
  facet normal 0 0 -1
    outer loop
      vertex -4.688484456066221 7.387869348142632 -23
      vertex -4.517205472408491 8.86551491567426 -23
      vertex -4.454112387815749 7.531492736284507 -23
    endloop
  endfacet
  facet normal 0 0 -1
    outer loop
      vertex -4.918229556206143 7.236955024902416 -23
      vertex -5.064962086716195 8.564383168689238 -23
      vertex -4.793449057312066 8.719251466436441 -23
    endloop
  endfacet
  facet normal 0 0 -1
    outer loop
      vertex -4.688484456066221 7.387869348142632 -23
      vertex -4.793449057312066 8.719251466436441 -23
      vertex -4.517205472408491 8.86551491567426 -23
    endloop
  endfacet
  facet normal 0 0 -1
    outer loop
      vertex -4.454112387815749 7.531492736284507 -23
      vertex -4.517205472408491 8.86551491567426 -23
      vertex -4.236503951072473 9.003029172036893 -23
    endloop
  endfacet
  facet normal 0 0 -1
    outer loop
      vertex -4.215344648390008 7.667683450383806 -23
      vertex -4.454112387815749 7.531492736284507 -23
      vertex -4.236503951072473 9.003029172036893 -23
    endloop
  endfacet
  facet normal 0 0 -1
    outer loop
      vertex -3.9724168727210345 7.796307086648219 -23
      vertex -4.215344648390008 7.667683450383806 -23
      vertex -3.951621511816068 9.131658525555611 -23
    endloop
  endfacet
  facet normal 0 0 -1
    outer loop
      vertex -4.215344648390008 7.667683450383806 -23
      vertex -4.236503951072473 9.003029172036893 -23
      vertex -3.951621511816068 9.131658525555611 -23
    endloop
  endfacet
  facet normal 0 0 -1
    outer loop
      vertex -3.7255688011943864 7.91723670907767 -23
      vertex -3.9724168727210345 7.796307086648219 -23
      vertex -3.951621511816068 9.131658525555611 -23
    endloop
  endfacet
  facet normal 0 0 -1
    outer loop
      vertex -3.7255688011943864 7.91723670907767 -23
      vertex -3.951621511816068 9.131658525555611 -23
      vertex -3.6628392992125445 9.251276034588102 -23
    endloop
  endfacet
  facet normal 0 0 -1
    outer loop
      vertex -3.4750440430543312 8.030352974734836 -23
      vertex -3.7255688011943864 7.91723670907767 -23
      vertex -3.6628392992125445 9.251276034588102 -23
    endloop
  endfacet
  facet normal 0 0 -1
    outer loop
      vertex -3.4750440430543312 8.030352974734836 -23
      vertex -3.370442306440648 9.361763651094543 -23
      vertex -3.2210898359909312 8.1355442515222 -23
    endloop
  endfacet
  facet normal 0 0 -1
    outer loop
      vertex -2.963956802146299 8.232706728349473 -23
      vertex -3.2210898359909312 8.1355442515222 -23
      vertex -3.0747190940307263 9.463012337136776 -23
    endloop
  endfacet
  facet normal 0 0 -1
    outer loop
      vertex -2.7038987007807895 8.321744517582593 -23
      vertex -2.963956802146299 8.232706728349473 -23
      vertex -2.7759615050903315 9.554922172485583 -23
    endloop
  endfacet
  facet normal 0 0 -1
    outer loop
      vertex -3.4750440430543312 8.030352974734836 -23
      vertex -3.6628392992125445 9.251276034588102 -23
      vertex -3.370442306440648 9.361763651094543 -23
    endloop
  endfacet
  facet normal 0 0 -1
    outer loop
      vertex -3.2210898359909312 8.1355442515222 -23
      vertex -3.370442306440648 9.361763651094543 -23
      vertex -3.0747190940307263 9.463012337136776 -23
    endloop
  endfacet
  facet normal 0 0 -1
    outer loop
      vertex -2.963956802146299 8.232706728349473 -23
      vertex -3.0747190940307263 9.463012337136776 -23
      vertex -2.7759615050903315 9.554922172485583 -23
    endloop
  endfacet
  facet normal 0 0 -1
    outer loop
      vertex -2.4411721778432565 8.402569749673251 -23
      vertex -2.7038987007807895 8.321744517582593 -23
      vertex -2.4744643772903054 9.637402453229878 -23
    endloop
  endfacet
  facet normal 0 0 -1
    outer loop
      vertex -2.4744643772903054 9.637402453229878 -23
      vertex -2.7038987007807895 8.321744517582593 -23
      vertex -2.7759615050903315 9.554922172485583 -23
    endloop
  endfacet
  facet normal -0.4954586684324056 0.8686315144381924 -2.915117342737315e-17
    outer loop
      vertex -4.793449057312066 8.719251466436441 -23
      vertex -5.064962086716195 8.564383168689238 -23
      vertex -5.064962086716193 8.56438316868924 0
    endloop
  endfacet
  facet normal -0.46792981426057556 0.8837656300886922 -4.631125149117471e-19
    outer loop
      vertex -4.517205472408491 8.86551491567426 -23
      vertex -4.793449057312066 8.719251466436441 -23
      vertex -4.793449057312066 8.719251466436441 0
    endloop
  endfacet
  facet normal -0.4399391698559144 0.898027575760616 -3.488301104317058e-19
    outer loop
      vertex -4.236503951072473 9.003029172036893 -23
      vertex -4.517205472408491 8.86551491567426 -23
      vertex -4.517205472408491 8.86551491567426 0
    endloop
  endfacet
  facet normal -0.4115143586051105 0.9114032766354445 1.4815130789299855e-19
    outer loop
      vertex -3.951621511816068 9.131658525555611 -23
      vertex -4.236503951072473 9.003029172036893 -23
      vertex -4.236503951072473 9.003029172036893 0
    endloop
  endfacet
  facet normal -0.3826834323650916 0.923879532511286 3.8496530530415566e-19
    outer loop
      vertex -3.6628392992125445 9.251276034588102 -23
      vertex -3.951621511816068 9.131658525555611 -23
      vertex -3.951621511816068 9.131658525555611 0
    endloop
  endfacet
  facet normal -0.35347484377925575 0.9354440308298678 0
    outer loop
      vertex -3.6628392992125445 9.251276034588102 -23
      vertex -3.6628392992125445 9.251276034588102 0
      vertex -3.370442306440648 9.361763651094543 -23
    endloop
  endfacet
  facet normal -0.3239174181981448 0.9460853588275469 4.1758981219551267e-20
    outer loop
      vertex -3.0747190940307263 9.463012337136776 -23
      vertex -3.370442306440648 9.361763651094543 -23
      vertex -3.370442306440648 9.361763651094543 0
    endloop
  endfacet
  facet normal -0.29404032523230733 0.955793014798329 3.3690620463364136e-20
    outer loop
      vertex -2.7759615050903315 9.554922172485583 -23
      vertex -3.0747190940307263 9.463012337136776 -23
      vertex -3.0747190940307263 9.463012337136776 0
    endloop
  endfacet
  facet normal -0.2638730499653717 0.9645574184577984 -1.9200915929193328e-19
    outer loop
      vertex -2.4744643772903054 9.637402453229878 -23
      vertex -2.7759615050903315 9.554922172485583 -23
      vertex -2.7759615050903315 9.554922172485583 0
    endloop
  endfacet
  facet normal 0 0 -1
    outer loop
      vertex -2.17603651269248 8.475102659875521 -23
      vertex -2.4411721778432565 8.402569749673251 -23
      vertex -2.1705252518955973 9.710371781290537 -23
    endloop
  endfacet
  facet normal 0 0 -1
    outer loop
      vertex -2.4411721778432565 8.402569749673251 -23
      vertex -2.4744643772903054 9.637402453229878 -23
      vertex -2.1705252518955973 9.710371781290537 -23
    endloop
  endfacet
  facet normal 0 0 -1
    outer loop
      vertex -1.9087533622197466 8.53927166696404 -23
      vertex -2.17603651269248 8.475102659875521 -23
      vertex -2.1705252518955973 9.710371781290537 -23
    endloop
  endfacet
  facet normal 0 0 -1
    outer loop
      vertex -1.9087533622197466 8.53927166696404 -23
      vertex -2.1705252518955973 9.710371781290537 -23
      vertex -1.8644440801279594 9.773758144750452 -23
    endloop
  endfacet
  facet normal 0 0 -1
    outer loop
      vertex -1.63958650262509 8.595013443876026 -23
      vertex -1.9087533622197466 8.53927166696404 -23
      vertex -1.8644440801279594 9.773758144750452 -23
    endloop
  endfacet
  facet normal 0 0 -1
    outer loop
      vertex -1.36880156910202 8.642272980207455 -23
      vertex -1.63958650262509 8.595013443876026 -23
      vertex -1.556522927150297 9.82749898892162 -23
    endloop
  endfacet
  facet normal 0 0 -1
    outer loop
      vertex -1.63958650262509 8.595013443876026 -23
      vertex -1.8644440801279594 9.773758144750452 -23
      vertex -1.556522927150297 9.82749898892162 -23
    endloop
  endfacet
  facet normal 0 0 -1
    outer loop
      vertex -1.36880156910202 8.642272980207455 -23
      vertex -1.556522927150297 9.82749898892162 -23
      vertex -1.2470656739648276 9.871541278079054 -23
    endloop
  endfacet
  facet normal 0 0 -1
    outer loop
      vertex -1.0966657936876625 8.681003636501682 -23
      vertex -1.36880156910202 8.642272980207455 -23
      vertex -1.2470656739648276 9.871541278079054 -23
    endloop
  endfacet
  facet normal 0 0 -1
    outer loop
      vertex -1.0966657936876625 8.681003636501682 -23
      vertex -0.9363777175192184 9.905841547800645 -23
      vertex -0.8234477415370012 8.71116719027695 -23
    endloop
  endfacet
  facet normal 0 0 -1
    outer loop
      vertex -0.5494170458814912 8.732733873747376 -23
      vertex -0.8234477415370012 8.71116719027695 -23
      vertex -0.6247656693166671 9.9303659478613 -23
    endloop
  endfacet
  facet normal 0 0 -1
    outer loop
      vertex -1.0966657936876625 8.681003636501682 -23
      vertex -1.2470656739648276 9.871541278079054 -23
      vertex -0.9363777175192184 9.905841547800645 -23
    endloop
  endfacet
  facet normal 0 0 -1
    outer loop
      vertex -0.8234477415370012 8.71116719027695 -23
      vertex -0.9363777175192184 9.905841547800645 -23
      vertex -0.6247656693166671 9.9303659478613 -23
    endloop
  endfacet
  facet normal 0 0 -1
    outer loop
      vertex -0.27484414193362217 8.745682403200151 -23
      vertex -0.5494170458814912 8.732733873747376 -23
      vertex -0.3125370528273761 9.945090275639028 -23
    endloop
  endfacet
  facet normal 0 0 -1
    outer loop
      vertex 0 8.75 -23
      vertex -0.27484414193362217 8.745682403200151 -23
      vertex 0 9.95 -23
    endloop
  endfacet
  facet normal 0 0 -1
    outer loop
      vertex -0.5494170458814912 8.732733873747376 -23
      vertex -0.6247656693166671 9.9303659478613 -23
      vertex -0.3125370528273761 9.945090275639028 -23
    endloop
  endfacet
  facet normal 0 0 -1
    outer loop
      vertex -0.27484414193362217 8.745682403200151 -23
      vertex -0.3125370528273761 9.945090275639028 -23
      vertex 0 9.95 -23
    endloop
  endfacet
  facet normal -0.23344536385590825 0.9723699203976759 1.9784510255730266e-19
    outer loop
      vertex -2.1705252518955973 9.710371781290537 -23
      vertex -2.4744643772903054 9.637402453229878 -23
      vertex -2.4744643772903054 9.637402453229878 0
    endloop
  endfacet
  facet normal -0.2027872953565131 0.9792228106217656 -1.0442160066813501e-19
    outer loop
      vertex -1.8644440801279594 9.773758144750452 -23
      vertex -2.1705252518955973 9.710371781290537 -23
      vertex -2.1705252518955973 9.710371781290537 0
    endloop
  endfacet
  facet normal -0.17192910027940975 0.9851093261547739 3.4250577489526337e-20
    outer loop
      vertex -1.556522927150297 9.82749898892162 -23
      vertex -1.8644440801279594 9.773758144750452 -23
      vertex -1.8644440801279594 9.773758144750452 0
    endloop
  endfacet
  facet normal -0.1409012319375804 0.9900236577165579 -7.611914155315804e-20
    outer loop
      vertex -1.2470656739648276 9.871541278079054 -23
      vertex -1.556522927150297 9.82749898892162 -23
      vertex -1.556522927150297 9.82749898892162 0
    endloop
  endfacet
  facet normal -0.10973431109104272 0.99396095545518 8.713704197015512e-20
    outer loop
      vertex -0.9363777175192184 9.905841547800645 -23
      vertex -1.2470656739648276 9.871541278079054 -23
      vertex -1.2470656739648276 9.871541278079054 0
    endloop
  endfacet
  facet normal -0.07845909572784521 0.9969173337331279 3.529698241684333e-20
    outer loop
      vertex -0.6247656693166671 9.9303659478613 -23
      vertex -0.9363777175192184 9.905841547800645 -23
      vertex -0.9363777175192184 9.905841547800645 0
    endloop
  endfacet
  facet normal -0.047106450709645475 0.9988898749619698 3.91051183760466e-20
    outer loop
      vertex -0.3125370528273761 9.945090275639028 -23
      vertex -0.6247656693166671 9.9303659478613 -23
      vertex -0.6247656693166671 9.9303659478613 0
    endloop
  endfacet
  facet normal -0.015707317311820075 0.9998766324816607 1.415718214417249e-20
    outer loop
      vertex 0 9.95 -23
      vertex -0.3125370528273761 9.945090275639028 -23
      vertex -0.3125370528273761 9.945090275639028 0
    endloop
  endfacet
  facet normal -0.4954586684324037 0.8686315144381933 0
    outer loop
      vertex -4.793449057312066 8.719251466436441 -23
      vertex -5.064962086716193 8.56438316868924 0
      vertex -4.793449057312066 8.719251466436441 0
    endloop
  endfacet
  facet normal -0.46792981426057556 0.8837656300886922 0
    outer loop
      vertex -4.517205472408491 8.86551491567426 -23
      vertex -4.793449057312066 8.719251466436441 0
      vertex -4.517205472408491 8.86551491567426 0
    endloop
  endfacet
  facet normal -0.4399391698559144 0.898027575760616 0
    outer loop
      vertex -4.236503951072473 9.003029172036893 -23
      vertex -4.517205472408491 8.86551491567426 0
      vertex -4.236503951072473 9.003029172036893 0
    endloop
  endfacet
  facet normal -0.4115143586051105 0.9114032766354445 0
    outer loop
      vertex -3.951621511816068 9.131658525555611 -23
      vertex -4.236503951072473 9.003029172036893 0
      vertex -3.951621511816068 9.131658525555611 0
    endloop
  endfacet
  facet normal -0.3826834323650916 0.923879532511286 0
    outer loop
      vertex -3.6628392992125445 9.251276034588102 -23
      vertex -3.951621511816068 9.131658525555611 0
      vertex -3.6628392992125445 9.251276034588102 0
    endloop
  endfacet
  facet normal -0.35347484377925575 0.9354440308298678 0
    outer loop
      vertex -3.370442306440648 9.361763651094543 -23
      vertex -3.6628392992125445 9.251276034588102 0
      vertex -3.370442306440648 9.361763651094543 0
    endloop
  endfacet
  facet normal -0.3239174181981448 0.9460853588275469 0
    outer loop
      vertex -3.0747190940307263 9.463012337136776 -23
      vertex -3.370442306440648 9.361763651094543 0
      vertex -3.0747190940307263 9.463012337136776 0
    endloop
  endfacet
  facet normal -0.29404032523230733 0.955793014798329 0
    outer loop
      vertex -2.7759615050903315 9.554922172485583 -23
      vertex -3.0747190940307263 9.463012337136776 0
      vertex -2.7759615050903315 9.554922172485583 0
    endloop
  endfacet
  facet normal -0.2638730499653717 0.9645574184577984 0
    outer loop
      vertex -2.4744643772903054 9.637402453229878 -23
      vertex -2.7759615050903315 9.554922172485583 0
      vertex -2.4744643772903054 9.637402453229878 0
    endloop
  endfacet
  facet normal -0.23344536385590825 0.9723699203976759 0
    outer loop
      vertex -2.1705252518955973 9.710371781290537 -23
      vertex -2.4744643772903054 9.637402453229878 0
      vertex -2.1705252518955973 9.710371781290537 0
    endloop
  endfacet
  facet normal -0.2027872953565131 0.9792228106217656 0
    outer loop
      vertex -1.8644440801279594 9.773758144750452 -23
      vertex -2.1705252518955973 9.710371781290537 0
      vertex -1.8644440801279594 9.773758144750452 0
    endloop
  endfacet
  facet normal -0.17192910027940975 0.9851093261547739 0
    outer loop
      vertex -1.556522927150297 9.82749898892162 -23
      vertex -1.8644440801279594 9.773758144750452 0
      vertex -1.556522927150297 9.82749898892162 0
    endloop
  endfacet
  facet normal -0.1409012319375804 0.9900236577165579 0
    outer loop
      vertex -1.2470656739648276 9.871541278079054 -23
      vertex -1.556522927150297 9.82749898892162 0
      vertex -1.2470656739648276 9.871541278079054 0
    endloop
  endfacet
  facet normal -0.10973431109104272 0.99396095545518 0
    outer loop
      vertex -0.9363777175192184 9.905841547800645 -23
      vertex -1.2470656739648276 9.871541278079054 0
      vertex -0.9363777175192184 9.905841547800645 0
    endloop
  endfacet
  facet normal -0.07845909572784521 0.9969173337331279 0
    outer loop
      vertex -0.6247656693166671 9.9303659478613 -23
      vertex -0.9363777175192184 9.905841547800645 0
      vertex -0.6247656693166671 9.9303659478613 0
    endloop
  endfacet
  facet normal -0.047106450709645475 0.9988898749619698 0
    outer loop
      vertex -0.3125370528273761 9.945090275639028 -23
      vertex -0.6247656693166671 9.9303659478613 0
      vertex -0.3125370528273761 9.945090275639028 0
    endloop
  endfacet
  facet normal -0.015707317311820075 0.9998766324816607 0
    outer loop
      vertex 0 9.95 -23
      vertex -0.3125370528273761 9.945090275639028 0
      vertex 0 9.95 0
    endloop
  endfacet
  facet normal 0 0 -1
    outer loop
      vertex 0.3125370528273784 -9.945090275639028 -23
      vertex 0 -9.95 -23
      vertex 0.2748441419336243 -8.745682403200151 -23
    endloop
  endfacet
  facet normal 0 0 -1
    outer loop
      vertex 0.6247656693166719 -9.9303659478613 -23
      vertex 0.3125370528273784 -9.945090275639028 -23
      vertex 0.5494170458814954 -8.732733873747376 -23
    endloop
  endfacet
  facet normal 0 0 -1
    outer loop
      vertex 0.2748441419336243 -8.745682403200151 -23
      vertex 0 -9.95 -23
      vertex 0 -8.75 -23
    endloop
  endfacet
  facet normal 0 0 -1
    outer loop
      vertex 0.3125370528273784 -9.945090275639028 -23
      vertex 0.2748441419336243 -8.745682403200151 -23
      vertex 0.5494170458814954 -8.732733873747376 -23
    endloop
  endfacet
  facet normal 0 0 -1
    outer loop
      vertex 0.9363777175192135 -9.905841547800645 -23
      vertex 0.6247656693166719 -9.9303659478613 -23
      vertex 0.8234477415369968 -8.71116719027695 -23
    endloop
  endfacet
  facet normal 0 0 -1
    outer loop
      vertex 1.2470656739648254 -9.871541278079054 -23
      vertex 0.9363777175192135 -9.905841547800645 -23
      vertex 1.0966657936876605 -8.681003636501682 -23
    endloop
  endfacet
  facet normal 0 0 -1
    outer loop
      vertex 0.6247656693166719 -9.9303659478613 -23
      vertex 0.5494170458814954 -8.732733873747376 -23
      vertex 0.8234477415369968 -8.71116719027695 -23
    endloop
  endfacet
  facet normal 0 0 -1
    outer loop
      vertex 0.9363777175192135 -9.905841547800645 -23
      vertex 0.8234477415369968 -8.71116719027695 -23
      vertex 1.0966657936876605 -8.681003636501682 -23
    endloop
  endfacet
  facet normal 0 0 -1
    outer loop
      vertex 1.2470656739648254 -9.871541278079054 -23
      vertex 1.0966657936876605 -8.681003636501682 -23
      vertex 1.36880156910202 -8.642272980207455 -23
    endloop
  endfacet
  facet normal 0 0 -1
    outer loop
      vertex 1.556522927150297 -9.82749898892162 -23
      vertex 1.2470656739648254 -9.871541278079054 -23
      vertex 1.36880156910202 -8.642272980207455 -23
    endloop
  endfacet
  facet normal 0 0 -1
    outer loop
      vertex 1.8644440801279618 -9.77375814475045 -23
      vertex 1.556522927150297 -9.82749898892162 -23
      vertex 1.6395865026250922 -8.595013443876026 -23
    endloop
  endfacet
  facet normal 0 0 -1
    outer loop
      vertex 1.556522927150297 -9.82749898892162 -23
      vertex 1.36880156910202 -8.642272980207455 -23
      vertex 1.6395865026250922 -8.595013443876026 -23
    endloop
  endfacet
  facet normal 0 0 -1
    outer loop
      vertex 1.8644440801279618 -9.77375814475045 -23
      vertex 1.6395865026250922 -8.595013443876026 -23
      vertex 1.9087533622197506 -8.539271666964039 -23
    endloop
  endfacet
  facet normal 0 0 -1
    outer loop
      vertex 2.1705252518956017 -9.710371781290535 -23
      vertex 1.8644440801279618 -9.77375814475045 -23
      vertex 1.9087533622197506 -8.539271666964039 -23
    endloop
  endfacet
  facet normal 0 0 -1
    outer loop
      vertex 2.1705252518956017 -9.710371781290535 -23
      vertex 1.9087533622197506 -8.539271666964039 -23
      vertex 2.17603651269248 -8.475102659875521 -23
    endloop
  endfacet
  facet normal 0 0 -1
    outer loop
      vertex 2.4744643772903054 -9.637402453229878 -23
      vertex 2.1705252518956017 -9.710371781290535 -23
      vertex 2.4411721778432542 -8.402569749673253 -23
    endloop
  endfacet
  facet normal 0 0 -1
    outer loop
      vertex 2.1705252518956017 -9.710371781290535 -23
      vertex 2.17603651269248 -8.475102659875521 -23
      vertex 2.4411721778432542 -8.402569749673253 -23
    endloop
  endfacet
  facet normal 0.01570731731181996 -0.9998766324816607 0
    outer loop
      vertex 0.3125370528273784 -9.945090275639028 -23
      vertex 0.3125370528273784 -9.945090275639028 0
      vertex 0 -9.95 -23
    endloop
  endfacet
  facet normal 0.047106450709645115 -0.9988898749619698 0
    outer loop
      vertex 0.6247656693166719 -9.9303659478613 -23
      vertex 0.6247656693166719 -9.9303659478613 0
      vertex 0.3125370528273784 -9.945090275639028 -23
    endloop
  endfacet
  facet normal 0.07845909572784764 -0.9969173337331277 0
    outer loop
      vertex 0.9363777175192135 -9.905841547800645 -23
      vertex 0.9363777175192135 -9.905841547800645 0
      vertex 0.6247656693166719 -9.9303659478613 -23
    endloop
  endfacet
  facet normal 0.10973431109104179 -0.99396095545518 0
    outer loop
      vertex 1.2470656739648254 -9.871541278079054 -23
      vertex 1.2470656739648254 -9.871541278079054 0
      vertex 0.9363777175192135 -9.905841547800645 -23
    endloop
  endfacet
  facet normal 0.14090123193757942 -0.990023657716558 0
    outer loop
      vertex 1.556522927150297 -9.82749898892162 -23
      vertex 1.556522927150297 -9.82749898892162 0
      vertex 1.2470656739648254 -9.871541278079054 -23
    endloop
  endfacet
  facet normal 0.17192910027941394 -0.9851093261547732 0
    outer loop
      vertex 1.8644440801279618 -9.77375814475045 -23
      vertex 1.8644440801279618 -9.77375814475045 0
      vertex 1.556522927150297 -9.82749898892162 -23
    endloop
  endfacet
  facet normal 0.20278729535651183 -0.9792228106217659 0
    outer loop
      vertex 2.1705252518956017 -9.710371781290535 -23
      vertex 2.1705252518956017 -9.710371781290535 0
      vertex 1.8644440801279618 -9.77375814475045 -23
    endloop
  endfacet
  facet normal 0.23344536385590614 -0.9723699203976764 -3.453221104017923e-17
    outer loop
      vertex 2.4744643772903054 -9.637402453229878 -23
      vertex 2.4744643772903014 -9.63740245322988 0
      vertex 2.1705252518956017 -9.710371781290535 -23
    endloop
  endfacet
  facet normal 0 0 -1
    outer loop
      vertex 2.775961505090329 -9.554922172485584 -23
      vertex 2.4744643772903054 -9.637402453229878 -23
      vertex 2.7038987007807895 -8.321744517582593 -23
    endloop
  endfacet
  facet normal 0 0 -1
    outer loop
      vertex 2.7038987007807895 -8.321744517582593 -23
      vertex 2.4744643772903054 -9.637402453229878 -23
      vertex 2.4411721778432542 -8.402569749673253 -23
    endloop
  endfacet
  facet normal 0 0 -1
    outer loop
      vertex 3.0747190940307263 -9.463012337136776 -23
      vertex 2.775961505090329 -9.554922172485584 -23
      vertex 2.9639568021463014 -8.232706728349473 -23
    endloop
  endfacet
  facet normal 0 0 -1
    outer loop
      vertex 3.3704423064406512 -9.361763651094543 -23
      vertex 3.0747190940307263 -9.463012337136776 -23
      vertex 3.2210898359909312 -8.1355442515222 -23
    endloop
  endfacet
  facet normal 0 0 -1
    outer loop
      vertex 3.3704423064406512 -9.361763651094543 -23
      vertex 3.4750440430543312 -8.030352974734836 -23
      vertex 3.6628392992125445 -9.251276034588102 -23
    endloop
  endfacet
  facet normal 0 0 -1
    outer loop
      vertex 2.775961505090329 -9.554922172485584 -23
      vertex 2.7038987007807895 -8.321744517582593 -23
      vertex 2.9639568021463014 -8.232706728349473 -23
    endloop
  endfacet
  facet normal 0 0 -1
    outer loop
      vertex 3.0747190940307263 -9.463012337136776 -23
      vertex 2.9639568021463014 -8.232706728349473 -23
      vertex 3.2210898359909312 -8.1355442515222 -23
    endloop
  endfacet
  facet normal 0 0 -1
    outer loop
      vertex 3.3704423064406512 -9.361763651094543 -23
      vertex 3.2210898359909312 -8.1355442515222 -23
      vertex 3.4750440430543312 -8.030352974734836 -23
    endloop
  endfacet
  facet normal 0 0 -1
    outer loop
      vertex 3.6628392992125445 -9.251276034588102 -23
      vertex 3.4750440430543312 -8.030352974734836 -23
      vertex 3.7255688011943837 -7.917236709077671 -23
    endloop
  endfacet
  facet normal 0 0 -1
    outer loop
      vertex 3.951621511816068 -9.131658525555611 -23
      vertex 3.6628392992125445 -9.251276034588102 -23
      vertex 3.7255688011943837 -7.917236709077671 -23
    endloop
  endfacet
  facet normal 0 0 -1
    outer loop
      vertex 3.951621511816068 -9.131658525555611 -23
      vertex 3.7255688011943837 -7.917236709077671 -23
      vertex 3.9724168727210345 -7.796307086648219 -23
    endloop
  endfacet
  facet normal 0 0 -1
    outer loop
      vertex 4.2365039510724705 -9.003029172036895 -23
      vertex 3.951621511816068 -9.131658525555611 -23
      vertex 4.215344648390009 -7.667683450383805 -23
    endloop
  endfacet
  facet normal 0 0 -1
    outer loop
      vertex 3.951621511816068 -9.131658525555611 -23
      vertex 3.9724168727210345 -7.796307086648219 -23
      vertex 4.215344648390009 -7.667683450383805 -23
    endloop
  endfacet
  facet normal 0 0 -1
    outer loop
      vertex 4.2365039510724705 -9.003029172036895 -23
      vertex 4.215344648390009 -7.667683450383805 -23
      vertex 4.454112387815748 -7.531492736284508 -23
    endloop
  endfacet
  facet normal 0 0 -1
    outer loop
      vertex 4.517205472408491 -8.86551491567426 -23
      vertex 4.2365039510724705 -9.003029172036895 -23
      vertex 4.454112387815748 -7.531492736284508 -23
    endloop
  endfacet
  facet normal 0 0 -1
    outer loop
      vertex 4.793449057312068 -8.719251466436441 -23
      vertex 4.517205472408491 -8.86551491567426 -23
      vertex 4.688484456066221 -7.3878693481426305 -23
    endloop
  endfacet
  facet normal 0 0 -1
    outer loop
      vertex 5.064962086716193 -8.56438316868924 -23
      vertex 4.793449057312068 -8.719251466436441 -23
      vertex 4.918229556206142 -7.236955024902417 -23
    endloop
  endfacet
  facet normal 0 0 -1
    outer loop
      vertex 4.517205472408491 -8.86551491567426 -23
      vertex 4.454112387815748 -7.531492736284508 -23
      vertex 4.688484456066221 -7.3878693481426305 -23
    endloop
  endfacet
  facet normal 0 0 -1
    outer loop
      vertex 4.793449057312068 -8.719251466436441 -23
      vertex 4.688484456066221 -7.3878693481426305 -23
      vertex 4.918229556206142 -7.236955024902417 -23
    endloop
  endfacet
  facet normal 0.26387304996536853 -0.9645574184577992 0
    outer loop
      vertex 2.775961505090329 -9.554922172485584 -23
      vertex 2.775961505090329 -9.554922172485584 0
      vertex 2.4744643772903054 -9.637402453229878 -23
    endloop
  endfacet
  facet normal 0.2940403252323101 -0.9557930147983282 0
    outer loop
      vertex 3.0747190940307263 -9.463012337136776 -23
      vertex 3.0747190940307263 -9.463012337136776 0
      vertex 2.775961505090329 -9.554922172485584 -23
    endloop
  endfacet
  facet normal 0.3239174181981418 -0.9460853588275481 0
    outer loop
      vertex 3.3704423064406512 -9.361763651094543 -23
      vertex 3.3704423064406512 -9.361763651094543 0
      vertex 3.0747190940307263 -9.463012337136776 -23
    endloop
  endfacet
  facet normal 0.35347484377925903 -0.9354440308298666 7.907203330941643e-17
    outer loop
      vertex 3.662839299212544 -9.2512760345881 0
      vertex 3.3704423064406512 -9.361763651094543 -23
      vertex 3.6628392992125445 -9.251276034588102 -23
    endloop
  endfacet
  facet normal 0.3826834323650916 -0.923879532511286 2.5354828112567584e-18
    outer loop
      vertex 3.951621511816068 -9.131658525555611 -23
      vertex 3.9516215118160636 -9.131658525555613 0
      vertex 3.6628392992125445 -9.251276034588102 -23
    endloop
  endfacet
  facet normal 0.41151435860510893 -0.9114032766354451 0
    outer loop
      vertex 4.2365039510724705 -9.003029172036895 -23
      vertex 4.2365039510724705 -9.003029172036895 0
      vertex 3.951621511816068 -9.131658525555611 -23
    endloop
  endfacet
  facet normal 0.43993916985591563 -0.8980275757606154 0
    outer loop
      vertex 4.517205472408491 -8.86551491567426 -23
      vertex 4.517205472408491 -8.86551491567426 0
      vertex 4.2365039510724705 -9.003029172036895 -23
    endloop
  endfacet
  facet normal 0.46792981426057323 -0.8837656300886935 0
    outer loop
      vertex 4.793449057312068 -8.719251466436441 -23
      vertex 4.793449057312068 -8.719251466436441 0
      vertex 4.517205472408491 -8.86551491567426 -23
    endloop
  endfacet
  facet normal 0.4954586684324062 -0.8686315144381921 8.621979255416968e-17
    outer loop
      vertex 5.064962086716192 -8.564383168689238 0
      vertex 4.793449057312068 -8.719251466436441 -23
      vertex 5.064962086716193 -8.56438316868924 -23
    endloop
  endfacet
  facet normal 0.01570731731181996 -0.9998766324816607 0
    outer loop
      vertex 0 -9.95 -23
      vertex 0.3125370528273784 -9.945090275639028 0
      vertex 0 -9.95 0
    endloop
  endfacet
  facet normal 0.047106450709645115 -0.9988898749619698 0
    outer loop
      vertex 0.3125370528273784 -9.945090275639028 -23
      vertex 0.6247656693166719 -9.9303659478613 0
      vertex 0.3125370528273784 -9.945090275639028 0
    endloop
  endfacet
  facet normal 0.07845909572784764 -0.9969173337331277 0
    outer loop
      vertex 0.6247656693166719 -9.9303659478613 -23
      vertex 0.9363777175192135 -9.905841547800645 0
      vertex 0.6247656693166719 -9.9303659478613 0
    endloop
  endfacet
  facet normal 0.10973431109104179 -0.99396095545518 0
    outer loop
      vertex 0.9363777175192135 -9.905841547800645 -23
      vertex 1.2470656739648254 -9.871541278079054 0
      vertex 0.9363777175192135 -9.905841547800645 0
    endloop
  endfacet
  facet normal 0.14090123193757942 -0.990023657716558 0
    outer loop
      vertex 1.2470656739648254 -9.871541278079054 -23
      vertex 1.556522927150297 -9.82749898892162 0
      vertex 1.2470656739648254 -9.871541278079054 0
    endloop
  endfacet
  facet normal 0.17192910027941394 -0.9851093261547732 0
    outer loop
      vertex 1.556522927150297 -9.82749898892162 -23
      vertex 1.8644440801279618 -9.77375814475045 0
      vertex 1.556522927150297 -9.82749898892162 0
    endloop
  endfacet
  facet normal 0.20278729535651183 -0.9792228106217659 0
    outer loop
      vertex 1.8644440801279618 -9.77375814475045 -23
      vertex 2.1705252518956017 -9.710371781290535 0
      vertex 1.8644440801279618 -9.77375814475045 0
    endloop
  endfacet
  facet normal 0.23344536385590364 -0.972369920397677 0
    outer loop
      vertex 2.1705252518956017 -9.710371781290535 -23
      vertex 2.4744643772903014 -9.63740245322988 0
      vertex 2.1705252518956017 -9.710371781290535 0
    endloop
  endfacet
  facet normal 0.2638730499653706 -0.9645574184577987 -2.8641286910136196e-17
    outer loop
      vertex 2.4744643772903054 -9.637402453229878 -23
      vertex 2.775961505090329 -9.554922172485584 0
      vertex 2.4744643772903014 -9.63740245322988 0
    endloop
  endfacet
  facet normal 0.2940403252323101 -0.9557930147983282 0
    outer loop
      vertex 2.775961505090329 -9.554922172485584 -23
      vertex 3.0747190940307263 -9.463012337136776 0
      vertex 2.775961505090329 -9.554922172485584 0
    endloop
  endfacet
  facet normal 0.3239174181981418 -0.9460853588275481 0
    outer loop
      vertex 3.0747190940307263 -9.463012337136776 -23
      vertex 3.3704423064406512 -9.361763651094543 0
      vertex 3.0747190940307263 -9.463012337136776 0
    endloop
  endfacet
  facet normal 0.35347484377926447 -0.9354440308298645 -2.3072814161698215e-19
    outer loop
      vertex 3.662839299212544 -9.2512760345881 0
      vertex 3.3704423064406512 -9.361763651094543 0
      vertex 3.3704423064406512 -9.361763651094543 -23
    endloop
  endfacet
  facet normal 0.3826834323650865 -0.9238795325112882 7.874283954174147e-17
    outer loop
      vertex 3.662839299212544 -9.2512760345881 0
      vertex 3.6628392992125445 -9.251276034588102 -23
      vertex 3.9516215118160636 -9.131658525555613 0
    endloop
  endfacet
  facet normal 0.4115143586051084 -0.9114032766354455 9.065800854165513e-18
    outer loop
      vertex 3.951621511816068 -9.131658525555611 -23
      vertex 4.2365039510724705 -9.003029172036895 0
      vertex 3.9516215118160636 -9.131658525555613 0
    endloop
  endfacet
  facet normal 0.43993916985591563 -0.8980275757606154 0
    outer loop
      vertex 4.2365039510724705 -9.003029172036895 -23
      vertex 4.517205472408491 -8.86551491567426 0
      vertex 4.2365039510724705 -9.003029172036895 0
    endloop
  endfacet
  facet normal 0.46792981426057323 -0.8837656300886935 0
    outer loop
      vertex 4.517205472408491 -8.86551491567426 -23
      vertex 4.793449057312068 -8.719251466436441 0
      vertex 4.517205472408491 -8.86551491567426 0
    endloop
  endfacet
  facet normal 0.4954586684324117 -0.8686315144381889 1.821478475785869e-19
    outer loop
      vertex 5.064962086716192 -8.564383168689238 0
      vertex 4.793449057312068 -8.719251466436441 0
      vertex 4.793449057312068 -8.719251466436441 -23
    endloop
  endfacet
  facet normal 0 0 -1
    outer loop
      vertex 5.331476610041016 -8.401062858745048 -23
      vertex 5.064962086716193 -8.56438316868924 -23
      vertex 5.14312095755914 -7.07889870078079 -23
    endloop
  endfacet
  facet normal 0 0 -1
    outer loop
      vertex 5.064962086716193 -8.56438316868924 -23
      vertex 4.918229556206142 -7.236955024902417 -23
      vertex 5.14312095755914 -7.07889870078079 -23
    endloop
  endfacet
  facet normal 0 0 -1
    outer loop
      vertex 5.331476610041016 -8.401062858745048 -23
      vertex 5.14312095755914 -7.07889870078079 -23
      vertex 5.362936719463546 -6.913856358287289 -23
    endloop
  endfacet
  facet normal 0 0 -1
    outer loop
      vertex 5.331476610041016 -8.401062858745048 -23
      vertex 5.362936719463546 -6.913856358287289 -23
      vertex 5.592729609628698 -8.22945171403189 -23
    endloop
  endfacet
  facet normal 0 0 -1
    outer loop
      vertex 5.848463260310107 -8.049719094030726 -23
      vertex 5.592729609628698 -8.22945171403189 -23
      vertex 5.786478821581954 -6.563471859266521 -23
    endloop
  endfacet
  facet normal 0.5224985647159528 -0.8526401643540897 -3.081854902045604e-17
    outer loop
      vertex 5.331476610041016 -8.401062858745048 -23
      vertex 5.331476610041012 -8.401062858745052 0
      vertex 5.064962086716193 -8.56438316868924 -23
    endloop
  endfacet
  facet normal 0.5490228179981282 -0.8358073613682726 3.1325339825156144e-19
    outer loop
      vertex 5.331476610041016 -8.401062858745048 -23
      vertex 5.592729609628698 -8.22945171403189 -23
      vertex 5.592729609628698 -8.22945171403189 0
    endloop
  endfacet
  facet normal 0.5750052520432796 -0.8181497174250227 0
    outer loop
      vertex 5.848463260310107 -8.049719094030726 -23
      vertex 5.848463260310107 -8.049719094030726 0
      vertex 5.592729609628698 -8.22945171403189 -23
    endloop
  endfacet
  facet normal 0.6004202253258846 -0.7996846584870902 0
    outer loop
      vertex 6.098425183847118 -7.862042373138117 -23
      vertex 6.098425183847118 -7.862042373138117 0
      vertex 5.848463260310107 -8.049719094030726 -23
    endloop
  endfacet
  facet normal 0.6252426563357026 -0.7804304073383317 3.013745416850802e-17
    outer loop
      vertex 6.342368697999461 -7.666606765619103 0
      vertex 6.098425183847118 -7.862042373138117 -23
      vertex 6.342368697999461 -7.666606765619104 -23
    endloop
  endfacet
  facet normal 0.6494480483301857 -0.7604059656000293 7.940175251628137e-18
    outer loop
      vertex 6.580053059970332 -7.4636051428230745 0
      vertex 6.342368697999461 -7.666606765619104 -23
      vertex 6.580053059970337 -7.463605142823071 -23
    endloop
  endfacet
  facet normal 0 0 -1
    outer loop
      vertex 5.592729609628698 -8.22945171403189 -23
      vertex 5.362936719463546 -6.913856358287289 -23
      vertex 5.577459910301035 -6.741990874288157 -23
    endloop
  endfacet
  facet normal 0 0 -1
    outer loop
      vertex 5.592729609628698 -8.22945171403189 -23
      vertex 5.577459910301035 -6.741990874288157 -23
      vertex 5.786478821581954 -6.563471859266521 -23
    endloop
  endfacet
  facet normal 0 0 -1
    outer loop
      vertex 5.848463260310107 -8.049719094030726 -23
      vertex 5.786478821581954 -6.563471859266521 -23
      vertex 5.989787176876025 -6.378475489937352 -23
    endloop
  endfacet
  facet normal 0 0 -1
    outer loop
      vertex 6.098425183847118 -7.862042373138117 -23
      vertex 5.848463260310107 -8.049719094030726 -23
      vertex 5.989787176876025 -6.378475489937352 -23
    endloop
  endfacet
  facet normal 0 0 -1
    outer loop
      vertex 6.342368697999461 -7.666606765619104 -23
      vertex 6.098425183847118 -7.862042373138117 -23
      vertex 6.187184335382291 -6.187184335382291 -23
    endloop
  endfacet
  facet normal 0 0 -1
    outer loop
      vertex 6.098425183847118 -7.862042373138117 -23
      vertex 5.989787176876025 -6.378475489937352 -23
      vertex 6.187184335382291 -6.187184335382291 -23
    endloop
  endfacet
  facet normal 0 0 -1
    outer loop
      vertex 6.580053059970337 -7.463605142823071 -23
      vertex 6.342368697999461 -7.666606765619104 -23
      vertex 6.378475489937352 -5.989787176876025 -23
    endloop
  endfacet
  facet normal 0 0 -1
    outer loop
      vertex 6.342368697999461 -7.666606765619104 -23
      vertex 6.187184335382291 -6.187184335382291 -23
      vertex 6.378475489937352 -5.989787176876025 -23
    endloop
  endfacet
  facet normal 0 0 -1
    outer loop
      vertex 6.580053059970337 -7.463605142823071 -23
      vertex 6.378475489937352 -5.989787176876025 -23
      vertex 6.563471859266521 -5.786478821581954 -23
    endloop
  endfacet
  facet normal 0 0 -1
    outer loop
      vertex 6.580053059970337 -7.463605142823071 -23
      vertex 6.741990874288157 -5.577459910301035 -23
      vertex 6.81124370399045 -7.2532378428430455 -23
    endloop
  endfacet
  facet normal 0 0 -1
    outer loop
      vertex 6.580053059970337 -7.463605142823071 -23
      vertex 6.563471859266521 -5.786478821581954 -23
      vertex 6.741990874288157 -5.577459910301035 -23
    endloop
  endfacet
  facet normal 0 0 -1
    outer loop
      vertex 7.035712472806148 -7.035712472806148 -23
      vertex 6.81124370399045 -7.2532378428430455 -23
      vertex 6.913856358287289 -5.362936719463546 -23
    endloop
  endfacet
  facet normal 0 0 -1
    outer loop
      vertex 7.035712472806148 -7.035712472806148 -23
      vertex 7.07889870078079 -5.14312095755914 -23
      vertex 7.2532378428430455 -6.81124370399045 -23
    endloop
  endfacet
  facet normal 0 0 -1
    outer loop
      vertex 6.81124370399045 -7.2532378428430455 -23
      vertex 6.741990874288157 -5.577459910301035 -23
      vertex 6.913856358287289 -5.362936719463546 -23
    endloop
  endfacet
  facet normal 0 0 -1
    outer loop
      vertex 7.035712472806148 -7.035712472806148 -23
      vertex 6.913856358287289 -5.362936719463546 -23
      vertex 7.07889870078079 -5.14312095755914 -23
    endloop
  endfacet
  facet normal 0 0 -1
    outer loop
      vertex 7.463605142823071 -6.580053059970337 -23
      vertex 7.2532378428430455 -6.81124370399045 -23
      vertex 7.3878693481426305 -4.688484456066221 -23
    endloop
  endfacet
  facet normal 0 0 -1
    outer loop
      vertex 7.2532378428430455 -6.81124370399045 -23
      vertex 7.07889870078079 -5.14312095755914 -23
      vertex 7.236955024902417 -4.918229556206142 -23
    endloop
  endfacet
  facet normal 0 0 -1
    outer loop
      vertex 7.2532378428430455 -6.81124370399045 -23
      vertex 7.236955024902417 -4.918229556206142 -23
      vertex 7.3878693481426305 -4.688484456066221 -23
    endloop
  endfacet
  facet normal 0 0 -1
    outer loop
      vertex 7.463605142823071 -6.580053059970337 -23
      vertex 7.3878693481426305 -4.688484456066221 -23
      vertex 7.531492736284508 -4.454112387815748 -23
    endloop
  endfacet
  facet normal 0.6730125135097735 -0.7396310949786096 -3.604331356083891e-19
    outer loop
      vertex 6.580053059970337 -7.463605142823071 -23
      vertex 6.81124370399045 -7.2532378428430455 -23
      vertex 6.81124370399045 -7.2532378428430455 0
    endloop
  endfacet
  facet normal 0.6959127965923112 -0.718126297763192 0
    outer loop
      vertex 7.035712472806148 -7.035712472806148 -23
      vertex 7.035712472806148 -7.035712472806148 0
      vertex 6.81124370399045 -7.2532378428430455 -23
    endloop
  endfacet
  facet normal 0.718126297763192 -0.6959127965923112 0
    outer loop
      vertex 7.035712472806148 -7.035712472806148 -23
      vertex 7.2532378428430455 -6.81124370399045 -23
      vertex 7.035712472806148 -7.035712472806148 0
    endloop
  endfacet
  facet normal 0.7396310949786096 -0.6730125135097735 -3.604331356083891e-19
    outer loop
      vertex 7.463605142823071 -6.580053059970337 -23
      vertex 7.2532378428430455 -6.81124370399045 0
      vertex 7.2532378428430455 -6.81124370399045 -23
    endloop
  endfacet
  facet normal 0 0 -1
    outer loop
      vertex 7.463605142823071 -6.580053059970337 -23
      vertex 7.531492736284508 -4.454112387815748 -23
      vertex 7.666606765619104 -6.342368697999461 -23
    endloop
  endfacet
  facet normal 0 0 -1
    outer loop
      vertex 7.666606765619104 -6.342368697999461 -23
      vertex 7.531492736284508 -4.454112387815748 -23
      vertex 7.667683450383805 -4.215344648390009 -23
    endloop
  endfacet
  facet normal 0 0 -1
    outer loop
      vertex 7.666606765619104 -6.342368697999461 -23
      vertex 7.796307086648219 -3.9724168727210345 -23
      vertex 7.862042373138117 -6.098425183847118 -23
    endloop
  endfacet
  facet normal 0 0 -1
    outer loop
      vertex 7.862042373138117 -6.098425183847118 -23
      vertex 7.917236709077671 -3.7255688011943837 -23
      vertex 8.049719094030726 -5.848463260310107 -23
    endloop
  endfacet
  facet normal 0.7604059656000293 -0.6494480483301857 2.5079380054053692e-17
    outer loop
      vertex 7.463605142823071 -6.580053059970336 0
      vertex 7.463605142823071 -6.580053059970337 -23
      vertex 7.666606765619104 -6.342368697999461 -23
    endloop
  endfacet
  facet normal 0.7804304073383317 -0.6252426563357026 2.3971201989970718e-17
    outer loop
      vertex 7.6666067656191 -6.342368697999465 0
      vertex 7.666606765619104 -6.342368697999461 -23
      vertex 7.862042373138117 -6.098425183847118 -23
    endloop
  endfacet
  facet normal 0.7996846584870902 -0.6004202253258846 0
    outer loop
      vertex 7.862042373138117 -6.098425183847118 -23
      vertex 8.049719094030726 -5.848463260310107 -23
      vertex 7.862042373138117 -6.098425183847118 0
    endloop
  endfacet
  facet normal 0.8181497174250227 -0.5750052520432796 -3.157150193098477e-20
    outer loop
      vertex 8.22945171403189 -5.592729609628698 -23
      vertex 8.049719094030726 -5.848463260310107 0
      vertex 8.049719094030726 -5.848463260310107 -23
    endloop
  endfacet
  facet normal 0.8358073613682726 -0.5490228179981282 3.1325339825156144e-19
    outer loop
      vertex 8.401062858745048 -5.331476610041016 -23
      vertex 8.22945171403189 -5.592729609628698 0
      vertex 8.22945171403189 -5.592729609628698 -23
    endloop
  endfacet
  facet normal 0.8526401643540897 -0.5224985647159528 -3.081854902045604e-17
    outer loop
      vertex 8.401062858745048 -5.331476610041016 -23
      vertex 8.56438316868924 -5.064962086716193 -23
      vertex 8.401062858745052 -5.331476610041012 0
    endloop
  endfacet
  facet normal 0.5224985647159455 -0.8526401643540942 8.602891900011917e-17
    outer loop
      vertex 5.064962086716192 -8.564383168689238 0
      vertex 5.064962086716193 -8.56438316868924 -23
      vertex 5.331476610041012 -8.401062858745052 0
    endloop
  endfacet
  facet normal 0.5490228179981297 -0.8358073613682717 -2.3097093531772642e-17
    outer loop
      vertex 5.331476610041016 -8.401062858745048 -23
      vertex 5.592729609628698 -8.22945171403189 0
      vertex 5.331476610041012 -8.401062858745052 0
    endloop
  endfacet
  facet normal 0.5750052520432796 -0.8181497174250227 0
    outer loop
      vertex 5.592729609628698 -8.22945171403189 -23
      vertex 5.848463260310107 -8.049719094030726 0
      vertex 5.592729609628698 -8.22945171403189 0
    endloop
  endfacet
  facet normal 0.6004202253258846 -0.7996846584870902 0
    outer loop
      vertex 5.848463260310107 -8.049719094030726 -23
      vertex 6.098425183847118 -7.862042373138117 0
      vertex 5.848463260310107 -8.049719094030726 0
    endloop
  endfacet
  facet normal 0.6252426563357044 -0.7804304073383304 -1.1805148466283103e-20
    outer loop
      vertex 6.342368697999461 -7.666606765619103 0
      vertex 6.098425183847118 -7.862042373138117 0
      vertex 6.098425183847118 -7.862042373138117 -23
    endloop
  endfacet
  facet normal 0.6494480483301844 -0.7604059656000303 2.8977631113571726e-17
    outer loop
      vertex 6.580053059970332 -7.4636051428230745 0
      vertex 6.342368697999461 -7.666606765619103 0
      vertex 6.342368697999461 -7.666606765619104 -23
    endloop
  endfacet
  facet normal 0.6730125135097726 -0.7396310949786103 1.5699062827864956e-17
    outer loop
      vertex 6.580053059970332 -7.4636051428230745 0
      vertex 6.580053059970337 -7.463605142823071 -23
      vertex 6.81124370399045 -7.2532378428430455 0
    endloop
  endfacet
  facet normal 0.6959127965923112 -0.718126297763192 0
    outer loop
      vertex 6.81124370399045 -7.2532378428430455 -23
      vertex 7.035712472806148 -7.035712472806148 0
      vertex 6.81124370399045 -7.2532378428430455 0
    endloop
  endfacet
  facet normal 0.718126297763192 -0.6959127965923112 0
    outer loop
      vertex 7.2532378428430455 -6.81124370399045 -23
      vertex 7.2532378428430455 -6.81124370399045 0
      vertex 7.035712472806148 -7.035712472806148 0
    endloop
  endfacet
  facet normal 0.7396310949786109 -0.6730125135097721 2.5989356116848633e-17
    outer loop
      vertex 7.463605142823071 -6.580053059970336 0
      vertex 7.2532378428430455 -6.81124370399045 0
      vertex 7.463605142823071 -6.580053059970337 -23
    endloop
  endfacet
  facet normal 0.7604059656000289 -0.6494480483301861 1.7100532922001572e-17
    outer loop
      vertex 7.463605142823071 -6.580053059970336 0
      vertex 7.666606765619104 -6.342368697999461 -23
      vertex 7.6666067656191 -6.342368697999465 0
    endloop
  endfacet
  facet normal 0.7804304073383307 -0.6252426563357041 -2.653182781399185e-19
    outer loop
      vertex 7.6666067656191 -6.342368697999465 0
      vertex 7.862042373138117 -6.098425183847118 -23
      vertex 7.862042373138117 -6.098425183847118 0
    endloop
  endfacet
  facet normal 0.7996846584870902 -0.6004202253258846 0
    outer loop
      vertex 8.049719094030726 -5.848463260310107 -23
      vertex 8.049719094030726 -5.848463260310107 0
      vertex 7.862042373138117 -6.098425183847118 0
    endloop
  endfacet
  facet normal 0.8181497174250227 -0.5750052520432796 0
    outer loop
      vertex 8.22945171403189 -5.592729609628698 -23
      vertex 8.22945171403189 -5.592729609628698 0
      vertex 8.049719094030726 -5.848463260310107 0
    endloop
  endfacet
  facet normal 0.8358073613682717 -0.5490228179981297 -2.3097093531772642e-17
    outer loop
      vertex 8.401062858745048 -5.331476610041016 -23
      vertex 8.401062858745052 -5.331476610041012 0
      vertex 8.22945171403189 -5.592729609628698 0
    endloop
  endfacet
  facet normal 0.8526401643540921 -0.5224985647159489 3.0818549020457156e-17
    outer loop
      vertex 8.564383168689236 -5.064962086716197 0
      vertex 8.401062858745052 -5.331476610041012 0
      vertex 8.56438316868924 -5.064962086716193 -23
    endloop
  endfacet
  facet normal 0 0 -1
    outer loop
      vertex 7.666606765619104 -6.342368697999461 -23
      vertex 7.667683450383805 -4.215344648390009 -23
      vertex 7.796307086648219 -3.9724168727210345 -23
    endloop
  endfacet
  facet normal 0 0 -1
    outer loop
      vertex 7.862042373138117 -6.098425183847118 -23
      vertex 7.796307086648219 -3.9724168727210345 -23
      vertex 7.917236709077671 -3.7255688011943837 -23
    endloop
  endfacet
  facet normal 0 0 -1
    outer loop
      vertex 8.049719094030726 -5.848463260310107 -23
      vertex 7.917236709077671 -3.7255688011943837 -23
      vertex 8.030352974734836 -3.4750440430543312 -23
    endloop
  endfacet
  facet normal 0 0 -1
    outer loop
      vertex 8.049719094030726 -5.848463260310107 -23
      vertex 8.030352974734836 -3.4750440430543312 -23
      vertex 8.1355442515222 -3.2210898359909312 -23
    endloop
  endfacet
  facet normal 0 0 -1
    outer loop
      vertex 8.22945171403189 -5.592729609628698 -23
      vertex 8.049719094030726 -5.848463260310107 -23
      vertex 8.1355442515222 -3.2210898359909312 -23
    endloop
  endfacet
  facet normal 0 0 -1
    outer loop
      vertex 8.401062858745048 -5.331476610041016 -23
      vertex 8.22945171403189 -5.592729609628698 -23
      vertex 8.321744517582593 -2.7038987007807895 -23
    endloop
  endfacet
  facet normal 0 0 -1
    outer loop
      vertex 8.22945171403189 -5.592729609628698 -23
      vertex 8.1355442515222 -3.2210898359909312 -23
      vertex 8.232706728349473 -2.9639568021463014 -23
    endloop
  endfacet
  facet normal 0 0 -1
    outer loop
      vertex 8.22945171403189 -5.592729609628698 -23
      vertex 8.232706728349473 -2.9639568021463014 -23
      vertex 8.321744517582593 -2.7038987007807895 -23
    endloop
  endfacet
  facet normal 0 0 -1
    outer loop
      vertex 8.401062858745048 -5.331476610041016 -23
      vertex 8.475102659875521 -2.17603651269248 -23
      vertex 8.56438316868924 -5.064962086716193 -23
    endloop
  endfacet
  facet normal 0 0 -1
    outer loop
      vertex 8.56438316868924 -5.064962086716193 -23
      vertex 8.642272980207455 -1.36880156910202 -23
      vertex 8.719251466436441 -4.793449057312068 -23
    endloop
  endfacet
  facet normal 0 0 -1
    outer loop
      vertex 8.401062858745048 -5.331476610041016 -23
      vertex 8.321744517582593 -2.7038987007807895 -23
      vertex 8.402569749673253 -2.4411721778432542 -23
    endloop
  endfacet
  facet normal 0 0 -1
    outer loop
      vertex 8.401062858745048 -5.331476610041016 -23
      vertex 8.402569749673253 -2.4411721778432542 -23
      vertex 8.475102659875521 -2.17603651269248 -23
    endloop
  endfacet
  facet normal 0 0 -1
    outer loop
      vertex 8.56438316868924 -5.064962086716193 -23
      vertex 8.475102659875521 -2.17603651269248 -23
      vertex 8.53927166696404 -1.9087533622197466 -23
    endloop
  endfacet
  facet normal 0 0 -1
    outer loop
      vertex 8.56438316868924 -5.064962086716193 -23
      vertex 8.53927166696404 -1.9087533622197466 -23
      vertex 8.595013443876026 -1.6395865026250922 -23
    endloop
  endfacet
  facet normal 0 0 -1
    outer loop
      vertex 8.56438316868924 -5.064962086716193 -23
      vertex 8.595013443876026 -1.6395865026250922 -23
      vertex 8.642272980207455 -1.36880156910202 -23
    endloop
  endfacet
  facet normal 0.8686315144381921 -0.4954586684324062 3.8509590322028055e-17
    outer loop
      vertex 8.564383168689236 -5.064962086716197 0
      vertex 8.56438316868924 -5.064962086716193 -23
      vertex 8.719251466436441 -4.793449057312068 -23
    endloop
  endfacet
  facet normal 0.8837656300886935 -0.46792981426057323 0
    outer loop
      vertex 8.719251466436441 -4.793449057312068 -23
      vertex 8.86551491567426 -4.517205472408491 -23
      vertex 8.719251466436441 -4.793449057312068 0
    endloop
  endfacet
  facet normal 0.8980275757606154 -0.43993916985591563 0
    outer loop
      vertex 8.86551491567426 -4.517205472408491 -23
      vertex 9.003029172036895 -4.2365039510724705 -23
      vertex 8.86551491567426 -4.517205472408491 0
    endloop
  endfacet
  facet normal 0.9114032766354451 -0.41151435860510893 -1.641572529486186e-19
    outer loop
      vertex 9.131658525555611 -3.951621511816068 -23
      vertex 9.003029172036895 -4.2365039510724705 0
      vertex 9.003029172036895 -4.2365039510724705 -23
    endloop
  endfacet
  facet normal 0.923879532511286 -0.3826834323650916 7.388938395727105e-18
    outer loop
      vertex 9.131658525555611 -3.9516215118160676 0
      vertex 9.131658525555611 -3.951621511816068 -23
      vertex 9.251276034588102 -3.6628392992125445 -23
    endloop
  endfacet
  facet normal 0.9354440308298666 -0.35347484377925903 6.941942605424716e-17
    outer loop
      vertex 9.251276034588098 -3.6628392992125494 0
      vertex 9.251276034588102 -3.6628392992125445 -23
      vertex 9.361763651094543 -3.3704423064406512 -23
    endloop
  endfacet
  facet normal 0.9460853588275481 -0.3239174181981418 0
    outer loop
      vertex 9.361763651094543 -3.3704423064406512 -23
      vertex 9.463012337136776 -3.0747190940307263 -23
      vertex 9.361763651094543 -3.3704423064406512 0
    endloop
  endfacet
  facet normal 0.9557930147983282 -0.2940403252323101 0
    outer loop
      vertex 9.463012337136776 -3.0747190940307263 -23
      vertex 9.554922172485584 -2.775961505090329 -23
      vertex 9.463012337136776 -3.0747190940307263 0
    endloop
  endfacet
  facet normal 0.9645574184577992 -0.26387304996536853 0
    outer loop
      vertex 9.554922172485584 -2.775961505090329 -23
      vertex 9.637402453229878 -2.4744643772903054 -23
      vertex 9.554922172485584 -2.775961505090329 0
    endloop
  endfacet
  facet normal 0 0 -1
    outer loop
      vertex 8.719251466436441 -4.793449057312068 -23
      vertex 8.642272980207455 -1.36880156910202 -23
      vertex 8.681003636501682 -1.0966657936876605 -23
    endloop
  endfacet
  facet normal 0 0 -1
    outer loop
      vertex 8.719251466436441 -4.793449057312068 -23
      vertex 8.681003636501682 -1.0966657936876605 -23
      vertex 8.71116719027695 -0.8234477415370012 -23
    endloop
  endfacet
  facet normal 0 0 -1
    outer loop
      vertex 8.719251466436441 -4.793449057312068 -23
      vertex 8.71116719027695 -0.8234477415370012 -23
      vertex 8.732733873747376 -0.5494170458814912 -23
    endloop
  endfacet
  facet normal 0 0 -1
    outer loop
      vertex 8.719251466436441 -4.793449057312068 -23
      vertex 8.732733873747376 -0.5494170458814912 -23
      vertex 8.745682403200151 -0.2748441419336243 -23
    endloop
  endfacet
  facet normal 0 0 -1
    outer loop
      vertex 8.719251466436441 -4.793449057312068 -23
      vertex 8.745682403200151 -0.2748441419336243 -23
      vertex 8.75 0 -23
    endloop
  endfacet
  facet normal 0 0 -1
    outer loop
      vertex 8.719251466436441 -4.793449057312068 -23
      vertex 8.86551491567426 4.517205472408491 -23
      vertex 8.86551491567426 -4.517205472408491 -23
    endloop
  endfacet
  facet normal 0 0 -1
    outer loop
      vertex 8.86551491567426 -4.517205472408491 -23
      vertex 9.003029172036895 4.2365039510724705 -23
      vertex 9.003029172036895 -4.2365039510724705 -23
    endloop
  endfacet
  facet normal 0 0 -1
    outer loop
      vertex 9.131658525555611 -3.951621511816068 -23
      vertex 9.003029172036895 -4.2365039510724705 -23
      vertex 9.131658525555611 3.951621511816068 -23
    endloop
  endfacet
  facet normal 0 0 -1
    outer loop
      vertex 9.131658525555611 -3.951621511816068 -23
      vertex 9.251276034588102 3.6628392992125445 -23
      vertex 9.251276034588102 -3.6628392992125445 -23
    endloop
  endfacet
  facet normal 0 0 -1
    outer loop
      vertex 9.361763651094543 -3.3704423064406512 -23
      vertex 9.251276034588102 -3.6628392992125445 -23
      vertex 9.361763651094543 3.3704423064406512 -23
    endloop
  endfacet
  facet normal 0 0 -1
    outer loop
      vertex 8.719251466436441 -4.793449057312068 -23
      vertex 8.75 0 -23
      vertex 8.86551491567426 4.517205472408491 -23
    endloop
  endfacet
  facet normal 0 0 -1
    outer loop
      vertex 9.361763651094543 -3.3704423064406512 -23
      vertex 9.463012337136776 3.0747190940307263 -23
      vertex 9.463012337136776 -3.0747190940307263 -23
    endloop
  endfacet
  facet normal 0 0 -1
    outer loop
      vertex 9.463012337136776 -3.0747190940307263 -23
      vertex 9.554922172485584 2.775961505090329 -23
      vertex 9.554922172485584 -2.775961505090329 -23
    endloop
  endfacet
  facet normal 0 0 -1
    outer loop
      vertex 9.554922172485584 -2.775961505090329 -23
      vertex 9.637402453229878 2.4744643772903054 -23
      vertex 9.637402453229878 -2.4744643772903054 -23
    endloop
  endfacet
  facet normal 0 0 -1
    outer loop
      vertex 9.710371781290537 -2.1705252518955973 -23
      vertex 9.637402453229878 -2.4744643772903054 -23
      vertex 9.710371781290537 2.1705252518955973 -23
    endloop
  endfacet
  facet normal 0 0 -1
    outer loop
      vertex 9.710371781290537 -2.1705252518955973 -23
      vertex 9.77375814475045 1.8644440801279618 -23
      vertex 9.77375814475045 -1.8644440801279618 -23
    endloop
  endfacet
  facet normal 0 0 -1
    outer loop
      vertex 9.82749898892162 -1.556522927150297 -23
      vertex 9.77375814475045 -1.8644440801279618 -23
      vertex 9.82749898892162 1.556522927150297 -23
    endloop
  endfacet
  facet normal 0 0 -1
    outer loop
      vertex 9.82749898892162 -1.556522927150297 -23
      vertex 9.871541278079054 1.2470656739648254 -23
      vertex 9.871541278079054 -1.2470656739648254 -23
    endloop
  endfacet
  facet normal 0 0 -1
    outer loop
      vertex 9.871541278079054 -1.2470656739648254 -23
      vertex 9.905841547800645 0.9363777175192184 -23
      vertex 9.905841547800645 -0.9363777175192184 -23
    endloop
  endfacet
  facet normal 0 0 -1
    outer loop
      vertex 9.905841547800645 -0.9363777175192184 -23
      vertex 9.9303659478613 0.6247656693166671 -23
      vertex 9.9303659478613 -0.6247656693166671 -23
    endloop
  endfacet
  facet normal 0 0 -1
    outer loop
      vertex 9.9303659478613 -0.6247656693166671 -23
      vertex 9.945090275639028 0.3125370528273784 -23
      vertex 9.945090275639028 -0.3125370528273784 -23
    endloop
  endfacet
  facet normal 0.9723699203976759 -0.23344536385590825 -3.4363642639608187e-17
    outer loop
      vertex 9.710371781290537 -2.1705252518955973 -23
      vertex 9.63740245322988 -2.4744643772903014 0
      vertex 9.637402453229878 -2.4744643772903054 -23
    endloop
  endfacet
  facet normal 0.9792228106217664 -0.20278729535650922 3.647359301389898e-17
    outer loop
      vertex 9.710371781290535 -2.1705252518956017 0
      vertex 9.710371781290537 -2.1705252518955973 -23
      vertex 9.77375814475045 -1.8644440801279618 -23
    endloop
  endfacet
  facet normal 0.9851093261547732 -0.17192910027941394 -2.1226325054039514e-19
    outer loop
      vertex 9.82749898892162 -1.556522927150297 -23
      vertex 9.77375814475045 -1.8644440801279618 0
      vertex 9.77375814475045 -1.8644440801279618 -23
    endloop
  endfacet
  facet normal 0.990023657716558 -0.14090123193757942 0
    outer loop
      vertex 9.82749898892162 -1.556522927150297 -23
      vertex 9.871541278079054 -1.2470656739648254 -23
      vertex 9.82749898892162 -1.556522927150297 0
    endloop
  endfacet
  facet normal 0.9939609554551799 -0.1097343110910435 0
    outer loop
      vertex 9.871541278079054 -1.2470656739648254 -23
      vertex 9.905841547800645 -0.9363777175192184 -23
      vertex 9.871541278079054 -1.2470656739648254 0
    endloop
  endfacet
  facet normal 0.9969173337331279 -0.07845909572784521 1.6663965917418316e-17
    outer loop
      vertex 9.905841547800645 -0.9363777175192135 0
      vertex 9.905841547800645 -0.9363777175192184 -23
      vertex 9.9303659478613 -0.6247656693166671 -23
    endloop
  endfacet
  facet normal 0.9988898749619699 -0.047106450709645836 -9.777576721771352e-18
    outer loop
      vertex 9.9303659478613 -0.6247656693166671 -23
      vertex 9.945090275639028 -0.3125370528273784 -23
      vertex 9.9303659478613 -0.6247656693166719 0
    endloop
  endfacet
  facet normal 0.9998766324816607 -0.01570731731181996 0
    outer loop
      vertex 9.945090275639028 -0.3125370528273784 -23
      vertex 9.95 0 -23
      vertex 9.945090275639028 -0.3125370528273784 0
    endloop
  endfacet
  facet normal 0.8686315144381906 -0.49545866843240866 -3.52379001532791e-19
    outer loop
      vertex 8.564383168689236 -5.064962086716197 0
      vertex 8.719251466436441 -4.793449057312068 -23
      vertex 8.719251466436441 -4.793449057312068 0
    endloop
  endfacet
  facet normal 0.8837656300886935 -0.46792981426057323 0
    outer loop
      vertex 8.86551491567426 -4.517205472408491 -23
      vertex 8.86551491567426 -4.517205472408491 0
      vertex 8.719251466436441 -4.793449057312068 0
    endloop
  endfacet
  facet normal 0.8980275757606154 -0.43993916985591563 0
    outer loop
      vertex 9.003029172036895 -4.2365039510724705 -23
      vertex 9.003029172036895 -4.2365039510724705 0
      vertex 8.86551491567426 -4.517205472408491 0
    endloop
  endfacet
  facet normal 0.9114032766354454 -0.41151435860510843 7.945612450212953e-18
    outer loop
      vertex 9.131658525555611 -3.9516215118160676 0
      vertex 9.003029172036895 -4.2365039510724705 0
      vertex 9.131658525555611 -3.951621511816068 -23
    endloop
  endfacet
  facet normal 0.9238795325112875 -0.382683432365088 6.132026125495522e-17
    outer loop
      vertex 9.131658525555611 -3.9516215118160676 0
      vertex 9.251276034588102 -3.6628392992125445 -23
      vertex 9.251276034588098 -3.6628392992125494 0
    endloop
  endfacet
  facet normal 0.9354440308298647 -0.3534748437792638 4.527331911625384e-19
    outer loop
      vertex 9.251276034588098 -3.6628392992125494 0
      vertex 9.361763651094543 -3.3704423064406512 -23
      vertex 9.361763651094543 -3.3704423064406512 0
    endloop
  endfacet
  facet normal 0.9460853588275481 -0.3239174181981418 0
    outer loop
      vertex 9.463012337136776 -3.0747190940307263 -23
      vertex 9.463012337136776 -3.0747190940307263 0
      vertex 9.361763651094543 -3.3704423064406512 0
    endloop
  endfacet
  facet normal 0.9557930147983282 -0.2940403252323101 0
    outer loop
      vertex 9.554922172485584 -2.775961505090329 -23
      vertex 9.554922172485584 -2.775961505090329 0
      vertex 9.463012337136776 -3.0747190940307263 0
    endloop
  endfacet
  facet normal 0.9645574184577987 -0.2638730499653706 -2.8641286910136196e-17
    outer loop
      vertex 9.637402453229878 -2.4744643772903054 -23
      vertex 9.63740245322988 -2.4744643772903014 0
      vertex 9.554922172485584 -2.775961505090329 0
    endloop
  endfacet
  facet normal 0.972369920397677 -0.23344536385590364 3.002479507592193e-17
    outer loop
      vertex 9.710371781290535 -2.1705252518956017 0
      vertex 9.63740245322988 -2.4744643772903014 0
      vertex 9.710371781290537 -2.1705252518955973 -23
    endloop
  endfacet
  facet normal 0.9792228106217659 -0.20278729535651183 1.4196191580296957e-19
    outer loop
      vertex 9.710371781290535 -2.1705252518956017 0
      vertex 9.77375814475045 -1.8644440801279618 -23
      vertex 9.77375814475045 -1.8644440801279618 0
    endloop
  endfacet
  facet normal 0.9851093261547732 -0.17192910027941394 0
    outer loop
      vertex 9.82749898892162 -1.556522927150297 -23
      vertex 9.82749898892162 -1.556522927150297 0
      vertex 9.77375814475045 -1.8644440801279618 0
    endloop
  endfacet
  facet normal 0.990023657716558 -0.14090123193757942 0
    outer loop
      vertex 9.871541278079054 -1.2470656739648254 -23
      vertex 9.871541278079054 -1.2470656739648254 0
      vertex 9.82749898892162 -1.556522927150297 0
    endloop
  endfacet
  facet normal 0.99396095545518 -0.10973431109104179 2.330652428541212e-17
    outer loop
      vertex 9.905841547800645 -0.9363777175192135 0
      vertex 9.871541278079054 -1.2470656739648254 0
      vertex 9.905841547800645 -0.9363777175192184 -23
    endloop
  endfacet
  facet normal 0.9969173337331277 -0.07845909572784764 -1.6285239419295673e-17
    outer loop
      vertex 9.9303659478613 -0.6247656693166671 -23
      vertex 9.9303659478613 -0.6247656693166719 0
      vertex 9.905841547800645 -0.9363777175192135 0
    endloop
  endfacet
  facet normal 0.9988898749619698 -0.047106450709645115 0
    outer loop
      vertex 9.945090275639028 -0.3125370528273784 -23
      vertex 9.945090275639028 -0.3125370528273784 0
      vertex 9.9303659478613 -0.6247656693166719 0
    endloop
  endfacet
  facet normal 0.9998766324816607 -0.01570731731181996 0
    outer loop
      vertex 9.95 0 -23
      vertex 9.95 0 0
      vertex 9.945090275639028 -0.3125370528273784 0
    endloop
  endfacet
  facet normal 0 0 -1
    outer loop
      vertex 0.27484414193362217 8.745682403200151 -23
      vertex 0 8.75 -23
      vertex 0 9.95 -23
    endloop
  endfacet
  facet normal 0 0 -1
    outer loop
      vertex 0.6247656693166671 9.9303659478613 -23
      vertex 0.5494170458814912 8.732733873747376 -23
      vertex 0.27484414193362217 8.745682403200151 -23
    endloop
  endfacet
  facet normal 0 0 -1
    outer loop
      vertex 0.27484414193362217 8.745682403200151 -23
      vertex 0 9.95 -23
      vertex 0.3125370528273761 9.945090275639028 -23
    endloop
  endfacet
  facet normal 0 0 -1
    outer loop
      vertex 0.6247656693166671 9.9303659478613 -23
      vertex 0.27484414193362217 8.745682403200151 -23
      vertex 0.3125370528273761 9.945090275639028 -23
    endloop
  endfacet
  facet normal 0 0 -1
    outer loop
      vertex 0.8234477415370012 8.71116719027695 -23
      vertex 0.5494170458814912 8.732733873747376 -23
      vertex 0.9363777175192184 9.905841547800645 -23
    endloop
  endfacet
  facet normal 0 0 -1
    outer loop
      vertex 1.2470656739648276 9.871541278079054 -23
      vertex 1.0966657936876625 8.681003636501682 -23
      vertex 0.8234477415370012 8.71116719027695 -23
    endloop
  endfacet
  facet normal 0 0 -1
    outer loop
      vertex 0.9363777175192184 9.905841547800645 -23
      vertex 0.5494170458814912 8.732733873747376 -23
      vertex 0.6247656693166671 9.9303659478613 -23
    endloop
  endfacet
  facet normal 0 0 -1
    outer loop
      vertex 1.2470656739648276 9.871541278079054 -23
      vertex 0.8234477415370012 8.71116719027695 -23
      vertex 0.9363777175192184 9.905841547800645 -23
    endloop
  endfacet
  facet normal 0 0 -1
    outer loop
      vertex 1.36880156910202 8.642272980207455 -23
      vertex 1.0966657936876625 8.681003636501682 -23
      vertex 1.556522927150297 9.82749898892162 -23
    endloop
  endfacet
  facet normal 0 0 -1
    outer loop
      vertex 1.63958650262509 8.595013443876026 -23
      vertex 1.36880156910202 8.642272980207455 -23
      vertex 1.8644440801279594 9.773758144750452 -23
    endloop
  endfacet
  facet normal 0 0 -1
    outer loop
      vertex 1.556522927150297 9.82749898892162 -23
      vertex 1.0966657936876625 8.681003636501682 -23
      vertex 1.2470656739648276 9.871541278079054 -23
    endloop
  endfacet
  facet normal 0 0 -1
    outer loop
      vertex 1.36880156910202 8.642272980207455 -23
      vertex 1.556522927150297 9.82749898892162 -23
      vertex 1.8644440801279594 9.773758144750452 -23
    endloop
  endfacet
  facet normal 0 0 -1
    outer loop
      vertex 1.9087533622197466 8.53927166696404 -23
      vertex 1.63958650262509 8.595013443876026 -23
      vertex 2.1705252518955973 9.710371781290537 -23
    endloop
  endfacet
  facet normal 0 0 -1
    outer loop
      vertex 2.17603651269248 8.475102659875521 -23
      vertex 1.9087533622197466 8.53927166696404 -23
      vertex 2.4744643772903054 9.637402453229878 -23
    endloop
  endfacet
  facet normal 0 0 -1
    outer loop
      vertex 2.4411721778432565 8.402569749673251 -23
      vertex 2.17603651269248 8.475102659875521 -23
      vertex 2.4744643772903054 9.637402453229878 -23
    endloop
  endfacet
  facet normal 0 0 -1
    outer loop
      vertex 1.9087533622197466 8.53927166696404 -23
      vertex 2.1705252518955973 9.710371781290537 -23
      vertex 2.4744643772903054 9.637402453229878 -23
    endloop
  endfacet
  facet normal 0 0 -1
    outer loop
      vertex 1.63958650262509 8.595013443876026 -23
      vertex 1.8644440801279594 9.773758144750452 -23
      vertex 2.1705252518955973 9.710371781290537 -23
    endloop
  endfacet
  facet normal 0.015707317311820075 0.9998766324816607 -1.415718214417249e-20
    outer loop
      vertex 0.3125370528273761 9.945090275639028 -23
      vertex 0 9.95 -23
      vertex 0 9.95 0
    endloop
  endfacet
  facet normal 0.047106450709645475 0.9988898749619698 -3.91051183760466e-20
    outer loop
      vertex 0.6247656693166671 9.9303659478613 -23
      vertex 0.3125370528273761 9.945090275639028 -23
      vertex 0.3125370528273761 9.945090275639028 0
    endloop
  endfacet
  facet normal 0.07845909572784521 0.9969173337331279 -3.529698241684333e-20
    outer loop
      vertex 0.9363777175192184 9.905841547800645 -23
      vertex 0.6247656693166671 9.9303659478613 -23
      vertex 0.6247656693166671 9.9303659478613 0
    endloop
  endfacet
  facet normal 0.10973431109104272 0.99396095545518 -8.713704197015512e-20
    outer loop
      vertex 1.2470656739648276 9.871541278079054 -23
      vertex 0.9363777175192184 9.905841547800645 -23
      vertex 0.9363777175192184 9.905841547800645 0
    endloop
  endfacet
  facet normal 0.1409012319375804 0.9900236577165579 7.611914155315804e-20
    outer loop
      vertex 1.556522927150297 9.82749898892162 -23
      vertex 1.2470656739648276 9.871541278079054 -23
      vertex 1.2470656739648276 9.871541278079054 0
    endloop
  endfacet
  facet normal 0.17192910027940975 0.9851093261547739 -3.4250577489526337e-20
    outer loop
      vertex 1.8644440801279594 9.773758144750452 -23
      vertex 1.556522927150297 9.82749898892162 -23
      vertex 1.556522927150297 9.82749898892162 0
    endloop
  endfacet
  facet normal 0.2027872953565131 0.9792228106217656 1.0442160066813501e-19
    outer loop
      vertex 2.1705252518955973 9.710371781290537 -23
      vertex 1.8644440801279594 9.773758144750452 -23
      vertex 1.8644440801279594 9.773758144750452 0
    endloop
  endfacet
  facet normal 0.23344536385590825 0.9723699203976759 -1.9784510255730266e-19
    outer loop
      vertex 2.4744643772903054 9.637402453229878 -23
      vertex 2.1705252518955973 9.710371781290537 -23
      vertex 2.1705252518955973 9.710371781290537 0
    endloop
  endfacet
  facet normal 0 0 -1
    outer loop
      vertex 2.963956802146299 8.232706728349473 -23
      vertex 2.7038987007807895 8.321744517582593 -23
      vertex 3.0747190940307263 9.463012337136776 -23
    endloop
  endfacet
  facet normal 0 0 -1
    outer loop
      vertex 3.2210898359909312 8.1355442515222 -23
      vertex 2.963956802146299 8.232706728349473 -23
      vertex 3.370442306440648 9.361763651094543 -23
    endloop
  endfacet
  facet normal 0 0 -1
    outer loop
      vertex 3.951621511816068 9.131658525555611 -23
      vertex 3.7255688011943864 7.91723670907767 -23
      vertex 3.4750440430543312 8.030352974734836 -23
    endloop
  endfacet
  facet normal 0 0 -1
    outer loop
      vertex 3.4750440430543312 8.030352974734836 -23
      vertex 3.2210898359909312 8.1355442515222 -23
      vertex 3.6628392992125445 9.251276034588102 -23
    endloop
  endfacet
  facet normal 0 0 -1
    outer loop
      vertex 2.7038987007807895 8.321744517582593 -23
      vertex 2.4411721778432565 8.402569749673251 -23
      vertex 2.7759615050903315 9.554922172485583 -23
    endloop
  endfacet
  facet normal 0 0 -1
    outer loop
      vertex 2.7759615050903315 9.554922172485583 -23
      vertex 2.4411721778432565 8.402569749673251 -23
      vertex 2.4744643772903054 9.637402453229878 -23
    endloop
  endfacet
  facet normal 0 0 -1
    outer loop
      vertex 2.7038987007807895 8.321744517582593 -23
      vertex 2.7759615050903315 9.554922172485583 -23
      vertex 3.0747190940307263 9.463012337136776 -23
    endloop
  endfacet
  facet normal 0 0 -1
    outer loop
      vertex 3.2210898359909312 8.1355442515222 -23
      vertex 3.370442306440648 9.361763651094543 -23
      vertex 3.6628392992125445 9.251276034588102 -23
    endloop
  endfacet
  facet normal 0 0 -1
    outer loop
      vertex 2.963956802146299 8.232706728349473 -23
      vertex 3.0747190940307263 9.463012337136776 -23
      vertex 3.370442306440648 9.361763651094543 -23
    endloop
  endfacet
  facet normal 0 0 -1
    outer loop
      vertex 3.951621511816068 9.131658525555611 -23
      vertex 3.4750440430543312 8.030352974734836 -23
      vertex 3.6628392992125445 9.251276034588102 -23
    endloop
  endfacet
  facet normal 0 0 -1
    outer loop
      vertex 3.9724168727210345 7.796307086648219 -23
      vertex 3.7255688011943864 7.91723670907767 -23
      vertex 4.236503951072473 9.003029172036893 -23
    endloop
  endfacet
  facet normal 0 0 -1
    outer loop
      vertex 4.236503951072473 9.003029172036893 -23
      vertex 3.7255688011943864 7.91723670907767 -23
      vertex 3.951621511816068 9.131658525555611 -23
    endloop
  endfacet
  facet normal 0 0 -1
    outer loop
      vertex 4.215344648390008 7.667683450383806 -23
      vertex 3.9724168727210345 7.796307086648219 -23
      vertex 4.236503951072473 9.003029172036893 -23
    endloop
  endfacet
  facet normal 0 0 -1
    outer loop
      vertex 4.215344648390008 7.667683450383806 -23
      vertex 4.236503951072473 9.003029172036893 -23
      vertex 4.517205472408491 8.86551491567426 -23
    endloop
  endfacet
  facet normal 0 0 -1
    outer loop
      vertex 4.454112387815748 7.531492736284508 -23
      vertex 4.215344648390008 7.667683450383806 -23
      vertex 4.517205472408491 8.86551491567426 -23
    endloop
  endfacet
  facet normal 0 0 -1
    outer loop
      vertex 4.688484456066221 7.3878693481426305 -23
      vertex 4.454112387815748 7.531492736284508 -23
      vertex 4.793449057312066 8.719251466436441 -23
    endloop
  endfacet
  facet normal 0 0 -1
    outer loop
      vertex 5.064962086716193 8.56438316868924 -23
      vertex 4.918229556206143 7.236955024902416 -23
      vertex 4.688484456066221 7.3878693481426305 -23
    endloop
  endfacet
  facet normal 0 0 -1
    outer loop
      vertex 4.454112387815748 7.531492736284508 -23
      vertex 4.517205472408491 8.86551491567426 -23
      vertex 4.793449057312066 8.719251466436441 -23
    endloop
  endfacet
  facet normal 0 0 -1
    outer loop
      vertex 5.064962086716193 8.56438316868924 -23
      vertex 4.688484456066221 7.3878693481426305 -23
      vertex 4.793449057312066 8.719251466436441 -23
    endloop
  endfacet
  facet normal 0.2638730499653717 0.9645574184577984 1.9200915929193328e-19
    outer loop
      vertex 2.7759615050903315 9.554922172485583 -23
      vertex 2.4744643772903054 9.637402453229878 -23
      vertex 2.4744643772903054 9.637402453229878 0
    endloop
  endfacet
  facet normal 0.29404032523230733 0.955793014798329 -3.3690620463364136e-20
    outer loop
      vertex 3.0747190940307263 9.463012337136776 -23
      vertex 2.7759615050903315 9.554922172485583 -23
      vertex 2.7759615050903315 9.554922172485583 0
    endloop
  endfacet
  facet normal 0.35347484377925575 0.9354440308298678 -4.603676269301653e-19
    outer loop
      vertex 3.6628392992125445 9.251276034588102 -23
      vertex 3.370442306440648 9.361763651094543 -23
      vertex 3.370442306440648 9.361763651094543 0
    endloop
  endfacet
  facet normal 0.3239174181981448 0.9460853588275469 -4.1758981219551267e-20
    outer loop
      vertex 3.370442306440648 9.361763651094543 -23
      vertex 3.0747190940307263 9.463012337136776 -23
      vertex 3.0747190940307263 9.463012337136776 0
    endloop
  endfacet
  facet normal 0.4954586684324037 0.8686315144381933 -1.4555873709525954e-19
    outer loop
      vertex 5.064962086716193 8.56438316868924 -23
      vertex 4.793449057312066 8.719251466436441 -23
      vertex 4.793449057312066 8.719251466436441 0
    endloop
  endfacet
  facet normal 0.3826834323650916 0.923879532511286 -3.8496530530415566e-19
    outer loop
      vertex 3.951621511816068 9.131658525555611 -23
      vertex 3.6628392992125445 9.251276034588102 -23
      vertex 3.6628392992125445 9.251276034588102 0
    endloop
  endfacet
  facet normal 0.4399391698559144 0.898027575760616 3.488301104317058e-19
    outer loop
      vertex 4.517205472408491 8.86551491567426 -23
      vertex 4.236503951072473 9.003029172036893 -23
      vertex 4.236503951072473 9.003029172036893 0
    endloop
  endfacet
  facet normal 0.4115143586051105 0.9114032766354445 -1.4815130789299855e-19
    outer loop
      vertex 4.236503951072473 9.003029172036893 -23
      vertex 3.951621511816068 9.131658525555611 -23
      vertex 3.951621511816068 9.131658525555611 0
    endloop
  endfacet
  facet normal 0.46792981426057556 0.8837656300886922 4.631125149117471e-19
    outer loop
      vertex 4.793449057312066 8.719251466436441 -23
      vertex 4.517205472408491 8.86551491567426 -23
      vertex 4.517205472408491 8.86551491567426 0
    endloop
  endfacet
  facet normal 0.015707317311820075 0.9998766324816607 0
    outer loop
      vertex 0.3125370528273761 9.945090275639028 -23
      vertex 0 9.95 0
      vertex 0.3125370528273761 9.945090275639028 0
    endloop
  endfacet
  facet normal 0.047106450709645475 0.9988898749619698 0
    outer loop
      vertex 0.6247656693166671 9.9303659478613 -23
      vertex 0.3125370528273761 9.945090275639028 0
      vertex 0.6247656693166671 9.9303659478613 0
    endloop
  endfacet
  facet normal 0.07845909572784521 0.9969173337331279 0
    outer loop
      vertex 0.9363777175192184 9.905841547800645 -23
      vertex 0.6247656693166671 9.9303659478613 0
      vertex 0.9363777175192184 9.905841547800645 0
    endloop
  endfacet
  facet normal 0.10973431109104272 0.99396095545518 0
    outer loop
      vertex 1.2470656739648276 9.871541278079054 -23
      vertex 0.9363777175192184 9.905841547800645 0
      vertex 1.2470656739648276 9.871541278079054 0
    endloop
  endfacet
  facet normal 0.1409012319375804 0.9900236577165579 0
    outer loop
      vertex 1.556522927150297 9.82749898892162 -23
      vertex 1.2470656739648276 9.871541278079054 0
      vertex 1.556522927150297 9.82749898892162 0
    endloop
  endfacet
  facet normal 0.17192910027940975 0.9851093261547739 0
    outer loop
      vertex 1.8644440801279594 9.773758144750452 -23
      vertex 1.556522927150297 9.82749898892162 0
      vertex 1.8644440801279594 9.773758144750452 0
    endloop
  endfacet
  facet normal 0.2027872953565131 0.9792228106217656 0
    outer loop
      vertex 2.1705252518955973 9.710371781290537 -23
      vertex 1.8644440801279594 9.773758144750452 0
      vertex 2.1705252518955973 9.710371781290537 0
    endloop
  endfacet
  facet normal 0.23344536385590825 0.9723699203976759 0
    outer loop
      vertex 2.4744643772903054 9.637402453229878 -23
      vertex 2.1705252518955973 9.710371781290537 0
      vertex 2.4744643772903054 9.637402453229878 0
    endloop
  endfacet
  facet normal 0.2638730499653717 0.9645574184577984 0
    outer loop
      vertex 2.7759615050903315 9.554922172485583 -23
      vertex 2.4744643772903054 9.637402453229878 0
      vertex 2.7759615050903315 9.554922172485583 0
    endloop
  endfacet
  facet normal 0.29404032523230733 0.955793014798329 0
    outer loop
      vertex 3.0747190940307263 9.463012337136776 -23
      vertex 2.7759615050903315 9.554922172485583 0
      vertex 3.0747190940307263 9.463012337136776 0
    endloop
  endfacet
  facet normal 0.35347484377925575 0.9354440308298678 0
    outer loop
      vertex 3.6628392992125445 9.251276034588102 -23
      vertex 3.370442306440648 9.361763651094543 0
      vertex 3.6628392992125445 9.251276034588102 0
    endloop
  endfacet
  facet normal 0.3239174181981448 0.9460853588275469 0
    outer loop
      vertex 3.370442306440648 9.361763651094543 -23
      vertex 3.0747190940307263 9.463012337136776 0
      vertex 3.370442306440648 9.361763651094543 0
    endloop
  endfacet
  facet normal 0.4954586684324056 0.8686315144381924 2.882122336003634e-17
    outer loop
      vertex 5.064962086716193 8.56438316868924 -23
      vertex 4.793449057312066 8.719251466436441 0
      vertex 5.064962086716195 8.564383168689238 0
    endloop
  endfacet
  facet normal 0.3826834323650916 0.923879532511286 0
    outer loop
      vertex 3.951621511816068 9.131658525555611 -23
      vertex 3.6628392992125445 9.251276034588102 0
      vertex 3.951621511816068 9.131658525555611 0
    endloop
  endfacet
  facet normal 0.4115143586051105 0.9114032766354445 0
    outer loop
      vertex 4.236503951072473 9.003029172036893 -23
      vertex 3.951621511816068 9.131658525555611 0
      vertex 4.236503951072473 9.003029172036893 0
    endloop
  endfacet
  facet normal 0.4399391698559144 0.898027575760616 0
    outer loop
      vertex 4.517205472408491 8.86551491567426 -23
      vertex 4.236503951072473 9.003029172036893 0
      vertex 4.517205472408491 8.86551491567426 0
    endloop
  endfacet
  facet normal 0.46792981426057556 0.8837656300886922 0
    outer loop
      vertex 4.793449057312066 8.719251466436441 -23
      vertex 4.517205472408491 8.86551491567426 0
      vertex 4.793449057312066 8.719251466436441 0
    endloop
  endfacet
  facet normal 0 0 -1
    outer loop
      vertex 8.71116719027695 0.8234477415370012 -23
      vertex 8.681003636501682 1.0966657936876605 -23
      vertex 8.719251466436441 4.793449057312068 -23
    endloop
  endfacet
  facet normal 0 0 -1
    outer loop
      vertex 8.681003636501682 1.0966657936876605 -23
      vertex 8.642272980207455 1.36880156910202 -23
      vertex 8.719251466436441 4.793449057312068 -23
    endloop
  endfacet
  facet normal 0 0 -1
    outer loop
      vertex 9.131658525555611 -3.951621511816068 -23
      vertex 9.131658525555611 3.951621511816068 -23
      vertex 9.251276034588102 3.6628392992125445 -23
    endloop
  endfacet
  facet normal 0 0 -1
    outer loop
      vertex 9.251276034588102 -3.6628392992125445 -23
      vertex 9.251276034588102 3.6628392992125445 -23
      vertex 9.361763651094543 3.3704423064406512 -23
    endloop
  endfacet
  facet normal 0 0 -1
    outer loop
      vertex 9.945090275639028 -0.3125370528273784 -23
      vertex 9.945090275639028 0.3125370528273784 -23
      vertex 9.95 0 -23
    endloop
  endfacet
  facet normal 0 0 -1
    outer loop
      vertex 9.9303659478613 -0.6247656693166671 -23
      vertex 9.9303659478613 0.6247656693166671 -23
      vertex 9.945090275639028 0.3125370528273784 -23
    endloop
  endfacet
  facet normal 0 0 -1
    outer loop
      vertex 9.905841547800645 -0.9363777175192184 -23
      vertex 9.905841547800645 0.9363777175192184 -23
      vertex 9.9303659478613 0.6247656693166671 -23
    endloop
  endfacet
  facet normal 0 0 -1
    outer loop
      vertex 9.77375814475045 -1.8644440801279618 -23
      vertex 9.77375814475045 1.8644440801279618 -23
      vertex 9.82749898892162 1.556522927150297 -23
    endloop
  endfacet
  facet normal 0 0 -1
    outer loop
      vertex 9.710371781290537 -2.1705252518955973 -23
      vertex 9.710371781290537 2.1705252518955973 -23
      vertex 9.77375814475045 1.8644440801279618 -23
    endloop
  endfacet
  facet normal 0 0 -1
    outer loop
      vertex 9.82749898892162 -1.556522927150297 -23
      vertex 9.82749898892162 1.556522927150297 -23
      vertex 9.871541278079054 1.2470656739648254 -23
    endloop
  endfacet
  facet normal 0 0 -1
    outer loop
      vertex 9.871541278079054 -1.2470656739648254 -23
      vertex 9.871541278079054 1.2470656739648254 -23
      vertex 9.905841547800645 0.9363777175192184 -23
    endloop
  endfacet
  facet normal 0 0 -1
    outer loop
      vertex 9.463012337136776 -3.0747190940307263 -23
      vertex 9.463012337136776 3.0747190940307263 -23
      vertex 9.554922172485584 2.775961505090329 -23
    endloop
  endfacet
  facet normal 0 0 -1
    outer loop
      vertex 9.554922172485584 -2.775961505090329 -23
      vertex 9.554922172485584 2.775961505090329 -23
      vertex 9.637402453229878 2.4744643772903054 -23
    endloop
  endfacet
  facet normal 0 0 -1
    outer loop
      vertex 9.361763651094543 -3.3704423064406512 -23
      vertex 9.361763651094543 3.3704423064406512 -23
      vertex 9.463012337136776 3.0747190940307263 -23
    endloop
  endfacet
  facet normal 0 0 -1
    outer loop
      vertex 9.637402453229878 -2.4744643772903054 -23
      vertex 9.637402453229878 2.4744643772903054 -23
      vertex 9.710371781290537 2.1705252518955973 -23
    endloop
  endfacet
  facet normal 0 0 -1
    outer loop
      vertex 8.86551491567426 -4.517205472408491 -23
      vertex 8.86551491567426 4.517205472408491 -23
      vertex 9.003029172036895 4.2365039510724705 -23
    endloop
  endfacet
  facet normal 0 0 -1
    outer loop
      vertex 8.75 0 -23
      vertex 8.745682403200151 0.2748441419336243 -23
      vertex 8.86551491567426 4.517205472408491 -23
    endloop
  endfacet
  facet normal 0 0 -1
    outer loop
      vertex 8.745682403200151 0.2748441419336243 -23
      vertex 8.732733873747376 0.5494170458814912 -23
      vertex 8.86551491567426 4.517205472408491 -23
    endloop
  endfacet
  facet normal 0 0 -1
    outer loop
      vertex 9.003029172036895 -4.2365039510724705 -23
      vertex 9.003029172036895 4.2365039510724705 -23
      vertex 9.131658525555611 3.951621511816068 -23
    endloop
  endfacet
  facet normal 0 0 -1
    outer loop
      vertex 8.732733873747376 0.5494170458814912 -23
      vertex 8.71116719027695 0.8234477415370012 -23
      vertex 8.86551491567426 4.517205472408491 -23
    endloop
  endfacet
  facet normal 0.9998766324816607 0.01570731731181996 0
    outer loop
      vertex 9.95 0 0
      vertex 9.95 0 -23
      vertex 9.945090275639028 0.3125370528273784 -23
    endloop
  endfacet
  facet normal 0.9988898749619698 0.04710645070964583 3.9792463402557815e-18
    outer loop
      vertex 9.945090275639028 0.3125370528273765 0
      vertex 9.945090275639028 0.3125370528273784 -23
      vertex 9.9303659478613 0.6247656693166671 -23
    endloop
  endfacet
  facet normal 0.9969173337331279 0.07845909572784521 -3.0298119849851483e-18
    outer loop
      vertex 9.9303659478613 0.6247656693166671 -23
      vertex 9.905841547800645 0.9363777175192184 -23
      vertex 9.9303659478613 0.624765669316668 0
    endloop
  endfacet
  facet normal 0.9939609554551799 0.1097343110910435 4.2375498700749974e-18
    outer loop
      vertex 9.905841547800645 0.9363777175192175 0
      vertex 9.905841547800645 0.9363777175192184 -23
      vertex 9.871541278079054 1.2470656739648254 -23
    endloop
  endfacet
  facet normal 0.990023657716558 0.14090123193757942 0
    outer loop
      vertex 9.871541278079054 1.2470656739648254 -23
      vertex 9.82749898892162 1.556522927150297 -23
      vertex 9.871541278079054 1.2470656739648254 0
    endloop
  endfacet
  facet normal 0.9851093261547732 0.17192910027941394 0
    outer loop
      vertex 9.82749898892162 1.556522927150297 -23
      vertex 9.77375814475045 1.8644440801279618 -23
      vertex 9.82749898892162 1.556522927150297 0
    endloop
  endfacet
  facet normal 0.9792228106217664 0.20278729535650922 -5.800863969623676e-17
    outer loop
      vertex 9.77375814475045 1.8644440801279618 -23
      vertex 9.710371781290537 2.1705252518955973 -23
      vertex 9.773758144750452 1.8644440801279598 0
    endloop
  endfacet
  facet normal 0.9723699203976759 0.23344536385590825 -9.01483192851571e-18
    outer loop
      vertex 9.710371781290537 2.1705252518955973 -23
      vertex 9.637402453229878 2.4744643772903054 -23
      vertex 9.710371781290537 2.170525251895598 0
    endloop
  endfacet
  facet normal 0 0 -1
    outer loop
      vertex 8.642272980207455 1.36880156910202 -23
      vertex 8.595013443876026 1.6395865026250922 -23
      vertex 8.719251466436441 4.793449057312068 -23
    endloop
  endfacet
  facet normal 0 0 -1
    outer loop
      vertex 8.595013443876026 1.6395865026250922 -23
      vertex 8.53927166696404 1.9087533622197466 -23
      vertex 8.719251466436441 4.793449057312068 -23
    endloop
  endfacet
  facet normal 0 0 -1
    outer loop
      vertex 8.53927166696404 1.9087533622197466 -23
      vertex 8.475102659875521 2.17603651269248 -23
      vertex 8.56438316868924 5.064962086716193 -23
    endloop
  endfacet
  facet normal 0 0 -1
    outer loop
      vertex 8.321744517582593 2.7038987007807895 -23
      vertex 8.232706728349473 2.9639568021463014 -23
      vertex 8.401062858745048 5.331476610041016 -23
    endloop
  endfacet
  facet normal 0 0 -1
    outer loop
      vertex 8.475102659875521 2.17603651269248 -23
      vertex 8.402569749673253 2.4411721778432542 -23
      vertex 8.56438316868924 5.064962086716193 -23
    endloop
  endfacet
  facet normal 0 0 -1
    outer loop
      vertex 8.402569749673253 2.4411721778432542 -23
      vertex 8.321744517582593 2.7038987007807895 -23
      vertex 8.56438316868924 5.064962086716193 -23
    endloop
  endfacet
  facet normal 0 0 -1
    outer loop
      vertex 8.030352974734836 3.4750440430543312 -23
      vertex 7.917236709077671 3.7255688011943837 -23
      vertex 8.049719094030726 5.848463260310107 -23
    endloop
  endfacet
  facet normal 0 0 -1
    outer loop
      vertex 7.667683450383805 4.215344648390009 -23
      vertex 7.531492736284508 4.454112387815748 -23
      vertex 7.862042373138117 6.098425183847118 -23
    endloop
  endfacet
  facet normal 0 0 -1
    outer loop
      vertex 7.917236709077671 3.7255688011943837 -23
      vertex 7.796307086648219 3.9724168727210345 -23
      vertex 8.049719094030726 5.848463260310107 -23
    endloop
  endfacet
  facet normal 0 0 -1
    outer loop
      vertex 7.796307086648219 3.9724168727210345 -23
      vertex 7.667683450383805 4.215344648390009 -23
      vertex 7.862042373138117 6.098425183847118 -23
    endloop
  endfacet
  facet normal 0 0 -1
    outer loop
      vertex 8.232706728349473 2.9639568021463014 -23
      vertex 8.1355442515222 3.2210898359909312 -23
      vertex 8.401062858745048 5.331476610041016 -23
    endloop
  endfacet
  facet normal 0 0 -1
    outer loop
      vertex 8.1355442515222 3.2210898359909312 -23
      vertex 8.030352974734836 3.4750440430543312 -23
      vertex 8.22945171403189 5.592729609628698 -23
    endloop
  endfacet
  facet normal 0 0 -1
    outer loop
      vertex 8.53927166696404 1.9087533622197466 -23
      vertex 8.56438316868924 5.064962086716193 -23
      vertex 8.719251466436441 4.793449057312068 -23
    endloop
  endfacet
  facet normal 0 0 -1
    outer loop
      vertex 8.030352974734836 3.4750440430543312 -23
      vertex 8.049719094030726 5.848463260310107 -23
      vertex 8.22945171403189 5.592729609628698 -23
    endloop
  endfacet
  facet normal 0 0 -1
    outer loop
      vertex 8.1355442515222 3.2210898359909312 -23
      vertex 8.22945171403189 5.592729609628698 -23
      vertex 8.401062858745048 5.331476610041016 -23
    endloop
  endfacet
  facet normal 0 0 -1
    outer loop
      vertex 8.321744517582593 2.7038987007807895 -23
      vertex 8.401062858745048 5.331476610041016 -23
      vertex 8.56438316868924 5.064962086716193 -23
    endloop
  endfacet
  facet normal 0 0 -1
    outer loop
      vertex 8.71116719027695 0.8234477415370012 -23
      vertex 8.719251466436441 4.793449057312068 -23
      vertex 8.86551491567426 4.517205472408491 -23
    endloop
  endfacet
  facet normal 0.8686315144381921 0.4954586684324062 1.9132856398044475e-17
    outer loop
      vertex 8.719251466436441 4.793449057312067 0
      vertex 8.719251466436441 4.793449057312068 -23
      vertex 8.56438316868924 5.064962086716193 -23
    endloop
  endfacet
  facet normal 0.9354440308298666 0.35347484377925903 2.729988940448791e-17
    outer loop
      vertex 9.361763651094543 3.3704423064406495 0
      vertex 9.361763651094543 3.3704423064406512 -23
      vertex 9.251276034588102 3.6628392992125445 -23
    endloop
  endfacet
  facet normal 0.9645574184577993 0.2638730499653686 5.094920619993332e-18
    outer loop
      vertex 9.637402453229878 2.474464377290305 0
      vertex 9.637402453229878 2.4744643772903054 -23
      vertex 9.554922172485584 2.775961505090329 -23
    endloop
  endfacet
  facet normal 0.9557930147983282 0.2940403252323101 4.5431686104592823e-17
    outer loop
      vertex 9.554922172485583 2.775961505090331 0
      vertex 9.554922172485584 2.775961505090329 -23
      vertex 9.463012337136776 3.0747190940307263 -23
    endloop
  endfacet
  facet normal 0.9460853588275481 0.3239174181981418 0
    outer loop
      vertex 9.463012337136776 3.0747190940307263 -23
      vertex 9.361763651094543 3.3704423064406512 -23
      vertex 9.463012337136776 3.0747190940307263 0
    endloop
  endfacet
  facet normal 0.8980275757606154 0.43993916985591563 0
    outer loop
      vertex 9.003029172036895 4.2365039510724705 -23
      vertex 8.86551491567426 4.517205472408491 -23
      vertex 9.003029172036895 4.2365039510724705 0
    endloop
  endfacet
  facet normal 0.923879532511286 0.3826834323650916 4.918708595883298e-17
    outer loop
      vertex 9.2512760345881 3.662839299212546 0
      vertex 9.251276034588102 3.6628392992125445 -23
      vertex 9.131658525555611 3.951621511816068 -23
    endloop
  endfacet
  facet normal 0.9114032766354451 0.41151435860510893 3.1782449800851853e-17
    outer loop
      vertex 9.131658525555611 3.9516215118160662 0
      vertex 9.131658525555611 3.951621511816068 -23
      vertex 9.003029172036895 4.2365039510724705 -23
    endloop
  endfacet
  facet normal 0.8837656300886935 0.46792981426057323 0
    outer loop
      vertex 8.86551491567426 4.517205472408491 -23
      vertex 8.719251466436441 4.793449057312068 -23
      vertex 8.86551491567426 4.517205472408491 0
    endloop
  endfacet
  facet normal 0.9998766324816607 0.015707317311820054 1.319048138984188e-18
    outer loop
      vertex 9.95 0 0
      vertex 9.945090275639028 0.3125370528273784 -23
      vertex 9.945090275639028 0.3125370528273765 0
    endloop
  endfacet
  facet normal 0.9988898749619699 0.047106450709645406 -1.8190840412597695e-18
    outer loop
      vertex 9.9303659478613 0.6247656693166671 -23
      vertex 9.9303659478613 0.624765669316668 0
      vertex 9.945090275639028 0.3125370528273765 0
    endloop
  endfacet
  facet normal 0.996917333733128 0.07845909572784567 3.0298119849851657e-18
    outer loop
      vertex 9.905841547800645 0.9363777175192175 0
      vertex 9.9303659478613 0.624765669316668 0
      vertex 9.905841547800645 0.9363777175192184 -23
    endloop
  endfacet
  facet normal 0.99396095545518 0.10973431109104317 0
    outer loop
      vertex 9.871541278079054 1.2470656739648254 -23
      vertex 9.871541278079054 1.2470656739648254 0
      vertex 9.905841547800645 0.9363777175192175 0
    endloop
  endfacet
  facet normal 0.990023657716558 0.14090123193757942 0
    outer loop
      vertex 9.82749898892162 1.556522927150297 -23
      vertex 9.82749898892162 1.556522927150297 0
      vertex 9.871541278079054 1.2470656739648254 0
    endloop
  endfacet
  facet normal 0.985109326154774 0.17192910027940952 -6.114444898922115e-17
    outer loop
      vertex 9.77375814475045 1.8644440801279618 -23
      vertex 9.773758144750452 1.8644440801279598 0
      vertex 9.82749898892162 1.556522927150297 0
    endloop
  endfacet
  facet normal 0.9792228106217656 0.2027872953565128 -7.830926066304787e-18
    outer loop
      vertex 9.710371781290537 2.1705252518955973 -23
      vertex 9.710371781290537 2.170525251895598 0
      vertex 9.773758144750452 1.8644440801279598 0
    endloop
  endfacet
  facet normal 0.9723699203976758 0.23344536385590925 4.507415964257874e-18
    outer loop
      vertex 9.637402453229878 2.474464377290305 0
      vertex 9.710371781290537 2.170525251895598 0
      vertex 9.637402453229878 2.4744643772903054 -23
    endloop
  endfacet
  facet normal 0.8686315144381916 0.4954586684324068 2.8980474122401197e-17
    outer loop
      vertex 8.719251466436441 4.793449057312067 0
      vertex 8.56438316868924 5.064962086716193 -23
      vertex 8.564383168689238 5.064962086716195 0
    endloop
  endfacet
  facet normal 0.935444030829866 0.35347484377926075 5.16592327712138e-17
    outer loop
      vertex 9.361763651094543 3.3704423064406495 0
      vertex 9.251276034588102 3.6628392992125445 -23
      vertex 9.2512760345881 3.662839299212546 0
    endloop
  endfacet
  facet normal 0.9645574184577984 0.2638730499653717 4.911037034287184e-17
    outer loop
      vertex 9.637402453229878 2.474464377290305 0
      vertex 9.554922172485584 2.775961505090329 -23
      vertex 9.554922172485583 2.775961505090331 0
    endloop
  endfacet
  facet normal 0.9557930147983292 0.29404032523230694 7.997888624715709e-20
    outer loop
      vertex 9.554922172485583 2.775961505090331 0
      vertex 9.463012337136776 3.0747190940307263 -23
      vertex 9.463012337136776 3.0747190940307263 0
    endloop
  endfacet
  facet normal 0.9460853588275474 0.3239174181981435 2.501708353118015e-17
    outer loop
      vertex 9.361763651094543 3.3704423064406495 0
      vertex 9.463012337136776 3.0747190940307263 0
      vertex 9.361763651094543 3.3704423064406512 -23
    endloop
  endfacet
  facet normal 0.9238795325112865 0.3826834323650903 3.0034437236321973e-17
    outer loop
      vertex 9.2512760345881 3.662839299212546 0
      vertex 9.131658525555611 3.951621511816068 -23
      vertex 9.131658525555611 3.9516215118160662 0
    endloop
  endfacet
  facet normal 0.9114032766354462 0.4115143586051068 0
    outer loop
      vertex 9.003029172036895 4.2365039510724705 -23
      vertex 9.003029172036895 4.2365039510724705 0
      vertex 9.131658525555611 3.9516215118160662 0
    endloop
  endfacet
  facet normal 0.8980275757606154 0.43993916985591563 0
    outer loop
      vertex 8.86551491567426 4.517205472408491 -23
      vertex 8.86551491567426 4.517205472408491 0
      vertex 9.003029172036895 4.2365039510724705 0
    endloop
  endfacet
  facet normal 0.8837656300886928 0.46792981426057434 1.806978969393609e-17
    outer loop
      vertex 8.719251466436441 4.793449057312067 0
      vertex 8.86551491567426 4.517205472408491 0
      vertex 8.719251466436441 4.793449057312068 -23
    endloop
  endfacet
  facet normal 0 0 -1
    outer loop
      vertex 5.362936719463543 6.913856358287291 -23
      vertex 5.14312095755914 7.07889870078079 -23
      vertex 5.592729609628699 8.229451714031889 -23
    endloop
  endfacet
  facet normal 0 0 -1
    outer loop
      vertex 5.577459910301035 6.741990874288157 -23
      vertex 5.362936719463543 6.913856358287291 -23
      vertex 5.592729609628699 8.229451714031889 -23
    endloop
  endfacet
  facet normal 0 0 -1
    outer loop
      vertex 6.187184335382291 6.187184335382291 -23
      vertex 5.989787176876025 6.378475489937352 -23
      vertex 6.342368697999461 7.666606765619104 -23
    endloop
  endfacet
  facet normal 0 0 -1
    outer loop
      vertex 5.786478821581954 6.563471859266521 -23
      vertex 5.577459910301035 6.741990874288157 -23
      vertex 5.848463260310107 8.049719094030726 -23
    endloop
  endfacet
  facet normal 0 0 -1
    outer loop
      vertex 5.989787176876025 6.378475489937352 -23
      vertex 5.786478821581954 6.563471859266521 -23
      vertex 6.098425183847114 7.862042373138119 -23
    endloop
  endfacet
  facet normal 0 0 -1
    outer loop
      vertex 5.989787176876025 6.378475489937352 -23
      vertex 6.098425183847114 7.862042373138119 -23
      vertex 6.342368697999461 7.666606765619104 -23
    endloop
  endfacet
  facet normal 0 0 -1
    outer loop
      vertex 6.741990874288157 5.577459910301035 -23
      vertex 6.563471859266521 5.786478821581954 -23
      vertex 6.81124370399045 7.2532378428430455 -23
    endloop
  endfacet
  facet normal 0 0 -1
    outer loop
      vertex 7.3878693481426305 4.688484456066221 -23
      vertex 7.236955024902417 4.918229556206142 -23
      vertex 7.463605142823071 6.580053059970337 -23
    endloop
  endfacet
  facet normal 0 0 -1
    outer loop
      vertex 7.07889870078079 5.14312095755914 -23
      vertex 6.913856358287289 5.362936719463546 -23
      vertex 7.2532378428430455 6.81124370399045 -23
    endloop
  endfacet
  facet normal 0 0 -1
    outer loop
      vertex 6.913856358287289 5.362936719463546 -23
      vertex 6.741990874288157 5.577459910301035 -23
      vertex 7.035712472806148 7.035712472806148 -23
    endloop
  endfacet
  facet normal 0 0 -1
    outer loop
      vertex 7.236955024902417 4.918229556206142 -23
      vertex 7.07889870078079 5.14312095755914 -23
      vertex 7.2532378428430455 6.81124370399045 -23
    endloop
  endfacet
  facet normal 0 0 -1
    outer loop
      vertex 7.236955024902417 4.918229556206142 -23
      vertex 7.2532378428430455 6.81124370399045 -23
      vertex 7.463605142823071 6.580053059970337 -23
    endloop
  endfacet
  facet normal 0 0 -1
    outer loop
      vertex 6.563471859266521 5.786478821581954 -23
      vertex 6.378475489937352 5.989787176876025 -23
      vertex 6.580053059970337 7.463605142823071 -23
    endloop
  endfacet
  facet normal 0 0 -1
    outer loop
      vertex 6.378475489937352 5.989787176876025 -23
      vertex 6.187184335382291 6.187184335382291 -23
      vertex 6.580053059970337 7.463605142823071 -23
    endloop
  endfacet
  facet normal 0 0 -1
    outer loop
      vertex 6.563471859266521 5.786478821581954 -23
      vertex 6.580053059970337 7.463605142823071 -23
      vertex 6.81124370399045 7.2532378428430455 -23
    endloop
  endfacet
  facet normal 0 0 -1
    outer loop
      vertex 6.187184335382291 6.187184335382291 -23
      vertex 6.342368697999461 7.666606765619104 -23
      vertex 6.580053059970337 7.463605142823071 -23
    endloop
  endfacet
  facet normal 0 0 -1
    outer loop
      vertex 6.913856358287289 5.362936719463546 -23
      vertex 7.035712472806148 7.035712472806148 -23
      vertex 7.2532378428430455 6.81124370399045 -23
    endloop
  endfacet
  facet normal 0 0 -1
    outer loop
      vertex 6.741990874288157 5.577459910301035 -23
      vertex 6.81124370399045 7.2532378428430455 -23
      vertex 7.035712472806148 7.035712472806148 -23
    endloop
  endfacet
  facet normal 0.6730125135097735 0.7396310949786096 -5.609003129586933e-18
    outer loop
      vertex 6.81124370399045 7.2532378428430455 -23
      vertex 6.580053059970337 7.463605142823071 -23
      vertex 6.580053059970335 7.463605142823073 0
    endloop
  endfacet
  facet normal 0.7396310949786096 0.6730125135097735 -5.145146644491725e-18
    outer loop
      vertex 7.463605142823071 6.580053059970337 -23
      vertex 7.2532378428430455 6.81124370399045 -23
      vertex 7.463605142823073 6.580053059970335 0
    endloop
  endfacet
  facet normal 0.6959127965923112 0.718126297763192 2.6097464175510247e-18
    outer loop
      vertex 7.035712472806148 7.035712472806148 -23
      vertex 6.81124370399045 7.2532378428430455 -23
      vertex 6.811243703990453 7.253237842843043 0
    endloop
  endfacet
  facet normal 0.718126297763192 0.6959127965923112 -5.288956102117163e-17
    outer loop
      vertex 7.2532378428430455 6.81124370399045 -23
      vertex 7.035712472806148 7.035712472806148 -23
      vertex 7.253237842843045 6.811243703990453 0
    endloop
  endfacet
  facet normal 0 0 -1
    outer loop
      vertex 5.14312095755914 7.07889870078079 -23
      vertex 4.918229556206143 7.236955024902416 -23
      vertex 5.331476610041016 8.401062858745048 -23
    endloop
  endfacet
  facet normal 0 0 -1
    outer loop
      vertex 5.331476610041016 8.401062858745048 -23
      vertex 4.918229556206143 7.236955024902416 -23
      vertex 5.064962086716193 8.56438316868924 -23
    endloop
  endfacet
  facet normal 0 0 -1
    outer loop
      vertex 5.14312095755914 7.07889870078079 -23
      vertex 5.331476610041016 8.401062858745048 -23
      vertex 5.592729609628699 8.229451714031889 -23
    endloop
  endfacet
  facet normal 0 0 -1
    outer loop
      vertex 5.577459910301035 6.741990874288157 -23
      vertex 5.592729609628699 8.229451714031889 -23
      vertex 5.848463260310107 8.049719094030726 -23
    endloop
  endfacet
  facet normal 0 0 -1
    outer loop
      vertex 5.786478821581954 6.563471859266521 -23
      vertex 5.848463260310107 8.049719094030726 -23
      vertex 6.098425183847114 7.862042373138119 -23
    endloop
  endfacet
  facet normal 0.5224985647159528 0.8526401643540897 2.5659442396531918e-17
    outer loop
      vertex 5.331476610041016 8.401062858745048 -23
      vertex 5.064962086716193 8.56438316868924 -23
      vertex 5.064962086716195 8.564383168689238 0
    endloop
  endfacet
  facet normal 0.5490228179981308 0.8358073613682707 -1.6557580924136986e-19
    outer loop
      vertex 5.592729609628699 8.229451714031889 -23
      vertex 5.331476610041016 8.401062858745048 -23
      vertex 5.331476610041016 8.401062858745048 0
    endloop
  endfacet
  facet normal 0.6004202253258846 0.7996846584870902 -2.397746529776877e-19
    outer loop
      vertex 6.098425183847114 7.862042373138119 -23
      vertex 5.848463260310107 8.049719094030726 -23
      vertex 5.848463260310107 8.049719094030726 0
    endloop
  endfacet
  facet normal 0.6252426563357023 0.780430407338332 4.822611069726769e-19
    outer loop
      vertex 6.342368697999461 7.666606765619104 -23
      vertex 6.098425183847114 7.862042373138119 -23
      vertex 6.098425183847114 7.862042373138119 0
    endloop
  endfacet
  facet normal 0.5750052520432771 0.8181497174250244 -4.765077990828683e-19
    outer loop
      vertex 5.848463260310107 8.049719094030726 -23
      vertex 5.592729609628699 8.229451714031889 -23
      vertex 5.592729609628699 8.229451714031889 0
    endloop
  endfacet
  facet normal 0.6494480483301857 0.7604059656000293 6.301316370992654e-17
    outer loop
      vertex 6.342368697999462 7.666606765619101 0
      vertex 6.580053059970337 7.463605142823071 -23
      vertex 6.342368697999461 7.666606765619104 -23
    endloop
  endfacet
  facet normal 0 0 -1
    outer loop
      vertex 7.531492736284508 4.454112387815748 -23
      vertex 7.3878693481426305 4.688484456066221 -23
      vertex 7.666606765619104 6.342368697999461 -23
    endloop
  endfacet
  facet normal 0 0 -1
    outer loop
      vertex 7.796307086648219 3.9724168727210345 -23
      vertex 7.862042373138117 6.098425183847118 -23
      vertex 8.049719094030726 5.848463260310107 -23
    endloop
  endfacet
  facet normal 0 0 -1
    outer loop
      vertex 7.3878693481426305 4.688484456066221 -23
      vertex 7.463605142823071 6.580053059970337 -23
      vertex 7.666606765619104 6.342368697999461 -23
    endloop
  endfacet
  facet normal 0 0 -1
    outer loop
      vertex 7.531492736284508 4.454112387815748 -23
      vertex 7.666606765619104 6.342368697999461 -23
      vertex 7.862042373138117 6.098425183847118 -23
    endloop
  endfacet
  facet normal 0.7804304073383317 0.6252426563357026 6.166252178537305e-18
    outer loop
      vertex 7.862042373138117 6.098425183847118 -23
      vertex 7.666606765619104 6.342368697999461 -23
      vertex 7.862042373138119 6.098425183847114 0
    endloop
  endfacet
  facet normal 0.7996846584870902 0.6004202253258846 0
    outer loop
      vertex 8.049719094030726 5.848463260310107 -23
      vertex 7.862042373138117 6.098425183847118 -23
      vertex 8.049719094030726 5.848463260310107 0
    endloop
  endfacet
  facet normal 0.8358073613682726 0.5490228179981282 -9.478898339542038e-19
    outer loop
      vertex 8.401062858745048 5.331476610041016 -23
      vertex 8.22945171403189 5.592729609628698 -23
      vertex 8.40106285874505 5.331476610041014 0
    endloop
  endfacet
  facet normal 0.8526401643540897 0.5224985647159528 2.5497795151641035e-17
    outer loop
      vertex 8.564383168689238 5.064962086716195 0
      vertex 8.56438316868924 5.064962086716193 -23
      vertex 8.401062858745048 5.331476610041016 -23
    endloop
  endfacet
  facet normal 0.8181497174250227 0.5750052520432796 4.098341696183692e-17
    outer loop
      vertex 8.229451714031889 5.592729609628699 0
      vertex 8.22945171403189 5.592729609628698 -23
      vertex 8.049719094030726 5.848463260310107 -23
    endloop
  endfacet
  facet normal 0.7604059656000293 0.6494480483301857 6.301316370992654e-17
    outer loop
      vertex 7.666606765619101 6.342368697999462 0
      vertex 7.666606765619104 6.342368697999461 -23
      vertex 7.463605142823071 6.580053059970337 -23
    endloop
  endfacet
  facet normal 0.6730125135097742 0.7396310949786089 7.717719966737432e-18
    outer loop
      vertex 6.81124370399045 7.2532378428430455 -23
      vertex 6.580053059970335 7.463605142823073 0
      vertex 6.811243703990453 7.253237842843043 0
    endloop
  endfacet
  facet normal 0.7396310949786117 0.6730125135097711 -4.940613891145115e-17
    outer loop
      vertex 7.2532378428430455 6.81124370399045 -23
      vertex 7.253237842843045 6.811243703990453 0
      vertex 7.463605142823073 6.580053059970335 0
    endloop
  endfacet
  facet normal 0.695912796592311 0.718126297763192 0
    outer loop
      vertex 7.035712472806148 7.035712472806148 -23
      vertex 6.811243703990453 7.253237842843043 0
      vertex 7.035712472806148 7.035712472806148 0
    endloop
  endfacet
  facet normal 0.7181262977631893 0.695912796592314 0
    outer loop
      vertex 7.035712472806148 7.035712472806148 -23
      vertex 7.035712472806148 7.035712472806148 0
      vertex 7.253237842843045 6.811243703990453 0
    endloop
  endfacet
  facet normal 0.5224985647159512 0.8526401643540907 0
    outer loop
      vertex 5.331476610041016 8.401062858745048 -23
      vertex 5.064962086716195 8.564383168689238 0
      vertex 5.331476610041016 8.401062858745048 0
    endloop
  endfacet
  facet normal 0.5490228179981308 0.8358073613682707 0
    outer loop
      vertex 5.592729609628699 8.229451714031889 -23
      vertex 5.331476610041016 8.401062858745048 0
      vertex 5.592729609628699 8.229451714031889 0
    endloop
  endfacet
  facet normal 0.6004202253258846 0.7996846584870902 0
    outer loop
      vertex 6.098425183847114 7.862042373138119 -23
      vertex 5.848463260310107 8.049719094030726 0
      vertex 6.098425183847114 7.862042373138119 0
    endloop
  endfacet
  facet normal 0.5750052520432771 0.8181497174250244 0
    outer loop
      vertex 5.848463260310107 8.049719094030726 -23
      vertex 5.592729609628699 8.229451714031889 0
      vertex 5.848463260310107 8.049719094030726 0
    endloop
  endfacet
  facet normal 0.6252426563357062 0.780430407338329 6.626770883450827e-17
    outer loop
      vertex 6.342368697999462 7.666606765619101 0
      vertex 6.342368697999461 7.666606765619104 -23
      vertex 6.098425183847114 7.862042373138119 0
    endloop
  endfacet
  facet normal 0.6494480483301817 0.7604059656000327 -8.122082820653703e-18
    outer loop
      vertex 6.342368697999462 7.666606765619101 0
      vertex 6.580053059970335 7.463605142823073 0
      vertex 6.580053059970337 7.463605142823071 -23
    endloop
  endfacet
  facet normal 0.7996846584870902 0.6004202253258846 1.014425584023756e-19
    outer loop
      vertex 7.862042373138117 6.098425183847118 -23
      vertex 7.862042373138119 6.098425183847114 0
      vertex 8.049719094030726 5.848463260310107 0
    endloop
  endfacet
  facet normal 0.8358073613682708 0.5490228179981309 4.335051756168327e-17
    outer loop
      vertex 8.229451714031889 5.592729609628699 0
      vertex 8.40106285874505 5.331476610041014 0
      vertex 8.22945171403189 5.592729609628698 -23
    endloop
  endfacet
  facet normal 0.852640164354091 0.5224985647159509 -5.320753868815323e-18
    outer loop
      vertex 8.401062858745048 5.331476610041016 -23
      vertex 8.40106285874505 5.331476610041014 0
      vertex 8.564383168689238 5.064962086716195 0
    endloop
  endfacet
  facet normal 0.8181497174250244 0.5750052520432771 -4.765077990828683e-19
    outer loop
      vertex 8.229451714031889 5.592729609628699 0
      vertex 8.049719094030726 5.848463260310107 -23
      vertex 8.049719094030726 5.848463260310107 0
    endloop
  endfacet
  facet normal 0.7604059656000327 0.6494480483301817 -8.122082820653703e-18
    outer loop
      vertex 7.666606765619101 6.342368697999462 0
      vertex 7.463605142823071 6.580053059970337 -23
      vertex 7.463605142823073 6.580053059970335 0
    endloop
  endfacet
  facet normal 0.780430407338329 0.6252426563357062 6.626770883450827e-17
    outer loop
      vertex 7.666606765619101 6.342368697999462 0
      vertex 7.862042373138119 6.098425183847114 0
      vertex 7.666606765619104 6.342368697999461 -23
    endloop
  endfacet
  facet normal -0.7604059656000293 -0.6494480483301857 3.48879010049573e-19
    outer loop
      vertex -7.463605142823071 -6.580053059970337 0
      vertex -7.666606765619104 -6.342368697999461 23
      vertex -7.666606765619104 -6.342368697999461 0
    endloop
  endfacet
  facet normal -0.8181497174250227 -0.5750052520432796 0
    outer loop
      vertex -8.22945171403189 -5.592729609628698 23
      vertex -8.22945171403189 -5.592729609628698 0
      vertex -8.049719094030726 -5.848463260310107 0
    endloop
  endfacet
  facet normal -0.8526401643540914 -0.5224985647159504 -4.035408256565186e-17
    outer loop
      vertex -8.56438316868924 -5.064962086716193 23
      vertex -8.56438316868924 -5.064962086716191 0
      vertex -8.401062858745048 -5.331476610041016 0
    endloop
  endfacet
  facet normal -0.8358073613682726 -0.5490228179981282 0
    outer loop
      vertex -8.401062858745048 -5.331476610041016 23
      vertex -8.401062858745048 -5.331476610041016 0
      vertex -8.22945171403189 -5.592729609628698 0
    endloop
  endfacet
  facet normal -0.7996846584870902 -0.6004202253258846 0
    outer loop
      vertex -8.049719094030726 -5.848463260310107 23
      vertex -8.049719094030726 -5.848463260310107 0
      vertex -7.862042373138117 -6.098425183847118 0
    endloop
  endfacet
  facet normal -0.7804304073383317 -0.6252426563357026 2.287479772986052e-19
    outer loop
      vertex -7.666606765619104 -6.342368697999461 0
      vertex -7.862042373138117 -6.098425183847118 23
      vertex -7.862042373138117 -6.098425183847118 0
    endloop
  endfacet
  facet normal -0.6494480483301872 -0.7604059656000278 -5.99686900863256e-20
    outer loop
      vertex -6.580053059970337 -7.46360514282307 0
      vertex -6.342368697999461 -7.666606765619104 0
      vertex -6.342368697999461 -7.666606765619104 23
    endloop
  endfacet
  facet normal -0.5750052520432796 -0.8181497174250227 0
    outer loop
      vertex -5.592729609628698 -8.22945171403189 23
      vertex -5.848463260310107 -8.049719094030726 0
      vertex -5.592729609628698 -8.22945171403189 0
    endloop
  endfacet
  facet normal -0.6252426563357026 -0.7804304073383317 2.287479772986052e-19
    outer loop
      vertex -6.342368697999461 -7.666606765619104 0
      vertex -6.098425183847118 -7.862042373138117 0
      vertex -6.098425183847118 -7.862042373138117 23
    endloop
  endfacet
  facet normal -0.6004202253258846 -0.7996846584870902 0
    outer loop
      vertex -5.848463260310107 -8.049719094030726 23
      vertex -6.098425183847118 -7.862042373138117 0
      vertex -5.848463260310107 -8.049719094030726 0
    endloop
  endfacet
  facet normal -0.5490228179981282 -0.8358073613682726 0
    outer loop
      vertex -5.331476610041016 -8.401062858745048 23
      vertex -5.592729609628698 -8.22945171403189 0
      vertex -5.331476610041016 -8.401062858745048 0
    endloop
  endfacet
  facet normal -0.5224985647159528 -0.8526401643540897 0
    outer loop
      vertex -5.064962086716193 -8.56438316868924 0
      vertex -5.064962086716193 -8.56438316868924 23
      vertex -5.331476610041016 -8.401062858745048 0
    endloop
  endfacet
  facet normal -0.718126297763192 -0.6959127965923112 0
    outer loop
      vertex -7.2532378428430455 -6.81124370399045 23
      vertex -7.2532378428430455 -6.81124370399045 0
      vertex -7.035712472806148 -7.035712472806148 0
    endloop
  endfacet
  facet normal -0.6959127965923112 -0.718126297763192 0
    outer loop
      vertex -6.81124370399045 -7.2532378428430455 23
      vertex -7.035712472806148 -7.035712472806148 0
      vertex -6.81124370399045 -7.2532378428430455 0
    endloop
  endfacet
  facet normal -0.7396310949786096 -0.6730125135097735 0
    outer loop
      vertex -7.463605142823071 -6.580053059970337 0
      vertex -7.2532378428430455 -6.81124370399045 0
      vertex -7.463605142823071 -6.580053059970337 23
    endloop
  endfacet
  facet normal -0.673012513509772 -0.7396310949786109 -2.8561929439094603e-17
    outer loop
      vertex -6.580053059970337 -7.46360514282307 0
      vertex -6.580053059970337 -7.463605142823071 23
      vertex -6.81124370399045 -7.2532378428430455 0
    endloop
  endfacet
  facet normal -0.7804304073383317 -0.6252426563357026 0
    outer loop
      vertex -7.666606765619104 -6.342368697999461 0
      vertex -7.666606765619104 -6.342368697999461 23
      vertex -7.862042373138117 -6.098425183847118 23
    endloop
  endfacet
  facet normal -0.7604059656000293 -0.6494480483301857 0
    outer loop
      vertex -7.463605142823071 -6.580053059970337 0
      vertex -7.463605142823071 -6.580053059970337 23
      vertex -7.666606765619104 -6.342368697999461 23
    endloop
  endfacet
  facet normal -0.8181497174250227 -0.5750052520432796 3.157150193098477e-20
    outer loop
      vertex -8.22945171403189 -5.592729609628698 23
      vertex -8.049719094030726 -5.848463260310107 0
      vertex -8.049719094030726 -5.848463260310107 23
    endloop
  endfacet
  facet normal -0.8526401643540897 -0.5224985647159528 0
    outer loop
      vertex -8.401062858745048 -5.331476610041016 23
      vertex -8.56438316868924 -5.064962086716193 23
      vertex -8.401062858745048 -5.331476610041016 0
    endloop
  endfacet
  facet normal -0.8358073613682726 -0.5490228179981282 -3.1325339825156144e-19
    outer loop
      vertex -8.401062858745048 -5.331476610041016 23
      vertex -8.22945171403189 -5.592729609628698 0
      vertex -8.22945171403189 -5.592729609628698 23
    endloop
  endfacet
  facet normal -0.7996846584870902 -0.6004202253258846 0
    outer loop
      vertex -7.862042373138117 -6.098425183847118 23
      vertex -8.049719094030726 -5.848463260310107 23
      vertex -7.862042373138117 -6.098425183847118 0
    endloop
  endfacet
  facet normal 0 0 1
    outer loop
      vertex -7.463605142823071 -6.580053059970337 23
      vertex -7.531492736284508 -4.454112387815748 23
      vertex -7.666606765619104 -6.342368697999461 23
    endloop
  endfacet
  facet normal 0 0 1
    outer loop
      vertex -7.666606765619104 -6.342368697999461 23
      vertex -7.796307086648219 -3.9724168727210345 23
      vertex -7.862042373138117 -6.098425183847118 23
    endloop
  endfacet
  facet normal 0 0 1
    outer loop
      vertex -7.862042373138117 -6.098425183847118 23
      vertex -7.917236709077671 -3.7255688011943837 23
      vertex -8.049719094030726 -5.848463260310107 23
    endloop
  endfacet
  facet normal 0 0 1
    outer loop
      vertex -7.666606765619104 -6.342368697999461 23
      vertex -7.531492736284508 -4.454112387815748 23
      vertex -7.667683450383805 -4.215344648390009 23
    endloop
  endfacet
  facet normal -0.6494480483301857 -0.7604059656000293 -2.936418125466008e-17
    outer loop
      vertex -6.580053059970337 -7.46360514282307 0
      vertex -6.342368697999461 -7.666606765619104 23
      vertex -6.580053059970337 -7.463605142823071 23
    endloop
  endfacet
  facet normal -0.6252426563357026 -0.7804304073383317 0
    outer loop
      vertex -6.342368697999461 -7.666606765619104 0
      vertex -6.098425183847118 -7.862042373138117 23
      vertex -6.342368697999461 -7.666606765619104 23
    endloop
  endfacet
  facet normal -0.5750052520432796 -0.8181497174250227 0
    outer loop
      vertex -5.848463260310107 -8.049719094030726 23
      vertex -5.848463260310107 -8.049719094030726 0
      vertex -5.592729609628698 -8.22945171403189 23
    endloop
  endfacet
  facet normal -0.6004202253258846 -0.7996846584870902 0
    outer loop
      vertex -6.098425183847118 -7.862042373138117 23
      vertex -6.098425183847118 -7.862042373138117 0
      vertex -5.848463260310107 -8.049719094030726 23
    endloop
  endfacet
  facet normal -0.5490228179981282 -0.8358073613682726 -3.1325339825156144e-19
    outer loop
      vertex -5.331476610041016 -8.401062858745048 23
      vertex -5.592729609628698 -8.22945171403189 23
      vertex -5.592729609628698 -8.22945171403189 0
    endloop
  endfacet
  facet normal -0.5224985647159528 -0.8526401643540897 0
    outer loop
      vertex -5.331476610041016 -8.401062858745048 23
      vertex -5.331476610041016 -8.401062858745048 0
      vertex -5.064962086716193 -8.56438316868924 23
    endloop
  endfacet
  facet normal 0 0 1
    outer loop
      vertex -5.848463260310107 -8.049719094030726 23
      vertex -5.592729609628698 -8.22945171403189 23
      vertex -5.786478821581954 -6.563471859266521 23
    endloop
  endfacet
  facet normal 0 0 1
    outer loop
      vertex -5.331476610041016 -8.401062858745048 23
      vertex -5.362936719463546 -6.913856358287289 23
      vertex -5.592729609628698 -8.22945171403189 23
    endloop
  endfacet
  facet normal 0 0 1
    outer loop
      vertex -5.331476610041016 -8.401062858745048 23
      vertex -5.064962086716193 -8.56438316868924 23
      vertex -5.14312095755914 -7.07889870078079 23
    endloop
  endfacet
  facet normal 0 0 1
    outer loop
      vertex -5.331476610041016 -8.401062858745048 23
      vertex -5.14312095755914 -7.07889870078079 23
      vertex -5.362936719463546 -6.913856358287289 23
    endloop
  endfacet
  facet normal 0 0 1
    outer loop
      vertex -5.064962086716193 -8.56438316868924 23
      vertex -4.918229556206142 -7.236955024902417 23
      vertex -5.14312095755914 -7.07889870078079 23
    endloop
  endfacet
  facet normal -0.718126297763192 -0.6959127965923112 0
    outer loop
      vertex -7.035712472806148 -7.035712472806148 23
      vertex -7.2532378428430455 -6.81124370399045 23
      vertex -7.035712472806148 -7.035712472806148 0
    endloop
  endfacet
  facet normal -0.6959127965923112 -0.718126297763192 0
    outer loop
      vertex -7.035712472806148 -7.035712472806148 23
      vertex -7.035712472806148 -7.035712472806148 0
      vertex -6.81124370399045 -7.2532378428430455 23
    endloop
  endfacet
  facet normal -0.7396310949786096 -0.6730125135097735 3.604331356083891e-19
    outer loop
      vertex -7.463605142823071 -6.580053059970337 23
      vertex -7.2532378428430455 -6.81124370399045 0
      vertex -7.2532378428430455 -6.81124370399045 23
    endloop
  endfacet
  facet normal -0.6730125135097735 -0.7396310949786096 3.604331356083891e-19
    outer loop
      vertex -6.580053059970337 -7.463605142823071 23
      vertex -6.81124370399045 -7.2532378428430455 23
      vertex -6.81124370399045 -7.2532378428430455 0
    endloop
  endfacet
  facet normal 0 0 1
    outer loop
      vertex -7.035712472806148 -7.035712472806148 23
      vertex -6.81124370399045 -7.2532378428430455 23
      vertex -6.913856358287289 -5.362936719463546 23
    endloop
  endfacet
  facet normal 0 0 1
    outer loop
      vertex -7.035712472806148 -7.035712472806148 23
      vertex -7.07889870078079 -5.14312095755914 23
      vertex -7.2532378428430455 -6.81124370399045 23
    endloop
  endfacet
  facet normal 0 0 1
    outer loop
      vertex -6.580053059970337 -7.463605142823071 23
      vertex -6.342368697999461 -7.666606765619104 23
      vertex -6.378475489937352 -5.989787176876025 23
    endloop
  endfacet
  facet normal 0 0 1
    outer loop
      vertex -6.580053059970337 -7.463605142823071 23
      vertex -6.741990874288157 -5.577459910301035 23
      vertex -6.81124370399045 -7.2532378428430455 23
    endloop
  endfacet
  facet normal 0 0 1
    outer loop
      vertex -6.580053059970337 -7.463605142823071 23
      vertex -6.563471859266521 -5.786478821581954 23
      vertex -6.741990874288157 -5.577459910301035 23
    endloop
  endfacet
  facet normal 0 0 1
    outer loop
      vertex -6.342368697999461 -7.666606765619104 23
      vertex -6.187184335382291 -6.187184335382291 23
      vertex -6.378475489937352 -5.989787176876025 23
    endloop
  endfacet
  facet normal 0 0 1
    outer loop
      vertex -6.580053059970337 -7.463605142823071 23
      vertex -6.378475489937352 -5.989787176876025 23
      vertex -6.563471859266521 -5.786478821581954 23
    endloop
  endfacet
  facet normal 0 0 1
    outer loop
      vertex -7.463605142823071 -6.580053059970337 23
      vertex -7.2532378428430455 -6.81124370399045 23
      vertex -7.3878693481426305 -4.688484456066221 23
    endloop
  endfacet
  facet normal 0 0 1
    outer loop
      vertex -7.2532378428430455 -6.81124370399045 23
      vertex -7.07889870078079 -5.14312095755914 23
      vertex -7.236955024902417 -4.918229556206142 23
    endloop
  endfacet
  facet normal 0 0 1
    outer loop
      vertex -7.035712472806148 -7.035712472806148 23
      vertex -6.913856358287289 -5.362936719463546 23
      vertex -7.07889870078079 -5.14312095755914 23
    endloop
  endfacet
  facet normal 0 0 1
    outer loop
      vertex -7.2532378428430455 -6.81124370399045 23
      vertex -7.236955024902417 -4.918229556206142 23
      vertex -7.3878693481426305 -4.688484456066221 23
    endloop
  endfacet
  facet normal 0 0 1
    outer loop
      vertex -7.463605142823071 -6.580053059970337 23
      vertex -7.3878693481426305 -4.688484456066221 23
      vertex -7.531492736284508 -4.454112387815748 23
    endloop
  endfacet
  facet normal 0 0 1
    outer loop
      vertex -6.81124370399045 -7.2532378428430455 23
      vertex -6.741990874288157 -5.577459910301035 23
      vertex -6.913856358287289 -5.362936719463546 23
    endloop
  endfacet
  facet normal 0 0 1
    outer loop
      vertex -6.342368697999461 -7.666606765619104 23
      vertex -6.098425183847118 -7.862042373138117 23
      vertex -6.187184335382291 -6.187184335382291 23
    endloop
  endfacet
  facet normal 0 0 1
    outer loop
      vertex -6.098425183847118 -7.862042373138117 23
      vertex -5.848463260310107 -8.049719094030726 23
      vertex -5.989787176876025 -6.378475489937352 23
    endloop
  endfacet
  facet normal 0 0 1
    outer loop
      vertex -5.592729609628698 -8.22945171403189 23
      vertex -5.577459910301035 -6.741990874288157 23
      vertex -5.786478821581954 -6.563471859266521 23
    endloop
  endfacet
  facet normal 0 0 1
    outer loop
      vertex -5.848463260310107 -8.049719094030726 23
      vertex -5.786478821581954 -6.563471859266521 23
      vertex -5.989787176876025 -6.378475489937352 23
    endloop
  endfacet
  facet normal 0 0 1
    outer loop
      vertex -6.098425183847118 -7.862042373138117 23
      vertex -5.989787176876025 -6.378475489937352 23
      vertex -6.187184335382291 -6.187184335382291 23
    endloop
  endfacet
  facet normal 0 0 1
    outer loop
      vertex -5.592729609628698 -8.22945171403189 23
      vertex -5.362936719463546 -6.913856358287289 23
      vertex -5.577459910301035 -6.741990874288157 23
    endloop
  endfacet
  facet normal -0.8837656300886935 -0.46792981426057323 0
    outer loop
      vertex -8.86551491567426 -4.517205472408491 23
      vertex -8.86551491567426 -4.517205472408491 0
      vertex -8.719251466436441 -4.793449057312068 0
    endloop
  endfacet
  facet normal -0.9114032766354455 -0.4115143586051084 -9.065800854165513e-18
    outer loop
      vertex -9.131658525555613 -3.9516215118160636 0
      vertex -9.003029172036895 -4.2365039510724705 0
      vertex -9.131658525555611 -3.951621511816068 23
    endloop
  endfacet
  facet normal -0.9238795325112859 -0.38268343236509184 8.165202535903617e-20
    outer loop
      vertex -9.131658525555613 -3.9516215118160636 0
      vertex -9.251276034588102 -3.6628392992125445 23
      vertex -9.251276034588102 -3.6628392992125445 0
    endloop
  endfacet
  facet normal -0.8980275757606154 -0.43993916985591563 0
    outer loop
      vertex -9.003029172036895 -4.2365039510724705 23
      vertex -9.003029172036895 -4.2365039510724705 0
      vertex -8.86551491567426 -4.517205472408491 0
    endloop
  endfacet
  facet normal -0.9460853588275481 -0.3239174181981418 0
    outer loop
      vertex -9.463012337136776 -3.0747190940307263 23
      vertex -9.463012337136776 -3.0747190940307263 0
      vertex -9.361763651094543 -3.3704423064406512 0
    endloop
  endfacet
  facet normal -0.9557930147983282 -0.2940403252323101 0
    outer loop
      vertex -9.554922172485584 -2.775961505090329 23
      vertex -9.554922172485584 -2.775961505090329 0
      vertex -9.463012337136776 -3.0747190940307263 0
    endloop
  endfacet
  facet normal -0.9645574184577992 -0.26387304996536853 0
    outer loop
      vertex -9.637402453229878 -2.4744643772903054 23
      vertex -9.637402453229878 -2.4744643772903054 0
      vertex -9.554922172485584 -2.775961505090329 0
    endloop
  endfacet
  facet normal -0.9354440308298666 -0.35347484377925903 2.072735853324702e-20
    outer loop
      vertex -9.251276034588102 -3.6628392992125445 0
      vertex -9.361763651094543 -3.3704423064406512 23
      vertex -9.361763651094543 -3.3704423064406512 0
    endloop
  endfacet
  facet normal -0.8686315144381906 -0.49545866843240866 1.3682182816748984e-19
    outer loop
      vertex -8.56438316868924 -5.064962086716191 0
      vertex -8.719251466436441 -4.793449057312068 23
      vertex -8.719251466436441 -4.793449057312068 0
    endloop
  endfacet
  facet normal -0.9723699203976767 -0.23344536385590534 -4.0566743678320184e-17
    outer loop
      vertex -9.710371781290537 -2.1705252518955973 23
      vertex -9.710371781290537 -2.1705252518955933 0
      vertex -9.637402453229878 -2.4744643772903054 0
    endloop
  endfacet
  facet normal -0.9792228106217659 -0.20278729535651177 -2.050865314387355e-19
    outer loop
      vertex -9.710371781290537 -2.1705252518955933 0
      vertex -9.77375814475045 -1.8644440801279618 23
      vertex -9.77375814475045 -1.8644440801279618 0
    endloop
  endfacet
  facet normal -0.9851093261547732 -0.17192910027941394 0
    outer loop
      vertex -9.82749898892162 -1.556522927150297 23
      vertex -9.82749898892162 -1.556522927150297 0
      vertex -9.77375814475045 -1.8644440801279618 0
    endloop
  endfacet
  facet normal -0.990023657716558 -0.14090123193757942 0
    outer loop
      vertex -9.871541278079054 -1.2470656739648254 23
      vertex -9.871541278079054 -1.2470656739648254 0
      vertex -9.82749898892162 -1.556522927150297 0
    endloop
  endfacet
  facet normal -0.99396095545518 -0.10973431109104179 -2.330652428541212e-17
    outer loop
      vertex -9.905841547800645 -0.9363777175192135 0
      vertex -9.871541278079054 -1.2470656739648254 0
      vertex -9.905841547800645 -0.9363777175192184 23
    endloop
  endfacet
  facet normal -0.9969173337331279 -0.07845909572784643 -2.0647858849985897e-20
    outer loop
      vertex -9.905841547800645 -0.9363777175192135 0
      vertex -9.9303659478613 -0.6247656693166671 23
      vertex -9.9303659478613 -0.6247656693166671 0
    endloop
  endfacet
  facet normal -0.9988898749619699 -0.047106450709645836 0
    outer loop
      vertex -9.945090275639028 -0.3125370528273784 23
      vertex -9.945090275639028 -0.3125370528273784 0
      vertex -9.9303659478613 -0.6247656693166671 0
    endloop
  endfacet
  facet normal -0.9998766324816607 -0.01570731731181996 0
    outer loop
      vertex -9.95 0 0
      vertex -9.945090275639028 -0.3125370528273784 0
      vertex -9.95 0 23
    endloop
  endfacet
  facet normal -0.8837656300886935 -0.46792981426057323 0
    outer loop
      vertex -8.719251466436441 -4.793449057312068 23
      vertex -8.86551491567426 -4.517205472408491 23
      vertex -8.719251466436441 -4.793449057312068 0
    endloop
  endfacet
  facet normal -0.8980275757606154 -0.43993916985591563 0
    outer loop
      vertex -8.86551491567426 -4.517205472408491 23
      vertex -9.003029172036895 -4.2365039510724705 23
      vertex -8.86551491567426 -4.517205472408491 0
    endloop
  endfacet
  facet normal -0.9114032766354451 -0.41151435860510893 1.641572529486186e-19
    outer loop
      vertex -9.131658525555611 -3.951621511816068 23
      vertex -9.003029172036895 -4.2365039510724705 0
      vertex -9.003029172036895 -4.2365039510724705 23
    endloop
  endfacet
  facet normal -0.923879532511286 -0.3826834323650916 -2.5354828112567584e-18
    outer loop
      vertex -9.131658525555613 -3.9516215118160636 0
      vertex -9.131658525555611 -3.951621511816068 23
      vertex -9.251276034588102 -3.6628392992125445 23
    endloop
  endfacet
  facet normal -0.9460853588275481 -0.3239174181981418 0
    outer loop
      vertex -9.361763651094543 -3.3704423064406512 23
      vertex -9.463012337136776 -3.0747190940307263 23
      vertex -9.361763651094543 -3.3704423064406512 0
    endloop
  endfacet
  facet normal -0.9557930147983282 -0.2940403252323101 0
    outer loop
      vertex -9.463012337136776 -3.0747190940307263 23
      vertex -9.554922172485584 -2.775961505090329 23
      vertex -9.463012337136776 -3.0747190940307263 0
    endloop
  endfacet
  facet normal -0.9645574184577992 -0.26387304996536853 0
    outer loop
      vertex -9.554922172485584 -2.775961505090329 23
      vertex -9.637402453229878 -2.4744643772903054 23
      vertex -9.554922172485584 -2.775961505090329 0
    endloop
  endfacet
  facet normal -0.9354440308298666 -0.35347484377925903 0
    outer loop
      vertex -9.251276034588102 -3.6628392992125445 0
      vertex -9.251276034588102 -3.6628392992125445 23
      vertex -9.361763651094543 -3.3704423064406512 23
    endloop
  endfacet
  facet normal -0.8686315144381921 -0.4954586684324062 -3.826571279608895e-17
    outer loop
      vertex -8.56438316868924 -5.064962086716191 0
      vertex -8.56438316868924 -5.064962086716193 23
      vertex -8.719251466436441 -4.793449057312068 23
    endloop
  endfacet
  facet normal 0 0 1
    outer loop
      vertex -8.22945171403189 -5.592729609628698 23
      vertex -8.049719094030726 -5.848463260310107 23
      vertex -8.1355442515222 -3.2210898359909312 23
    endloop
  endfacet
  facet normal 0 0 1
    outer loop
      vertex -8.401062858745048 -5.331476610041016 23
      vertex -8.22945171403189 -5.592729609628698 23
      vertex -8.321744517582593 -2.7038987007807895 23
    endloop
  endfacet
  facet normal 0 0 1
    outer loop
      vertex -8.401062858745048 -5.331476610041016 23
      vertex -8.475102659875521 -2.17603651269248 23
      vertex -8.56438316868924 -5.064962086716193 23
    endloop
  endfacet
  facet normal 0 0 1
    outer loop
      vertex -8.56438316868924 -5.064962086716193 23
      vertex -8.642272980207455 -1.36880156910202 23
      vertex -8.719251466436441 -4.793449057312068 23
    endloop
  endfacet
  facet normal 0 0 1
    outer loop
      vertex -8.22945171403189 -5.592729609628698 23
      vertex -8.232706728349473 -2.9639568021463014 23
      vertex -8.321744517582593 -2.7038987007807895 23
    endloop
  endfacet
  facet normal 0 0 1
    outer loop
      vertex -8.22945171403189 -5.592729609628698 23
      vertex -8.1355442515222 -3.2210898359909312 23
      vertex -8.232706728349473 -2.9639568021463014 23
    endloop
  endfacet
  facet normal 0 0 1
    outer loop
      vertex -7.862042373138117 -6.098425183847118 23
      vertex -7.796307086648219 -3.9724168727210345 23
      vertex -7.917236709077671 -3.7255688011943837 23
    endloop
  endfacet
  facet normal 0 0 1
    outer loop
      vertex -7.666606765619104 -6.342368697999461 23
      vertex -7.667683450383805 -4.215344648390009 23
      vertex -7.796307086648219 -3.9724168727210345 23
    endloop
  endfacet
  facet normal 0 0 1
    outer loop
      vertex -8.049719094030726 -5.848463260310107 23
      vertex -7.917236709077671 -3.7255688011943837 23
      vertex -8.030352974734836 -3.4750440430543312 23
    endloop
  endfacet
  facet normal 0 0 1
    outer loop
      vertex -8.049719094030726 -5.848463260310107 23
      vertex -8.030352974734836 -3.4750440430543312 23
      vertex -8.1355442515222 -3.2210898359909312 23
    endloop
  endfacet
  facet normal 0 0 1
    outer loop
      vertex -8.401062858745048 -5.331476610041016 23
      vertex -8.402569749673253 -2.4411721778432542 23
      vertex -8.475102659875521 -2.17603651269248 23
    endloop
  endfacet
  facet normal 0 0 1
    outer loop
      vertex -8.401062858745048 -5.331476610041016 23
      vertex -8.321744517582593 -2.7038987007807895 23
      vertex -8.402569749673253 -2.4411721778432542 23
    endloop
  endfacet
  facet normal 0 0 1
    outer loop
      vertex -8.56438316868924 -5.064962086716193 23
      vertex -8.53927166696404 -1.9087533622197466 23
      vertex -8.595013443876026 -1.6395865026250922 23
    endloop
  endfacet
  facet normal 0 0 1
    outer loop
      vertex -8.56438316868924 -5.064962086716193 23
      vertex -8.475102659875521 -2.17603651269248 23
      vertex -8.53927166696404 -1.9087533622197466 23
    endloop
  endfacet
  facet normal 0 0 1
    outer loop
      vertex -8.56438316868924 -5.064962086716193 23
      vertex -8.595013443876026 -1.6395865026250922 23
      vertex -8.642272980207455 -1.36880156910202 23
    endloop
  endfacet
  facet normal -0.9723699203976759 -0.23344536385590825 -1.9784510255730266e-19
    outer loop
      vertex -9.710371781290537 -2.1705252518955973 23
      vertex -9.637402453229878 -2.4744643772903054 0
      vertex -9.637402453229878 -2.4744643772903054 23
    endloop
  endfacet
  facet normal -0.9792228106217664 -0.20278729535650922 -3.5239167298370914e-17
    outer loop
      vertex -9.710371781290537 -2.1705252518955933 0
      vertex -9.710371781290537 -2.1705252518955973 23
      vertex -9.77375814475045 -1.8644440801279618 23
    endloop
  endfacet
  facet normal -0.9851093261547732 -0.17192910027941394 2.1226325054039514e-19
    outer loop
      vertex -9.82749898892162 -1.556522927150297 23
      vertex -9.77375814475045 -1.8644440801279618 0
      vertex -9.77375814475045 -1.8644440801279618 23
    endloop
  endfacet
  facet normal -0.990023657716558 -0.14090123193757942 0
    outer loop
      vertex -9.82749898892162 -1.556522927150297 23
      vertex -9.871541278079054 -1.2470656739648254 23
      vertex -9.82749898892162 -1.556522927150297 0
    endloop
  endfacet
  facet normal -0.9939609554551799 -0.1097343110910435 0
    outer loop
      vertex -9.871541278079054 -1.2470656739648254 23
      vertex -9.905841547800645 -0.9363777175192184 23
      vertex -9.871541278079054 -1.2470656739648254 0
    endloop
  endfacet
  facet normal -0.9969173337331279 -0.07845909572784521 -1.6663965917418316e-17
    outer loop
      vertex -9.905841547800645 -0.9363777175192135 0
      vertex -9.905841547800645 -0.9363777175192184 23
      vertex -9.9303659478613 -0.6247656693166671 23
    endloop
  endfacet
  facet normal -0.9988898749619699 -0.047106450709645836 0
    outer loop
      vertex -9.9303659478613 -0.6247656693166671 23
      vertex -9.945090275639028 -0.3125370528273784 23
      vertex -9.9303659478613 -0.6247656693166671 0
    endloop
  endfacet
  facet normal -0.9998766324816607 -0.01570731731181996 0
    outer loop
      vertex -9.945090275639028 -0.3125370528273784 23
      vertex -9.95 0 23
      vertex -9.945090275639028 -0.3125370528273784 0
    endloop
  endfacet
  facet normal 0 0 1
    outer loop
      vertex -8.719251466436441 -4.793449057312068 23
      vertex -8.71116719027695 -0.8234477415370012 23
      vertex -8.732733873747376 -0.5494170458814912 23
    endloop
  endfacet
  facet normal 0 0 1
    outer loop
      vertex -8.719251466436441 -4.793449057312068 23
      vertex -8.732733873747376 -0.5494170458814912 23
      vertex -8.745682403200151 -0.2748441419336243 23
    endloop
  endfacet
  facet normal 0 0 1
    outer loop
      vertex -9.131658525555611 -3.951621511816068 23
      vertex -9.251276034588102 3.6628392992125445 23
      vertex -9.251276034588102 -3.6628392992125445 23
    endloop
  endfacet
  facet normal 0 0 1
    outer loop
      vertex -9.131658525555611 -3.951621511816068 23
      vertex -9.003029172036895 -4.2365039510724705 23
      vertex -9.131658525555611 3.951621511816068 23
    endloop
  endfacet
  facet normal 0 0 1
    outer loop
      vertex -8.719251466436441 -4.793449057312068 23
      vertex -8.86551491567426 4.517205472408491 23
      vertex -8.86551491567426 -4.517205472408491 23
    endloop
  endfacet
  facet normal 0 0 1
    outer loop
      vertex -8.719251466436441 -4.793449057312068 23
      vertex -8.745682403200151 -0.2748441419336243 23
      vertex -8.75 0 23
    endloop
  endfacet
  facet normal 0 0 1
    outer loop
      vertex -8.86551491567426 -4.517205472408491 23
      vertex -9.003029172036895 4.2365039510724705 23
      vertex -9.003029172036895 -4.2365039510724705 23
    endloop
  endfacet
  facet normal 0 0 1
    outer loop
      vertex -9.710371781290537 -2.1705252518955973 23
      vertex -9.637402453229878 -2.4744643772903054 23
      vertex -9.710371781290537 2.1705252518955973 23
    endloop
  endfacet
  facet normal 0 0 1
    outer loop
      vertex -9.710371781290537 -2.1705252518955973 23
      vertex -9.77375814475045 1.8644440801279618 23
      vertex -9.77375814475045 -1.8644440801279618 23
    endloop
  endfacet
  facet normal 0 0 1
    outer loop
      vertex -9.463012337136776 -3.0747190940307263 23
      vertex -9.554922172485584 2.775961505090329 23
      vertex -9.554922172485584 -2.775961505090329 23
    endloop
  endfacet
  facet normal 0 0 1
    outer loop
      vertex -9.361763651094543 -3.3704423064406512 23
      vertex -9.463012337136776 3.0747190940307263 23
      vertex -9.463012337136776 -3.0747190940307263 23
    endloop
  endfacet
  facet normal 0 0 1
    outer loop
      vertex -9.554922172485584 -2.775961505090329 23
      vertex -9.637402453229878 2.4744643772903054 23
      vertex -9.637402453229878 -2.4744643772903054 23
    endloop
  endfacet
  facet normal 0 0 1
    outer loop
      vertex -9.82749898892162 -1.556522927150297 23
      vertex -9.77375814475045 -1.8644440801279618 23
      vertex -9.82749898892162 1.556522927150297 23
    endloop
  endfacet
  facet normal 0 0 1
    outer loop
      vertex -9.82749898892162 -1.556522927150297 23
      vertex -9.871541278079054 1.2470656739648254 23
      vertex -9.871541278079054 -1.2470656739648254 23
    endloop
  endfacet
  facet normal 0 0 1
    outer loop
      vertex -9.871541278079054 -1.2470656739648254 23
      vertex -9.905841547800645 0.9363777175192184 23
      vertex -9.905841547800645 -0.9363777175192184 23
    endloop
  endfacet
  facet normal 0 0 1
    outer loop
      vertex -9.905841547800645 -0.9363777175192184 23
      vertex -9.9303659478613 0.6247656693166671 23
      vertex -9.9303659478613 -0.6247656693166671 23
    endloop
  endfacet
  facet normal 0 0 1
    outer loop
      vertex -9.9303659478613 -0.6247656693166671 23
      vertex -9.945090275639028 0.3125370528273784 23
      vertex -9.945090275639028 -0.3125370528273784 23
    endloop
  endfacet
  facet normal 0 0 1
    outer loop
      vertex -9.361763651094543 -3.3704423064406512 23
      vertex -9.251276034588102 -3.6628392992125445 23
      vertex -9.361763651094543 3.3704423064406512 23
    endloop
  endfacet
  facet normal 0 0 1
    outer loop
      vertex -8.719251466436441 -4.793449057312068 23
      vertex -8.75 0 23
      vertex -8.86551491567426 4.517205472408491 23
    endloop
  endfacet
  facet normal 0 0 1
    outer loop
      vertex -8.719251466436441 -4.793449057312068 23
      vertex -8.642272980207455 -1.36880156910202 23
      vertex -8.681003636501682 -1.0966657936876605 23
    endloop
  endfacet
  facet normal 0 0 1
    outer loop
      vertex -8.719251466436441 -4.793449057312068 23
      vertex -8.681003636501682 -1.0966657936876605 23
      vertex -8.71116719027695 -0.8234477415370012 23
    endloop
  endfacet
  facet normal -0.46792981426057323 -0.8837656300886935 0
    outer loop
      vertex -4.517205472408491 -8.86551491567426 23
      vertex -4.793449057312068 -8.719251466436441 0
      vertex -4.517205472408491 -8.86551491567426 0
    endloop
  endfacet
  facet normal -0.41151435860510893 -0.9114032766354451 0
    outer loop
      vertex -3.951621511816068 -9.131658525555611 23
      vertex -4.2365039510724705 -9.003029172036895 0
      vertex -3.951621511816068 -9.131658525555611 0
    endloop
  endfacet
  facet normal -0.43993916985591563 -0.8980275757606154 0
    outer loop
      vertex -4.2365039510724705 -9.003029172036895 23
      vertex -4.517205472408491 -8.86551491567426 0
      vertex -4.2365039510724705 -9.003029172036895 0
    endloop
  endfacet
  facet normal -0.3826834323650916 -0.923879532511286 0
    outer loop
      vertex -3.6628392992125445 -9.251276034588102 0
      vertex -3.6628392992125445 -9.251276034588102 23
      vertex -3.951621511816068 -9.131658525555611 0
    endloop
  endfacet
  facet normal -0.4954586684324062 -0.8686315144381921 4.782204381115268e-19
    outer loop
      vertex -5.064962086716193 -8.56438316868924 0
      vertex -4.793449057312068 -8.719251466436441 0
      vertex -4.793449057312068 -8.719251466436441 23
    endloop
  endfacet
  facet normal -0.3239174181981418 -0.9460853588275481 0
    outer loop
      vertex -3.0747190940307263 -9.463012337136776 23
      vertex -3.3704423064406512 -9.361763651094543 0
      vertex -3.0747190940307263 -9.463012337136776 0
    endloop
  endfacet
  facet normal -0.35347484377925903 -0.9354440308298666 2.072735853324702e-20
    outer loop
      vertex -3.6628392992125445 -9.251276034588102 0
      vertex -3.3704423064406512 -9.361763651094543 0
      vertex -3.3704423064406512 -9.361763651094543 23
    endloop
  endfacet
  facet normal -0.2940403252323101 -0.9557930147983282 0
    outer loop
      vertex -2.775961505090329 -9.554922172485584 23
      vertex -3.0747190940307263 -9.463012337136776 0
      vertex -2.775961505090329 -9.554922172485584 0
    endloop
  endfacet
  facet normal -0.26387304996536853 -0.9645574184577992 0
    outer loop
      vertex -2.4744643772903054 -9.637402453229878 23
      vertex -2.775961505090329 -9.554922172485584 0
      vertex -2.4744643772903054 -9.637402453229878 0
    endloop
  endfacet
  facet normal -0.23344536385590614 -0.9723699203976764 0
    outer loop
      vertex -2.1705252518956017 -9.710371781290535 23
      vertex -2.4744643772903054 -9.637402453229878 0
      vertex -2.1705252518956017 -9.710371781290535 0
    endloop
  endfacet
  facet normal -0.20278729535651183 -0.9792228106217659 0
    outer loop
      vertex -1.8644440801279618 -9.77375814475045 23
      vertex -2.1705252518956017 -9.710371781290535 0
      vertex -1.8644440801279618 -9.77375814475045 0
    endloop
  endfacet
  facet normal -0.17192910027941394 -0.9851093261547732 0
    outer loop
      vertex -1.556522927150297 -9.82749898892162 23
      vertex -1.8644440801279618 -9.77375814475045 0
      vertex -1.556522927150297 -9.82749898892162 0
    endloop
  endfacet
  facet normal -0.14090123193757942 -0.990023657716558 0
    outer loop
      vertex -1.2470656739648254 -9.871541278079054 23
      vertex -1.556522927150297 -9.82749898892162 0
      vertex -1.2470656739648254 -9.871541278079054 0
    endloop
  endfacet
  facet normal -0.10973431109104179 -0.99396095545518 0
    outer loop
      vertex -0.9363777175192135 -9.905841547800645 23
      vertex -1.2470656739648254 -9.871541278079054 0
      vertex -0.9363777175192135 -9.905841547800645 0
    endloop
  endfacet
  facet normal -0.07845909572784764 -0.9969173337331277 0
    outer loop
      vertex -0.6247656693166719 -9.9303659478613 23
      vertex -0.9363777175192135 -9.905841547800645 0
      vertex -0.6247656693166719 -9.9303659478613 0
    endloop
  endfacet
  facet normal -0.047106450709645115 -0.9988898749619698 0
    outer loop
      vertex -0.3125370528273784 -9.945090275639028 23
      vertex -0.6247656693166719 -9.9303659478613 0
      vertex -0.3125370528273784 -9.945090275639028 0
    endloop
  endfacet
  facet normal -0.01570731731181996 -0.9998766324816607 0
    outer loop
      vertex 0 -9.95 23
      vertex -0.3125370528273784 -9.945090275639028 0
      vertex 0 -9.95 0
    endloop
  endfacet
  facet normal -0.46792981426057323 -0.8837656300886935 0
    outer loop
      vertex -4.793449057312068 -8.719251466436441 23
      vertex -4.793449057312068 -8.719251466436441 0
      vertex -4.517205472408491 -8.86551491567426 23
    endloop
  endfacet
  facet normal -0.43993916985591563 -0.8980275757606154 0
    outer loop
      vertex -4.517205472408491 -8.86551491567426 23
      vertex -4.517205472408491 -8.86551491567426 0
      vertex -4.2365039510724705 -9.003029172036895 23
    endloop
  endfacet
  facet normal -0.41151435860510893 -0.9114032766354451 0
    outer loop
      vertex -4.2365039510724705 -9.003029172036895 23
      vertex -4.2365039510724705 -9.003029172036895 0
      vertex -3.951621511816068 -9.131658525555611 23
    endloop
  endfacet
  facet normal -0.3826834323650916 -0.923879532511286 0
    outer loop
      vertex -3.951621511816068 -9.131658525555611 23
      vertex -3.951621511816068 -9.131658525555611 0
      vertex -3.6628392992125445 -9.251276034588102 23
    endloop
  endfacet
  facet normal -0.4954586684324062 -0.8686315144381921 0
    outer loop
      vertex -5.064962086716193 -8.56438316868924 0
      vertex -4.793449057312068 -8.719251466436441 23
      vertex -5.064962086716193 -8.56438316868924 23
    endloop
  endfacet
  facet normal -0.3239174181981418 -0.9460853588275481 0
    outer loop
      vertex -3.3704423064406512 -9.361763651094543 23
      vertex -3.3704423064406512 -9.361763651094543 0
      vertex -3.0747190940307263 -9.463012337136776 23
    endloop
  endfacet
  facet normal -0.35347484377925903 -0.9354440308298666 0
    outer loop
      vertex -3.6628392992125445 -9.251276034588102 0
      vertex -3.3704423064406512 -9.361763651094543 23
      vertex -3.6628392992125445 -9.251276034588102 23
    endloop
  endfacet
  facet normal -0.2940403252323101 -0.9557930147983282 0
    outer loop
      vertex -3.0747190940307263 -9.463012337136776 23
      vertex -3.0747190940307263 -9.463012337136776 0
      vertex -2.775961505090329 -9.554922172485584 23
    endloop
  endfacet
  facet normal -0.26387304996536853 -0.9645574184577992 0
    outer loop
      vertex -2.775961505090329 -9.554922172485584 23
      vertex -2.775961505090329 -9.554922172485584 0
      vertex -2.4744643772903054 -9.637402453229878 23
    endloop
  endfacet
  facet normal 0 0 1
    outer loop
      vertex -3.951621511816068 -9.131658525555611 23
      vertex -3.6628392992125445 -9.251276034588102 23
      vertex -3.7255688011943837 -7.917236709077671 23
    endloop
  endfacet
  facet normal 0 0 1
    outer loop
      vertex -5.064962086716193 -8.56438316868924 23
      vertex -4.793449057312068 -8.719251466436441 23
      vertex -4.918229556206142 -7.236955024902417 23
    endloop
  endfacet
  facet normal 0 0 1
    outer loop
      vertex -4.793449057312068 -8.719251466436441 23
      vertex -4.517205472408491 -8.86551491567426 23
      vertex -4.688484456066221 -7.3878693481426305 23
    endloop
  endfacet
  facet normal 0 0 1
    outer loop
      vertex -4.517205472408491 -8.86551491567426 23
      vertex -4.2365039510724705 -9.003029172036895 23
      vertex -4.454112387815748 -7.531492736284508 23
    endloop
  endfacet
  facet normal 0 0 1
    outer loop
      vertex -4.793449057312068 -8.719251466436441 23
      vertex -4.688484456066221 -7.3878693481426305 23
      vertex -4.918229556206142 -7.236955024902417 23
    endloop
  endfacet
  facet normal 0 0 1
    outer loop
      vertex -4.517205472408491 -8.86551491567426 23
      vertex -4.454112387815748 -7.531492736284508 23
      vertex -4.688484456066221 -7.3878693481426305 23
    endloop
  endfacet
  facet normal 0 0 1
    outer loop
      vertex -4.2365039510724705 -9.003029172036895 23
      vertex -3.951621511816068 -9.131658525555611 23
      vertex -4.215344648390009 -7.667683450383805 23
    endloop
  endfacet
  facet normal 0 0 1
    outer loop
      vertex -3.951621511816068 -9.131658525555611 23
      vertex -3.9724168727210345 -7.796307086648219 23
      vertex -4.215344648390009 -7.667683450383805 23
    endloop
  endfacet
  facet normal 0 0 1
    outer loop
      vertex -3.951621511816068 -9.131658525555611 23
      vertex -3.7255688011943837 -7.917236709077671 23
      vertex -3.9724168727210345 -7.796307086648219 23
    endloop
  endfacet
  facet normal 0 0 1
    outer loop
      vertex -4.2365039510724705 -9.003029172036895 23
      vertex -4.215344648390009 -7.667683450383805 23
      vertex -4.454112387815748 -7.531492736284508 23
    endloop
  endfacet
  facet normal 0 0 1
    outer loop
      vertex -3.3704423064406512 -9.361763651094543 23
      vertex -3.4750440430543312 -8.030352974734836 23
      vertex -3.6628392992125445 -9.251276034588102 23
    endloop
  endfacet
  facet normal 0 0 1
    outer loop
      vertex -3.3704423064406512 -9.361763651094543 23
      vertex -3.0747190940307263 -9.463012337136776 23
      vertex -3.2210898359909312 -8.1355442515222 23
    endloop
  endfacet
  facet normal 0 0 1
    outer loop
      vertex -3.0747190940307263 -9.463012337136776 23
      vertex -2.775961505090329 -9.554922172485584 23
      vertex -2.9639568021463014 -8.232706728349473 23
    endloop
  endfacet
  facet normal 0 0 1
    outer loop
      vertex -2.775961505090329 -9.554922172485584 23
      vertex -2.4744643772903054 -9.637402453229878 23
      vertex -2.7038987007807895 -8.321744517582593 23
    endloop
  endfacet
  facet normal 0 0 1
    outer loop
      vertex -2.7038987007807895 -8.321744517582593 23
      vertex -2.4744643772903054 -9.637402453229878 23
      vertex -2.4411721778432542 -8.402569749673253 23
    endloop
  endfacet
  facet normal 0 0 1
    outer loop
      vertex -3.6628392992125445 -9.251276034588102 23
      vertex -3.4750440430543312 -8.030352974734836 23
      vertex -3.7255688011943837 -7.917236709077671 23
    endloop
  endfacet
  facet normal 0 0 1
    outer loop
      vertex -3.3704423064406512 -9.361763651094543 23
      vertex -3.2210898359909312 -8.1355442515222 23
      vertex -3.4750440430543312 -8.030352974734836 23
    endloop
  endfacet
  facet normal 0 0 1
    outer loop
      vertex -3.0747190940307263 -9.463012337136776 23
      vertex -2.9639568021463014 -8.232706728349473 23
      vertex -3.2210898359909312 -8.1355442515222 23
    endloop
  endfacet
  facet normal 0 0 1
    outer loop
      vertex -2.775961505090329 -9.554922172485584 23
      vertex -2.7038987007807895 -8.321744517582593 23
      vertex -2.9639568021463014 -8.232706728349473 23
    endloop
  endfacet
  facet normal -0.23344536385590614 -0.9723699203976764 0
    outer loop
      vertex -2.4744643772903054 -9.637402453229878 23
      vertex -2.4744643772903054 -9.637402453229878 0
      vertex -2.1705252518956017 -9.710371781290535 23
    endloop
  endfacet
  facet normal -0.20278729535651183 -0.9792228106217659 0
    outer loop
      vertex -2.1705252518956017 -9.710371781290535 23
      vertex -2.1705252518956017 -9.710371781290535 0
      vertex -1.8644440801279618 -9.77375814475045 23
    endloop
  endfacet
  facet normal -0.17192910027941394 -0.9851093261547732 0
    outer loop
      vertex -1.8644440801279618 -9.77375814475045 23
      vertex -1.8644440801279618 -9.77375814475045 0
      vertex -1.556522927150297 -9.82749898892162 23
    endloop
  endfacet
  facet normal -0.14090123193757942 -0.990023657716558 0
    outer loop
      vertex -1.556522927150297 -9.82749898892162 23
      vertex -1.556522927150297 -9.82749898892162 0
      vertex -1.2470656739648254 -9.871541278079054 23
    endloop
  endfacet
  facet normal -0.10973431109104179 -0.99396095545518 0
    outer loop
      vertex -1.2470656739648254 -9.871541278079054 23
      vertex -1.2470656739648254 -9.871541278079054 0
      vertex -0.9363777175192135 -9.905841547800645 23
    endloop
  endfacet
  facet normal -0.07845909572784764 -0.9969173337331277 0
    outer loop
      vertex -0.9363777175192135 -9.905841547800645 23
      vertex -0.9363777175192135 -9.905841547800645 0
      vertex -0.6247656693166719 -9.9303659478613 23
    endloop
  endfacet
  facet normal -0.047106450709645115 -0.9988898749619698 0
    outer loop
      vertex -0.6247656693166719 -9.9303659478613 23
      vertex -0.6247656693166719 -9.9303659478613 0
      vertex -0.3125370528273784 -9.945090275639028 23
    endloop
  endfacet
  facet normal -0.01570731731181996 -0.9998766324816607 0
    outer loop
      vertex -0.3125370528273784 -9.945090275639028 23
      vertex -0.3125370528273784 -9.945090275639028 0
      vertex 0 -9.95 23
    endloop
  endfacet
  facet normal 0 0 1
    outer loop
      vertex -2.1705252518956017 -9.710371781290535 23
      vertex -1.8644440801279618 -9.77375814475045 23
      vertex -1.9087533622197506 -8.539271666964039 23
    endloop
  endfacet
  facet normal 0 0 1
    outer loop
      vertex -2.4744643772903054 -9.637402453229878 23
      vertex -2.1705252518956017 -9.710371781290535 23
      vertex -2.4411721778432542 -8.402569749673253 23
    endloop
  endfacet
  facet normal 0 0 1
    outer loop
      vertex -2.1705252518956017 -9.710371781290535 23
      vertex -2.17603651269248 -8.475102659875521 23
      vertex -2.4411721778432542 -8.402569749673253 23
    endloop
  endfacet
  facet normal 0 0 1
    outer loop
      vertex -2.1705252518956017 -9.710371781290535 23
      vertex -1.9087533622197506 -8.539271666964039 23
      vertex -2.17603651269248 -8.475102659875521 23
    endloop
  endfacet
  facet normal 0 0 1
    outer loop
      vertex -1.8644440801279618 -9.77375814475045 23
      vertex -1.556522927150297 -9.82749898892162 23
      vertex -1.6395865026250922 -8.595013443876026 23
    endloop
  endfacet
  facet normal 0 0 1
    outer loop
      vertex -1.556522927150297 -9.82749898892162 23
      vertex -1.2470656739648254 -9.871541278079054 23
      vertex -1.36880156910202 -8.642272980207455 23
    endloop
  endfacet
  facet normal 0 0 1
    outer loop
      vertex -1.8644440801279618 -9.77375814475045 23
      vertex -1.6395865026250922 -8.595013443876026 23
      vertex -1.9087533622197506 -8.539271666964039 23
    endloop
  endfacet
  facet normal 0 0 1
    outer loop
      vertex -1.556522927150297 -9.82749898892162 23
      vertex -1.36880156910202 -8.642272980207455 23
      vertex -1.6395865026250922 -8.595013443876026 23
    endloop
  endfacet
  facet normal 0 0 1
    outer loop
      vertex -1.2470656739648254 -9.871541278079054 23
      vertex -0.9363777175192135 -9.905841547800645 23
      vertex -1.0966657936876605 -8.681003636501682 23
    endloop
  endfacet
  facet normal 0 0 1
    outer loop
      vertex -0.9363777175192135 -9.905841547800645 23
      vertex -0.6247656693166719 -9.9303659478613 23
      vertex -0.8234477415369968 -8.71116719027695 23
    endloop
  endfacet
  facet normal 0 0 1
    outer loop
      vertex -1.2470656739648254 -9.871541278079054 23
      vertex -1.0966657936876605 -8.681003636501682 23
      vertex -1.36880156910202 -8.642272980207455 23
    endloop
  endfacet
  facet normal 0 0 1
    outer loop
      vertex -0.9363777175192135 -9.905841547800645 23
      vertex -0.8234477415369968 -8.71116719027695 23
      vertex -1.0966657936876605 -8.681003636501682 23
    endloop
  endfacet
  facet normal 0 0 1
    outer loop
      vertex -0.6247656693166719 -9.9303659478613 23
      vertex -0.5494170458814954 -8.732733873747376 23
      vertex -0.8234477415369968 -8.71116719027695 23
    endloop
  endfacet
  facet normal 0 0 1
    outer loop
      vertex -0.6247656693166719 -9.9303659478613 23
      vertex -0.3125370528273784 -9.945090275639028 23
      vertex -0.5494170458814954 -8.732733873747376 23
    endloop
  endfacet
  facet normal 0 0 1
    outer loop
      vertex -0.3125370528273784 -9.945090275639028 23
      vertex 0 -9.95 23
      vertex -0.2748441419336243 -8.745682403200151 23
    endloop
  endfacet
  facet normal 0 0 1
    outer loop
      vertex -0.3125370528273784 -9.945090275639028 23
      vertex -0.2748441419336243 -8.745682403200151 23
      vertex -0.5494170458814954 -8.732733873747376 23
    endloop
  endfacet
  facet normal 0 0 1
    outer loop
      vertex -0.2748441419336243 -8.745682403200151 23
      vertex 0 -9.95 23
      vertex 0 -8.75 23
    endloop
  endfacet
  facet normal -0.9998766324816607 0.015707317311820054 -1.319048138984188e-18
    outer loop
      vertex -9.95 0 0
      vertex -9.945090275639028 0.3125370528273784 23
      vertex -9.945090275639028 0.3125370528273765 0
    endloop
  endfacet
  facet normal -0.9988898749619698 0.04710645070964554 -3.2860810811991383e-20
    outer loop
      vertex -9.945090275639028 0.3125370528273765 0
      vertex -9.9303659478613 0.6247656693166671 23
      vertex -9.9303659478613 0.6247656693166671 0
    endloop
  endfacet
  facet normal -0.9969173337331279 0.07845909572784543 -3.0298119849851568e-18
    outer loop
      vertex -9.905841547800645 0.9363777175192184 23
      vertex -9.905841547800645 0.9363777175192175 0
      vertex -9.9303659478613 0.6247656693166671 0
    endloop
  endfacet
  facet normal -0.99396095545518 0.10973431109104317 4.4678403380161206e-21
    outer loop
      vertex -9.905841547800645 0.9363777175192175 0
      vertex -9.871541278079054 1.2470656739648254 23
      vertex -9.871541278079054 1.2470656739648254 0
    endloop
  endfacet
  facet normal -0.990023657716558 0.14090123193757942 0
    outer loop
      vertex -9.82749898892162 1.556522927150297 23
      vertex -9.82749898892162 1.556522927150297 0
      vertex -9.871541278079054 1.2470656739648254 0
    endloop
  endfacet
  facet normal -0.9851093261547732 0.17192910027941394 0
    outer loop
      vertex -9.77375814475045 1.8644440801279618 23
      vertex -9.77375814475045 1.8644440801279618 0
      vertex -9.82749898892162 1.556522927150297 0
    endloop
  endfacet
  facet normal -0.9792228106217664 0.20278729535650922 0
    outer loop
      vertex -9.710371781290537 2.1705252518955973 23
      vertex -9.710371781290537 2.1705252518955973 0
      vertex -9.77375814475045 1.8644440801279618 0
    endloop
  endfacet
  facet normal -0.9723699203976759 0.23344536385590858 -4.507415964257861e-18
    outer loop
      vertex -9.637402453229878 2.4744643772903054 23
      vertex -9.637402453229878 2.474464377290305 0
      vertex -9.710371781290537 2.1705252518955973 0
    endloop
  endfacet
  facet normal -0.9645574184577984 0.2638730499653717 -4.911037034287184e-17
    outer loop
      vertex -9.637402453229878 2.474464377290305 0
      vertex -9.554922172485584 2.775961505090329 23
      vertex -9.554922172485583 2.775961505090331 0
    endloop
  endfacet
  facet normal -0.9557930147983292 0.29404032523230694 -7.997888624715709e-20
    outer loop
      vertex -9.554922172485583 2.775961505090331 0
      vertex -9.463012337136776 3.0747190940307263 23
      vertex -9.463012337136776 3.0747190940307263 0
    endloop
  endfacet
  facet normal -0.9460853588275474 0.3239174181981435 -2.501708353118015e-17
    outer loop
      vertex -9.361763651094543 3.3704423064406495 0
      vertex -9.463012337136776 3.0747190940307263 0
      vertex -9.361763651094543 3.3704423064406512 23
    endloop
  endfacet
  facet normal -0.935444030829866 0.35347484377926075 -5.16592327712138e-17
    outer loop
      vertex -9.361763651094543 3.3704423064406495 0
      vertex -9.251276034588102 3.6628392992125445 23
      vertex -9.2512760345881 3.662839299212546 0
    endloop
  endfacet
  facet normal -0.9238795325112865 0.3826834323650903 -3.0034437236321973e-17
    outer loop
      vertex -9.2512760345881 3.662839299212546 0
      vertex -9.131658525555611 3.951621511816068 23
      vertex -9.131658525555611 3.9516215118160662 0
    endloop
  endfacet
  facet normal -0.9114032766354462 0.4115143586051068 -2.3257436207403004e-19
    outer loop
      vertex -9.131658525555611 3.9516215118160662 0
      vertex -9.003029172036895 4.2365039510724705 23
      vertex -9.003029172036895 4.2365039510724705 0
    endloop
  endfacet
  facet normal -0.8980275757606154 0.43993916985591563 0
    outer loop
      vertex -8.86551491567426 4.517205472408491 23
      vertex -8.86551491567426 4.517205472408491 0
      vertex -9.003029172036895 4.2365039510724705 0
    endloop
  endfacet
  facet normal -0.8837656300886928 0.46792981426057434 -1.806978969393609e-17
    outer loop
      vertex -8.719251466436441 4.793449057312067 0
      vertex -8.86551491567426 4.517205472408491 0
      vertex -8.719251466436441 4.793449057312068 23
    endloop
  endfacet
  facet normal -0.8686315144381916 0.4954586684324068 -2.8980474122401197e-17
    outer loop
      vertex -8.719251466436441 4.793449057312067 0
      vertex -8.56438316868924 5.064962086716193 23
      vertex -8.564383168689238 5.064962086716195 0
    endloop
  endfacet
  facet normal -0.9998766324816607 0.01570731731181996 0
    outer loop
      vertex -9.95 0 0
      vertex -9.95 0 23
      vertex -9.945090275639028 0.3125370528273784 23
    endloop
  endfacet
  facet normal -0.9988898749619698 0.04710645070964583 -3.9792463402557815e-18
    outer loop
      vertex -9.945090275639028 0.3125370528273765 0
      vertex -9.945090275639028 0.3125370528273784 23
      vertex -9.9303659478613 0.6247656693166671 23
    endloop
  endfacet
  facet normal -0.9969173337331279 0.07845909572784521 0
    outer loop
      vertex -9.9303659478613 0.6247656693166671 23
      vertex -9.905841547800645 0.9363777175192184 23
      vertex -9.9303659478613 0.6247656693166671 0
    endloop
  endfacet
  facet normal -0.9939609554551799 0.1097343110910435 -4.2375498700749974e-18
    outer loop
      vertex -9.905841547800645 0.9363777175192175 0
      vertex -9.905841547800645 0.9363777175192184 23
      vertex -9.871541278079054 1.2470656739648254 23
    endloop
  endfacet
  facet normal -0.990023657716558 0.14090123193757942 0
    outer loop
      vertex -9.871541278079054 1.2470656739648254 23
      vertex -9.82749898892162 1.556522927150297 23
      vertex -9.871541278079054 1.2470656739648254 0
    endloop
  endfacet
  facet normal -0.9851093261547732 0.17192910027941394 0
    outer loop
      vertex -9.82749898892162 1.556522927150297 23
      vertex -9.77375814475045 1.8644440801279618 23
      vertex -9.82749898892162 1.556522927150297 0
    endloop
  endfacet
  facet normal -0.9792228106217664 0.20278729535650922 0
    outer loop
      vertex -9.77375814475045 1.8644440801279618 23
      vertex -9.710371781290537 2.1705252518955973 23
      vertex -9.77375814475045 1.8644440801279618 0
    endloop
  endfacet
  facet normal -0.9723699203976759 0.23344536385590825 0
    outer loop
      vertex -9.710371781290537 2.1705252518955973 23
      vertex -9.637402453229878 2.4744643772903054 23
      vertex -9.710371781290537 2.1705252518955973 0
    endloop
  endfacet
  facet normal 0 0 1
    outer loop
      vertex -9.945090275639028 -0.3125370528273784 23
      vertex -9.945090275639028 0.3125370528273784 23
      vertex -9.95 0 23
    endloop
  endfacet
  facet normal 0 0 1
    outer loop
      vertex -9.9303659478613 -0.6247656693166671 23
      vertex -9.9303659478613 0.6247656693166671 23
      vertex -9.945090275639028 0.3125370528273784 23
    endloop
  endfacet
  facet normal 0 0 1
    outer loop
      vertex -9.905841547800645 -0.9363777175192184 23
      vertex -9.905841547800645 0.9363777175192184 23
      vertex -9.9303659478613 0.6247656693166671 23
    endloop
  endfacet
  facet normal 0 0 1
    outer loop
      vertex -9.871541278079054 -1.2470656739648254 23
      vertex -9.871541278079054 1.2470656739648254 23
      vertex -9.905841547800645 0.9363777175192184 23
    endloop
  endfacet
  facet normal 0 0 1
    outer loop
      vertex -9.82749898892162 -1.556522927150297 23
      vertex -9.82749898892162 1.556522927150297 23
      vertex -9.871541278079054 1.2470656739648254 23
    endloop
  endfacet
  facet normal 0 0 1
    outer loop
      vertex -9.77375814475045 -1.8644440801279618 23
      vertex -9.77375814475045 1.8644440801279618 23
      vertex -9.82749898892162 1.556522927150297 23
    endloop
  endfacet
  facet normal 0 0 1
    outer loop
      vertex -9.710371781290537 -2.1705252518955973 23
      vertex -9.710371781290537 2.1705252518955973 23
      vertex -9.77375814475045 1.8644440801279618 23
    endloop
  endfacet
  facet normal 0 0 1
    outer loop
      vertex -9.637402453229878 -2.4744643772903054 23
      vertex -9.637402453229878 2.4744643772903054 23
      vertex -9.710371781290537 2.1705252518955973 23
    endloop
  endfacet
  facet normal 0 0 1
    outer loop
      vertex -9.554922172485584 -2.775961505090329 23
      vertex -9.554922172485584 2.775961505090329 23
      vertex -9.637402453229878 2.4744643772903054 23
    endloop
  endfacet
  facet normal 0 0 1
    outer loop
      vertex -9.463012337136776 -3.0747190940307263 23
      vertex -9.463012337136776 3.0747190940307263 23
      vertex -9.554922172485584 2.775961505090329 23
    endloop
  endfacet
  facet normal 0 0 1
    outer loop
      vertex -9.361763651094543 -3.3704423064406512 23
      vertex -9.361763651094543 3.3704423064406512 23
      vertex -9.463012337136776 3.0747190940307263 23
    endloop
  endfacet
  facet normal 0 0 1
    outer loop
      vertex -9.251276034588102 -3.6628392992125445 23
      vertex -9.251276034588102 3.6628392992125445 23
      vertex -9.361763651094543 3.3704423064406512 23
    endloop
  endfacet
  facet normal 0 0 1
    outer loop
      vertex -9.131658525555611 -3.951621511816068 23
      vertex -9.131658525555611 3.951621511816068 23
      vertex -9.251276034588102 3.6628392992125445 23
    endloop
  endfacet
  facet normal 0 0 1
    outer loop
      vertex -9.003029172036895 -4.2365039510724705 23
      vertex -9.003029172036895 4.2365039510724705 23
      vertex -9.131658525555611 3.951621511816068 23
    endloop
  endfacet
  facet normal 0 0 1
    outer loop
      vertex -8.86551491567426 -4.517205472408491 23
      vertex -8.86551491567426 4.517205472408491 23
      vertex -9.003029172036895 4.2365039510724705 23
    endloop
  endfacet
  facet normal 0 0 1
    outer loop
      vertex -8.75 0 23
      vertex -8.745682403200151 0.2748441419336243 23
      vertex -8.86551491567426 4.517205472408491 23
    endloop
  endfacet
  facet normal 0 0 1
    outer loop
      vertex -8.745682403200151 0.2748441419336243 23
      vertex -8.732733873747376 0.5494170458814912 23
      vertex -8.86551491567426 4.517205472408491 23
    endloop
  endfacet
  facet normal 0 0 1
    outer loop
      vertex -8.732733873747376 0.5494170458814912 23
      vertex -8.71116719027695 0.8234477415370012 23
      vertex -8.86551491567426 4.517205472408491 23
    endloop
  endfacet
  facet normal 0 0 1
    outer loop
      vertex -8.71116719027695 0.8234477415370012 23
      vertex -8.681003636501682 1.0966657936876605 23
      vertex -8.719251466436441 4.793449057312068 23
    endloop
  endfacet
  facet normal 0 0 1
    outer loop
      vertex -8.681003636501682 1.0966657936876605 23
      vertex -8.642272980207455 1.36880156910202 23
      vertex -8.719251466436441 4.793449057312068 23
    endloop
  endfacet
  facet normal -0.9645574184577993 0.2638730499653686 -5.094920619993332e-18
    outer loop
      vertex -9.637402453229878 2.474464377290305 0
      vertex -9.637402453229878 2.4744643772903054 23
      vertex -9.554922172485584 2.775961505090329 23
    endloop
  endfacet
  facet normal -0.9557930147983282 0.2940403252323101 -4.5431686104592823e-17
    outer loop
      vertex -9.554922172485583 2.775961505090331 0
      vertex -9.554922172485584 2.775961505090329 23
      vertex -9.463012337136776 3.0747190940307263 23
    endloop
  endfacet
  facet normal -0.9460853588275481 0.3239174181981418 0
    outer loop
      vertex -9.463012337136776 3.0747190940307263 23
      vertex -9.361763651094543 3.3704423064406512 23
      vertex -9.463012337136776 3.0747190940307263 0
    endloop
  endfacet
  facet normal -0.9354440308298666 0.35347484377925903 -2.729988940448791e-17
    outer loop
      vertex -9.361763651094543 3.3704423064406495 0
      vertex -9.361763651094543 3.3704423064406512 23
      vertex -9.251276034588102 3.6628392992125445 23
    endloop
  endfacet
  facet normal -0.923879532511286 0.3826834323650916 -4.918708595883298e-17
    outer loop
      vertex -9.2512760345881 3.662839299212546 0
      vertex -9.251276034588102 3.6628392992125445 23
      vertex -9.131658525555611 3.951621511816068 23
    endloop
  endfacet
  facet normal -0.9114032766354451 0.41151435860510893 -3.1782449800851853e-17
    outer loop
      vertex -9.131658525555611 3.9516215118160662 0
      vertex -9.131658525555611 3.951621511816068 23
      vertex -9.003029172036895 4.2365039510724705 23
    endloop
  endfacet
  facet normal -0.8980275757606154 0.43993916985591563 0
    outer loop
      vertex -9.003029172036895 4.2365039510724705 23
      vertex -8.86551491567426 4.517205472408491 23
      vertex -9.003029172036895 4.2365039510724705 0
    endloop
  endfacet
  facet normal -0.8837656300886935 0.46792981426057323 0
    outer loop
      vertex -8.86551491567426 4.517205472408491 23
      vertex -8.719251466436441 4.793449057312068 23
      vertex -8.86551491567426 4.517205472408491 0
    endloop
  endfacet
  facet normal -0.8686315144381921 0.4954586684324062 -1.9132856398044475e-17
    outer loop
      vertex -8.719251466436441 4.793449057312067 0
      vertex -8.719251466436441 4.793449057312068 23
      vertex -8.56438316868924 5.064962086716193 23
    endloop
  endfacet
  facet normal 0 0 1
    outer loop
      vertex -8.71116719027695 0.8234477415370012 23
      vertex -8.719251466436441 4.793449057312068 23
      vertex -8.86551491567426 4.517205472408491 23
    endloop
  endfacet
  facet normal 0 0 1
    outer loop
      vertex -8.642272980207455 1.36880156910202 23
      vertex -8.595013443876026 1.6395865026250922 23
      vertex -8.719251466436441 4.793449057312068 23
    endloop
  endfacet
  facet normal 0 0 1
    outer loop
      vertex -8.595013443876026 1.6395865026250922 23
      vertex -8.53927166696404 1.9087533622197466 23
      vertex -8.719251466436441 4.793449057312068 23
    endloop
  endfacet
  facet normal 0 0 1
    outer loop
      vertex -8.53927166696404 1.9087533622197466 23
      vertex -8.475102659875521 2.17603651269248 23
      vertex -8.56438316868924 5.064962086716193 23
    endloop
  endfacet
  facet normal 0 0 1
    outer loop
      vertex -8.475102659875521 2.17603651269248 23
      vertex -8.402569749673253 2.4411721778432542 23
      vertex -8.56438316868924 5.064962086716193 23
    endloop
  endfacet
  facet normal 0 0 1
    outer loop
      vertex -8.402569749673253 2.4411721778432542 23
      vertex -8.321744517582593 2.7038987007807895 23
      vertex -8.56438316868924 5.064962086716193 23
    endloop
  endfacet
  facet normal 0 0 1
    outer loop
      vertex -8.321744517582593 2.7038987007807895 23
      vertex -8.232706728349473 2.9639568021463014 23
      vertex -8.401062858745048 5.331476610041016 23
    endloop
  endfacet
  facet normal 0 0 1
    outer loop
      vertex -8.53927166696404 1.9087533622197466 23
      vertex -8.56438316868924 5.064962086716193 23
      vertex -8.719251466436441 4.793449057312068 23
    endloop
  endfacet
  facet normal 0 0 1
    outer loop
      vertex -8.232706728349473 2.9639568021463014 23
      vertex -8.1355442515222 3.2210898359909312 23
      vertex -8.401062858745048 5.331476610041016 23
    endloop
  endfacet
  facet normal 0 0 1
    outer loop
      vertex -8.1355442515222 3.2210898359909312 23
      vertex -8.030352974734836 3.4750440430543312 23
      vertex -8.22945171403189 5.592729609628698 23
    endloop
  endfacet
  facet normal 0 0 1
    outer loop
      vertex -8.321744517582593 2.7038987007807895 23
      vertex -8.401062858745048 5.331476610041016 23
      vertex -8.56438316868924 5.064962086716193 23
    endloop
  endfacet
  facet normal 0 0 1
    outer loop
      vertex -8.1355442515222 3.2210898359909312 23
      vertex -8.22945171403189 5.592729609628698 23
      vertex -8.401062858745048 5.331476610041016 23
    endloop
  endfacet
  facet normal 0 0 1
    outer loop
      vertex -8.030352974734836 3.4750440430543312 23
      vertex -8.049719094030726 5.848463260310107 23
      vertex -8.22945171403189 5.592729609628698 23
    endloop
  endfacet
  facet normal 0 0 1
    outer loop
      vertex -8.030352974734836 3.4750440430543312 23
      vertex -7.917236709077671 3.7255688011943837 23
      vertex -8.049719094030726 5.848463260310107 23
    endloop
  endfacet
  facet normal 0 0 1
    outer loop
      vertex -7.917236709077671 3.7255688011943837 23
      vertex -7.796307086648219 3.9724168727210345 23
      vertex -8.049719094030726 5.848463260310107 23
    endloop
  endfacet
  facet normal 0 0 1
    outer loop
      vertex -7.796307086648219 3.9724168727210345 23
      vertex -7.667683450383805 4.215344648390009 23
      vertex -7.862042373138117 6.098425183847118 23
    endloop
  endfacet
  facet normal 0 0 1
    outer loop
      vertex -7.667683450383805 4.215344648390009 23
      vertex -7.531492736284508 4.454112387815748 23
      vertex -7.862042373138117 6.098425183847118 23
    endloop
  endfacet
  facet normal -0.8526401643540907 0.5224985647159512 -3.814355719286627e-19
    outer loop
      vertex -8.564383168689238 5.064962086716195 0
      vertex -8.401062858745048 5.331476610041016 23
      vertex -8.401062858745048 5.331476610041016 0
    endloop
  endfacet
  facet normal -0.8358073613682707 0.5490228179981308 -4.335051756168327e-17
    outer loop
      vertex -8.22945171403189 5.592729609628698 23
      vertex -8.229451714031889 5.592729609628699 0
      vertex -8.401062858745048 5.331476610041016 0
    endloop
  endfacet
  facet normal -0.8181497174250244 0.5750052520432771 4.765077990828683e-19
    outer loop
      vertex -8.229451714031889 5.592729609628699 0
      vertex -8.049719094030726 5.848463260310107 23
      vertex -8.049719094030726 5.848463260310107 0
    endloop
  endfacet
  facet normal -0.7996846584870902 0.6004202253258846 0
    outer loop
      vertex -7.862042373138117 6.098425183847118 23
      vertex -7.862042373138117 6.098425183847118 0
      vertex -8.049719094030726 5.848463260310107 0
    endloop
  endfacet
  facet normal -0.7804304073383287 0.6252426563357064 -6.626770883450822e-17
    outer loop
      vertex -7.666606765619101 6.342368697999462 0
      vertex -7.862042373138117 6.098425183847118 0
      vertex -7.666606765619104 6.342368697999461 23
    endloop
  endfacet
  facet normal -0.7604059656000323 0.6494480483301821 3.7017581971194048e-19
    outer loop
      vertex -7.666606765619101 6.342368697999462 0
      vertex -7.463605142823071 6.580053059970337 23
      vertex -7.463605142823071 6.580053059970337 0
    endloop
  endfacet
  facet normal -0.7396310949786093 0.6730125135097736 -2.572573322245852e-18
    outer loop
      vertex -7.2532378428430455 6.81124370399045 23
      vertex -7.253237842843045 6.811243703990451 0
      vertex -7.463605142823071 6.580053059970337 0
    endloop
  endfacet
  facet normal -0.7181262977631919 0.6959127965923111 0
    outer loop
      vertex -7.035712472806148 7.035712472806148 23
      vertex -7.035712472806148 7.035712472806148 0
      vertex -7.253237842843045 6.811243703990451 0
    endloop
  endfacet
  facet normal -0.6959127965923112 0.718126297763192 0
    outer loop
      vertex -7.035712472806148 7.035712472806148 23
      vertex -6.81124370399045 7.2532378428430455 0
      vertex -7.035712472806148 7.035712472806148 0
    endloop
  endfacet
  facet normal -0.6730125135097735 0.7396310949786096 0
    outer loop
      vertex -6.81124370399045 7.2532378428430455 23
      vertex -6.580053059970337 7.463605142823071 0
      vertex -6.81124370399045 7.2532378428430455 0
    endloop
  endfacet
  facet normal -0.6494480483301823 0.760405965600032 -2.0139662517056513e-19
    outer loop
      vertex -6.342368697999461 7.666606765619102 0
      vertex -6.580053059970337 7.463605142823071 0
      vertex -6.580053059970337 7.463605142823071 23
    endloop
  endfacet
  facet normal -0.6252426563357057 0.7804304073383292 -6.027490833701585e-17
    outer loop
      vertex -6.342368697999461 7.666606765619102 0
      vertex -6.342368697999461 7.666606765619104 23
      vertex -6.098425183847114 7.862042373138119 0
    endloop
  endfacet
  facet normal -0.6004202253258846 0.7996846584870902 0
    outer loop
      vertex -6.098425183847114 7.862042373138119 23
      vertex -5.848463260310107 8.049719094030726 0
      vertex -6.098425183847114 7.862042373138119 0
    endloop
  endfacet
  facet normal -0.5750052520432771 0.8181497174250244 0
    outer loop
      vertex -5.848463260310107 8.049719094030726 23
      vertex -5.592729609628699 8.229451714031889 0
      vertex -5.848463260310107 8.049719094030726 0
    endloop
  endfacet
  facet normal -0.5490228179981308 0.8358073613682707 0
    outer loop
      vertex -5.592729609628699 8.229451714031889 23
      vertex -5.331476610041016 8.401062858745048 0
      vertex -5.592729609628699 8.229451714031889 0
    endloop
  endfacet
  facet normal -0.5224985647159528 0.8526401643540897 0
    outer loop
      vertex -5.331476610041016 8.401062858745048 23
      vertex -5.064962086716193 8.56438316868924 0
      vertex -5.331476610041016 8.401062858745048 0
    endloop
  endfacet
  facet normal -0.8526401643540897 0.5224985647159528 -2.5497795151641035e-17
    outer loop
      vertex -8.564383168689238 5.064962086716195 0
      vertex -8.56438316868924 5.064962086716193 23
      vertex -8.401062858745048 5.331476610041016 23
    endloop
  endfacet
  facet normal -0.8358073613682726 0.5490228179981282 0
    outer loop
      vertex -8.401062858745048 5.331476610041016 23
      vertex -8.22945171403189 5.592729609628698 23
      vertex -8.401062858745048 5.331476610041016 0
    endloop
  endfacet
  facet normal -0.8181497174250227 0.5750052520432796 -4.098341696183692e-17
    outer loop
      vertex -8.229451714031889 5.592729609628699 0
      vertex -8.22945171403189 5.592729609628698 23
      vertex -8.049719094030726 5.848463260310107 23
    endloop
  endfacet
  facet normal -0.7996846584870902 0.6004202253258846 0
    outer loop
      vertex -8.049719094030726 5.848463260310107 23
      vertex -7.862042373138117 6.098425183847118 23
      vertex -8.049719094030726 5.848463260310107 0
    endloop
  endfacet
  facet normal -0.7804304073383317 0.6252426563357026 0
    outer loop
      vertex -7.862042373138117 6.098425183847118 23
      vertex -7.666606765619104 6.342368697999461 23
      vertex -7.862042373138117 6.098425183847118 0
    endloop
  endfacet
  facet normal -0.7604059656000293 0.6494480483301857 -6.301316370992654e-17
    outer loop
      vertex -7.666606765619101 6.342368697999462 0
      vertex -7.666606765619104 6.342368697999461 23
      vertex -7.463605142823071 6.580053059970337 23
    endloop
  endfacet
  facet normal 0 0 1
    outer loop
      vertex -7.796307086648219 3.9724168727210345 23
      vertex -7.862042373138117 6.098425183847118 23
      vertex -8.049719094030726 5.848463260310107 23
    endloop
  endfacet
  facet normal 0 0 1
    outer loop
      vertex -7.531492736284508 4.454112387815748 23
      vertex -7.3878693481426305 4.688484456066221 23
      vertex -7.666606765619104 6.342368697999461 23
    endloop
  endfacet
  facet normal 0 0 1
    outer loop
      vertex -7.531492736284508 4.454112387815748 23
      vertex -7.666606765619104 6.342368697999461 23
      vertex -7.862042373138117 6.098425183847118 23
    endloop
  endfacet
  facet normal 0 0 1
    outer loop
      vertex -7.3878693481426305 4.688484456066221 23
      vertex -7.463605142823071 6.580053059970337 23
      vertex -7.666606765619104 6.342368697999461 23
    endloop
  endfacet
  facet normal -0.7396310949786096 0.6730125135097735 0
    outer loop
      vertex -7.463605142823071 6.580053059970337 23
      vertex -7.2532378428430455 6.81124370399045 23
      vertex -7.463605142823071 6.580053059970337 0
    endloop
  endfacet
  facet normal -0.718126297763192 0.6959127965923112 -8.578066246069473e-19
    outer loop
      vertex -7.2532378428430455 6.81124370399045 23
      vertex -7.035712472806148 7.035712472806148 23
      vertex -7.253237842843045 6.811243703990451 0
    endloop
  endfacet
  facet normal -0.6959127965923112 0.718126297763192 4.74968757420587e-19
    outer loop
      vertex -7.035712472806148 7.035712472806148 23
      vertex -6.81124370399045 7.2532378428430455 23
      vertex -6.81124370399045 7.2532378428430455 0
    endloop
  endfacet
  facet normal -0.6730125135097735 0.7396310949786096 -3.604331356083891e-19
    outer loop
      vertex -6.81124370399045 7.2532378428430455 23
      vertex -6.580053059970337 7.463605142823071 23
      vertex -6.580053059970337 7.463605142823071 0
    endloop
  endfacet
  facet normal 0 0 1
    outer loop
      vertex -7.3878693481426305 4.688484456066221 23
      vertex -7.236955024902417 4.918229556206142 23
      vertex -7.463605142823071 6.580053059970337 23
    endloop
  endfacet
  facet normal 0 0 1
    outer loop
      vertex -7.236955024902417 4.918229556206142 23
      vertex -7.07889870078079 5.14312095755914 23
      vertex -7.2532378428430455 6.81124370399045 23
    endloop
  endfacet
  facet normal 0 0 1
    outer loop
      vertex -7.236955024902417 4.918229556206142 23
      vertex -7.2532378428430455 6.81124370399045 23
      vertex -7.463605142823071 6.580053059970337 23
    endloop
  endfacet
  facet normal 0 0 1
    outer loop
      vertex -7.07889870078079 5.14312095755914 23
      vertex -6.913856358287289 5.362936719463546 23
      vertex -7.2532378428430455 6.81124370399045 23
    endloop
  endfacet
  facet normal 0 0 1
    outer loop
      vertex -6.913856358287289 5.362936719463546 23
      vertex -6.741990874288157 5.577459910301035 23
      vertex -7.035712472806148 7.035712472806148 23
    endloop
  endfacet
  facet normal 0 0 1
    outer loop
      vertex -6.741990874288157 5.577459910301035 23
      vertex -6.563471859266521 5.786478821581954 23
      vertex -6.81124370399045 7.2532378428430455 23
    endloop
  endfacet
  facet normal 0 0 1
    outer loop
      vertex -6.913856358287289 5.362936719463546 23
      vertex -7.035712472806148 7.035712472806148 23
      vertex -7.2532378428430455 6.81124370399045 23
    endloop
  endfacet
  facet normal 0 0 1
    outer loop
      vertex -6.741990874288157 5.577459910301035 23
      vertex -6.81124370399045 7.2532378428430455 23
      vertex -7.035712472806148 7.035712472806148 23
    endloop
  endfacet
  facet normal 0 0 1
    outer loop
      vertex -6.563471859266521 5.786478821581954 23
      vertex -6.580053059970337 7.463605142823071 23
      vertex -6.81124370399045 7.2532378428430455 23
    endloop
  endfacet
  facet normal 0 0 1
    outer loop
      vertex -6.563471859266521 5.786478821581954 23
      vertex -6.378475489937352 5.989787176876025 23
      vertex -6.580053059970337 7.463605142823071 23
    endloop
  endfacet
  facet normal 0 0 1
    outer loop
      vertex -6.378475489937352 5.989787176876025 23
      vertex -6.187184335382291 6.187184335382291 23
      vertex -6.580053059970337 7.463605142823071 23
    endloop
  endfacet
  facet normal 0 0 1
    outer loop
      vertex -6.187184335382291 6.187184335382291 23
      vertex -6.342368697999461 7.666606765619104 23
      vertex -6.580053059970337 7.463605142823071 23
    endloop
  endfacet
  facet normal 0 0 1
    outer loop
      vertex -6.187184335382291 6.187184335382291 23
      vertex -5.989787176876025 6.378475489937352 23
      vertex -6.342368697999461 7.666606765619104 23
    endloop
  endfacet
  facet normal 0 0 1
    outer loop
      vertex -5.989787176876025 6.378475489937352 23
      vertex -5.786478821581954 6.563471859266521 23
      vertex -6.098425183847114 7.862042373138119 23
    endloop
  endfacet
  facet normal 0 0 1
    outer loop
      vertex -5.989787176876025 6.378475489937352 23
      vertex -6.098425183847114 7.862042373138119 23
      vertex -6.342368697999461 7.666606765619104 23
    endloop
  endfacet
  facet normal 0 0 1
    outer loop
      vertex -5.786478821581954 6.563471859266521 23
      vertex -5.577459910301035 6.741990874288157 23
      vertex -5.848463260310107 8.049719094030726 23
    endloop
  endfacet
  facet normal 0 0 1
    outer loop
      vertex -5.577459910301035 6.741990874288157 23
      vertex -5.362936719463543 6.913856358287291 23
      vertex -5.592729609628699 8.229451714031889 23
    endloop
  endfacet
  facet normal 0 0 1
    outer loop
      vertex -5.362936719463543 6.913856358287291 23
      vertex -5.14312095755914 7.07889870078079 23
      vertex -5.592729609628699 8.229451714031889 23
    endloop
  endfacet
  facet normal -0.6494480483301857 0.7604059656000293 -5.872836250932016e-17
    outer loop
      vertex -6.342368697999461 7.666606765619102 0
      vertex -6.580053059970337 7.463605142823071 23
      vertex -6.342368697999461 7.666606765619104 23
    endloop
  endfacet
  facet normal -0.6252426563357023 0.780430407338332 -4.822611069726769e-19
    outer loop
      vertex -6.342368697999461 7.666606765619104 23
      vertex -6.098425183847114 7.862042373138119 23
      vertex -6.098425183847114 7.862042373138119 0
    endloop
  endfacet
  facet normal -0.6004202253258846 0.7996846584870902 2.397746529776877e-19
    outer loop
      vertex -6.098425183847114 7.862042373138119 23
      vertex -5.848463260310107 8.049719094030726 23
      vertex -5.848463260310107 8.049719094030726 0
    endloop
  endfacet
  facet normal -0.5750052520432771 0.8181497174250244 4.765077990828683e-19
    outer loop
      vertex -5.848463260310107 8.049719094030726 23
      vertex -5.592729609628699 8.229451714031889 23
      vertex -5.592729609628699 8.229451714031889 0
    endloop
  endfacet
  facet normal -0.5490228179981308 0.8358073613682707 1.6557580924136986e-19
    outer loop
      vertex -5.592729609628699 8.229451714031889 23
      vertex -5.331476610041016 8.401062858745048 23
      vertex -5.331476610041016 8.401062858745048 0
    endloop
  endfacet
  facet normal -0.5224985647159528 0.8526401643540897 -3.4503165557272343e-19
    outer loop
      vertex -5.331476610041016 8.401062858745048 23
      vertex -5.064962086716193 8.56438316868924 23
      vertex -5.064962086716193 8.56438316868924 0
    endloop
  endfacet
  facet normal 0 0 1
    outer loop
      vertex -5.786478821581954 6.563471859266521 23
      vertex -5.848463260310107 8.049719094030726 23
      vertex -6.098425183847114 7.862042373138119 23
    endloop
  endfacet
  facet normal 0 0 1
    outer loop
      vertex -5.577459910301035 6.741990874288157 23
      vertex -5.592729609628699 8.229451714031889 23
      vertex -5.848463260310107 8.049719094030726 23
    endloop
  endfacet
  facet normal 0 0 1
    outer loop
      vertex -5.14312095755914 7.07889870078079 23
      vertex -5.331476610041016 8.401062858745048 23
      vertex -5.592729609628699 8.229451714031889 23
    endloop
  endfacet
  facet normal 0 0 1
    outer loop
      vertex -5.14312095755914 7.07889870078079 23
      vertex -4.918229556206143 7.236955024902416 23
      vertex -5.331476610041016 8.401062858745048 23
    endloop
  endfacet
  facet normal 0 0 1
    outer loop
      vertex -5.331476610041016 8.401062858745048 23
      vertex -4.918229556206143 7.236955024902416 23
      vertex -5.064962086716193 8.56438316868924 23
    endloop
  endfacet
  facet normal -0.4954586684324037 0.8686315144381933 0
    outer loop
      vertex -5.064962086716193 8.56438316868924 23
      vertex -4.793449057312066 8.719251466436441 0
      vertex -5.064962086716193 8.56438316868924 0
    endloop
  endfacet
  facet normal -0.46792981426057556 0.8837656300886922 0
    outer loop
      vertex -4.793449057312066 8.719251466436441 23
      vertex -4.517205472408491 8.86551491567426 0
      vertex -4.793449057312066 8.719251466436441 0
    endloop
  endfacet
  facet normal -0.4399391698559144 0.898027575760616 0
    outer loop
      vertex -4.517205472408491 8.86551491567426 23
      vertex -4.236503951072473 9.003029172036893 0
      vertex -4.517205472408491 8.86551491567426 0
    endloop
  endfacet
  facet normal -0.4115143586051105 0.9114032766354445 0
    outer loop
      vertex -4.236503951072473 9.003029172036893 23
      vertex -3.951621511816068 9.131658525555611 0
      vertex -4.236503951072473 9.003029172036893 0
    endloop
  endfacet
  facet normal -0.3826834323650916 0.923879532511286 0
    outer loop
      vertex -3.951621511816068 9.131658525555611 23
      vertex -3.6628392992125445 9.251276034588102 0
      vertex -3.951621511816068 9.131658525555611 0
    endloop
  endfacet
  facet normal -0.35347484377925575 0.9354440308298678 0
    outer loop
      vertex -3.6628392992125445 9.251276034588102 23
      vertex -3.370442306440648 9.361763651094543 0
      vertex -3.6628392992125445 9.251276034588102 0
    endloop
  endfacet
  facet normal -0.3239174181981448 0.9460853588275469 0
    outer loop
      vertex -3.370442306440648 9.361763651094543 23
      vertex -3.0747190940307263 9.463012337136776 0
      vertex -3.370442306440648 9.361763651094543 0
    endloop
  endfacet
  facet normal -0.29404032523230733 0.955793014798329 0
    outer loop
      vertex -3.0747190940307263 9.463012337136776 23
      vertex -2.7759615050903315 9.554922172485583 0
      vertex -3.0747190940307263 9.463012337136776 0
    endloop
  endfacet
  facet normal -0.2638730499653717 0.9645574184577984 0
    outer loop
      vertex -2.7759615050903315 9.554922172485583 23
      vertex -2.4744643772903054 9.637402453229878 0
      vertex -2.7759615050903315 9.554922172485583 0
    endloop
  endfacet
  facet normal -0.23344536385590825 0.9723699203976759 0
    outer loop
      vertex -2.4744643772903054 9.637402453229878 23
      vertex -2.1705252518955973 9.710371781290537 0
      vertex -2.4744643772903054 9.637402453229878 0
    endloop
  endfacet
  facet normal -0.2027872953565131 0.9792228106217656 0
    outer loop
      vertex -2.1705252518955973 9.710371781290537 23
      vertex -1.8644440801279594 9.773758144750452 0
      vertex -2.1705252518955973 9.710371781290537 0
    endloop
  endfacet
  facet normal -0.17192910027940975 0.9851093261547739 0
    outer loop
      vertex -1.8644440801279594 9.773758144750452 23
      vertex -1.556522927150297 9.82749898892162 0
      vertex -1.8644440801279594 9.773758144750452 0
    endloop
  endfacet
  facet normal -0.1409012319375804 0.9900236577165579 0
    outer loop
      vertex -1.556522927150297 9.82749898892162 23
      vertex -1.2470656739648276 9.871541278079054 0
      vertex -1.556522927150297 9.82749898892162 0
    endloop
  endfacet
  facet normal -0.10973431109104272 0.99396095545518 0
    outer loop
      vertex -1.2470656739648276 9.871541278079054 23
      vertex -0.9363777175192184 9.905841547800645 0
      vertex -1.2470656739648276 9.871541278079054 0
    endloop
  endfacet
  facet normal -0.07845909572784521 0.9969173337331279 0
    outer loop
      vertex -0.9363777175192184 9.905841547800645 23
      vertex -0.6247656693166671 9.9303659478613 0
      vertex -0.9363777175192184 9.905841547800645 0
    endloop
  endfacet
  facet normal -0.047106450709645475 0.9988898749619698 0
    outer loop
      vertex -0.6247656693166671 9.9303659478613 23
      vertex -0.3125370528273761 9.945090275639028 0
      vertex -0.6247656693166671 9.9303659478613 0
    endloop
  endfacet
  facet normal -0.015707317311820075 0.9998766324816607 0
    outer loop
      vertex -0.3125370528273761 9.945090275639028 23
      vertex 0 9.95 0
      vertex -0.3125370528273761 9.945090275639028 0
    endloop
  endfacet
  facet normal -0.4954586684324037 0.8686315144381933 1.4555873709525954e-19
    outer loop
      vertex -5.064962086716193 8.56438316868924 23
      vertex -4.793449057312066 8.719251466436441 23
      vertex -4.793449057312066 8.719251466436441 0
    endloop
  endfacet
  facet normal -0.46792981426057556 0.8837656300886922 -4.631125149117471e-19
    outer loop
      vertex -4.793449057312066 8.719251466436441 23
      vertex -4.517205472408491 8.86551491567426 23
      vertex -4.517205472408491 8.86551491567426 0
    endloop
  endfacet
  facet normal -0.4399391698559144 0.898027575760616 -3.488301104317058e-19
    outer loop
      vertex -4.517205472408491 8.86551491567426 23
      vertex -4.236503951072473 9.003029172036893 23
      vertex -4.236503951072473 9.003029172036893 0
    endloop
  endfacet
  facet normal -0.4115143586051105 0.9114032766354445 1.4815130789299855e-19
    outer loop
      vertex -4.236503951072473 9.003029172036893 23
      vertex -3.951621511816068 9.131658525555611 23
      vertex -3.951621511816068 9.131658525555611 0
    endloop
  endfacet
  facet normal -0.3826834323650916 0.923879532511286 3.8496530530415566e-19
    outer loop
      vertex -3.951621511816068 9.131658525555611 23
      vertex -3.6628392992125445 9.251276034588102 23
      vertex -3.6628392992125445 9.251276034588102 0
    endloop
  endfacet
  facet normal -0.35347484377925575 0.9354440308298678 4.603676269301653e-19
    outer loop
      vertex -3.6628392992125445 9.251276034588102 23
      vertex -3.370442306440648 9.361763651094543 23
      vertex -3.370442306440648 9.361763651094543 0
    endloop
  endfacet
  facet normal -0.3239174181981448 0.9460853588275469 4.1758981219551267e-20
    outer loop
      vertex -3.370442306440648 9.361763651094543 23
      vertex -3.0747190940307263 9.463012337136776 23
      vertex -3.0747190940307263 9.463012337136776 0
    endloop
  endfacet
  facet normal -0.29404032523230733 0.955793014798329 3.3690620463364136e-20
    outer loop
      vertex -3.0747190940307263 9.463012337136776 23
      vertex -2.7759615050903315 9.554922172485583 23
      vertex -2.7759615050903315 9.554922172485583 0
    endloop
  endfacet
  facet normal -0.2638730499653717 0.9645574184577984 -1.9200915929193328e-19
    outer loop
      vertex -2.7759615050903315 9.554922172485583 23
      vertex -2.4744643772903054 9.637402453229878 23
      vertex -2.4744643772903054 9.637402453229878 0
    endloop
  endfacet
  facet normal 0 0 1
    outer loop
      vertex -5.064962086716193 8.56438316868924 23
      vertex -4.918229556206143 7.236955024902416 23
      vertex -4.688484456066221 7.3878693481426305 23
    endloop
  endfacet
  facet normal 0 0 1
    outer loop
      vertex -4.688484456066221 7.3878693481426305 23
      vertex -4.454112387815748 7.531492736284508 23
      vertex -4.793449057312066 8.719251466436441 23
    endloop
  endfacet
  facet normal 0 0 1
    outer loop
      vertex -4.454112387815748 7.531492736284508 23
      vertex -4.215344648390008 7.667683450383806 23
      vertex -4.517205472408491 8.86551491567426 23
    endloop
  endfacet
  facet normal 0 0 1
    outer loop
      vertex -5.064962086716193 8.56438316868924 23
      vertex -4.688484456066221 7.3878693481426305 23
      vertex -4.793449057312066 8.719251466436441 23
    endloop
  endfacet
  facet normal 0 0 1
    outer loop
      vertex -4.454112387815748 7.531492736284508 23
      vertex -4.517205472408491 8.86551491567426 23
      vertex -4.793449057312066 8.719251466436441 23
    endloop
  endfacet
  facet normal 0 0 1
    outer loop
      vertex -4.215344648390008 7.667683450383806 23
      vertex -3.9724168727210345 7.796307086648219 23
      vertex -4.236503951072473 9.003029172036893 23
    endloop
  endfacet
  facet normal 0 0 1
    outer loop
      vertex -4.215344648390008 7.667683450383806 23
      vertex -4.236503951072473 9.003029172036893 23
      vertex -4.517205472408491 8.86551491567426 23
    endloop
  endfacet
  facet normal 0 0 1
    outer loop
      vertex -3.9724168727210345 7.796307086648219 23
      vertex -3.7255688011943864 7.91723670907767 23
      vertex -4.236503951072473 9.003029172036893 23
    endloop
  endfacet
  facet normal 0 0 1
    outer loop
      vertex -4.236503951072473 9.003029172036893 23
      vertex -3.7255688011943864 7.91723670907767 23
      vertex -3.951621511816068 9.131658525555611 23
    endloop
  endfacet
  facet normal 0 0 1
    outer loop
      vertex -3.951621511816068 9.131658525555611 23
      vertex -3.7255688011943864 7.91723670907767 23
      vertex -3.4750440430543312 8.030352974734836 23
    endloop
  endfacet
  facet normal 0 0 1
    outer loop
      vertex -3.4750440430543312 8.030352974734836 23
      vertex -3.2210898359909312 8.1355442515222 23
      vertex -3.6628392992125445 9.251276034588102 23
    endloop
  endfacet
  facet normal 0 0 1
    outer loop
      vertex -3.2210898359909312 8.1355442515222 23
      vertex -2.963956802146299 8.232706728349473 23
      vertex -3.370442306440648 9.361763651094543 23
    endloop
  endfacet
  facet normal 0 0 1
    outer loop
      vertex -2.963956802146299 8.232706728349473 23
      vertex -2.7038987007807895 8.321744517582593 23
      vertex -3.0747190940307263 9.463012337136776 23
    endloop
  endfacet
  facet normal 0 0 1
    outer loop
      vertex -3.951621511816068 9.131658525555611 23
      vertex -3.4750440430543312 8.030352974734836 23
      vertex -3.6628392992125445 9.251276034588102 23
    endloop
  endfacet
  facet normal 0 0 1
    outer loop
      vertex -3.2210898359909312 8.1355442515222 23
      vertex -3.370442306440648 9.361763651094543 23
      vertex -3.6628392992125445 9.251276034588102 23
    endloop
  endfacet
  facet normal 0 0 1
    outer loop
      vertex -2.963956802146299 8.232706728349473 23
      vertex -3.0747190940307263 9.463012337136776 23
      vertex -3.370442306440648 9.361763651094543 23
    endloop
  endfacet
  facet normal 0 0 1
    outer loop
      vertex -2.7038987007807895 8.321744517582593 23
      vertex -2.7759615050903315 9.554922172485583 23
      vertex -3.0747190940307263 9.463012337136776 23
    endloop
  endfacet
  facet normal 0 0 1
    outer loop
      vertex -2.7038987007807895 8.321744517582593 23
      vertex -2.4411721778432565 8.402569749673251 23
      vertex -2.7759615050903315 9.554922172485583 23
    endloop
  endfacet
  facet normal 0 0 1
    outer loop
      vertex -2.7759615050903315 9.554922172485583 23
      vertex -2.4411721778432565 8.402569749673251 23
      vertex -2.4744643772903054 9.637402453229878 23
    endloop
  endfacet
  facet normal -0.23344536385590825 0.9723699203976759 1.9784510255730266e-19
    outer loop
      vertex -2.4744643772903054 9.637402453229878 23
      vertex -2.1705252518955973 9.710371781290537 23
      vertex -2.1705252518955973 9.710371781290537 0
    endloop
  endfacet
  facet normal -0.2027872953565131 0.9792228106217656 -1.0442160066813501e-19
    outer loop
      vertex -2.1705252518955973 9.710371781290537 23
      vertex -1.8644440801279594 9.773758144750452 23
      vertex -1.8644440801279594 9.773758144750452 0
    endloop
  endfacet
  facet normal -0.17192910027940975 0.9851093261547739 3.4250577489526337e-20
    outer loop
      vertex -1.8644440801279594 9.773758144750452 23
      vertex -1.556522927150297 9.82749898892162 23
      vertex -1.556522927150297 9.82749898892162 0
    endloop
  endfacet
  facet normal -0.1409012319375804 0.9900236577165579 -7.611914155315804e-20
    outer loop
      vertex -1.556522927150297 9.82749898892162 23
      vertex -1.2470656739648276 9.871541278079054 23
      vertex -1.2470656739648276 9.871541278079054 0
    endloop
  endfacet
  facet normal -0.10973431109104272 0.99396095545518 8.713704197015512e-20
    outer loop
      vertex -1.2470656739648276 9.871541278079054 23
      vertex -0.9363777175192184 9.905841547800645 23
      vertex -0.9363777175192184 9.905841547800645 0
    endloop
  endfacet
  facet normal -0.07845909572784521 0.9969173337331279 3.529698241684333e-20
    outer loop
      vertex -0.9363777175192184 9.905841547800645 23
      vertex -0.6247656693166671 9.9303659478613 23
      vertex -0.6247656693166671 9.9303659478613 0
    endloop
  endfacet
  facet normal -0.047106450709645475 0.9988898749619698 3.91051183760466e-20
    outer loop
      vertex -0.6247656693166671 9.9303659478613 23
      vertex -0.3125370528273761 9.945090275639028 23
      vertex -0.3125370528273761 9.945090275639028 0
    endloop
  endfacet
  facet normal -0.015707317311820075 0.9998766324816607 1.415718214417249e-20
    outer loop
      vertex -0.3125370528273761 9.945090275639028 23
      vertex 0 9.95 23
      vertex 0 9.95 0
    endloop
  endfacet
  facet normal 0 0 1
    outer loop
      vertex -2.4411721778432565 8.402569749673251 23
      vertex -2.17603651269248 8.475102659875521 23
      vertex -2.4744643772903054 9.637402453229878 23
    endloop
  endfacet
  facet normal 0 0 1
    outer loop
      vertex -2.17603651269248 8.475102659875521 23
      vertex -1.9087533622197466 8.53927166696404 23
      vertex -2.4744643772903054 9.637402453229878 23
    endloop
  endfacet
  facet normal 0 0 1
    outer loop
      vertex -1.9087533622197466 8.53927166696404 23
      vertex -2.1705252518955973 9.710371781290537 23
      vertex -2.4744643772903054 9.637402453229878 23
    endloop
  endfacet
  facet normal 0 0 1
    outer loop
      vertex -1.9087533622197466 8.53927166696404 23
      vertex -1.63958650262509 8.595013443876026 23
      vertex -2.1705252518955973 9.710371781290537 23
    endloop
  endfacet
  facet normal 0 0 1
    outer loop
      vertex -1.63958650262509 8.595013443876026 23
      vertex -1.8644440801279594 9.773758144750452 23
      vertex -2.1705252518955973 9.710371781290537 23
    endloop
  endfacet
  facet normal 0 0 1
    outer loop
      vertex -1.63958650262509 8.595013443876026 23
      vertex -1.36880156910202 8.642272980207455 23
      vertex -1.8644440801279594 9.773758144750452 23
    endloop
  endfacet
  facet normal 0 0 1
    outer loop
      vertex -1.36880156910202 8.642272980207455 23
      vertex -1.0966657936876625 8.681003636501682 23
      vertex -1.556522927150297 9.82749898892162 23
    endloop
  endfacet
  facet normal 0 0 1
    outer loop
      vertex -1.36880156910202 8.642272980207455 23
      vertex -1.556522927150297 9.82749898892162 23
      vertex -1.8644440801279594 9.773758144750452 23
    endloop
  endfacet
  facet normal 0 0 1
    outer loop
      vertex -1.556522927150297 9.82749898892162 23
      vertex -1.0966657936876625 8.681003636501682 23
      vertex -1.2470656739648276 9.871541278079054 23
    endloop
  endfacet
  facet normal 0 0 1
    outer loop
      vertex -1.2470656739648276 9.871541278079054 23
      vertex -1.0966657936876625 8.681003636501682 23
      vertex -0.8234477415370012 8.71116719027695 23
    endloop
  endfacet
  facet normal 0 0 1
    outer loop
      vertex -0.8234477415370012 8.71116719027695 23
      vertex -0.5494170458814912 8.732733873747376 23
      vertex -0.9363777175192184 9.905841547800645 23
    endloop
  endfacet
  facet normal 0 0 1
    outer loop
      vertex -1.2470656739648276 9.871541278079054 23
      vertex -0.8234477415370012 8.71116719027695 23
      vertex -0.9363777175192184 9.905841547800645 23
    endloop
  endfacet
  facet normal 0 0 1
    outer loop
      vertex -0.9363777175192184 9.905841547800645 23
      vertex -0.5494170458814912 8.732733873747376 23
      vertex -0.6247656693166671 9.9303659478613 23
    endloop
  endfacet
  facet normal 0 0 1
    outer loop
      vertex -0.6247656693166671 9.9303659478613 23
      vertex -0.5494170458814912 8.732733873747376 23
      vertex -0.27484414193362217 8.745682403200151 23
    endloop
  endfacet
  facet normal 0 0 1
    outer loop
      vertex -0.27484414193362217 8.745682403200151 23
      vertex 0 8.75 23
      vertex 0 9.95 23
    endloop
  endfacet
  facet normal 0 0 1
    outer loop
      vertex -0.6247656693166671 9.9303659478613 23
      vertex -0.27484414193362217 8.745682403200151 23
      vertex -0.3125370528273761 9.945090275639028 23
    endloop
  endfacet
  facet normal 0 0 1
    outer loop
      vertex -0.27484414193362217 8.745682403200151 23
      vertex 0 9.95 23
      vertex -0.3125370528273761 9.945090275639028 23
    endloop
  endfacet
  facet normal 0.01570731731181996 -0.9998766324816607 0
    outer loop
      vertex 0.3125370528273784 -9.945090275639028 23
      vertex 0 -9.95 0
      vertex 0.3125370528273784 -9.945090275639028 0
    endloop
  endfacet
  facet normal 0.047106450709645115 -0.9988898749619698 0
    outer loop
      vertex 0.6247656693166719 -9.9303659478613 23
      vertex 0.3125370528273784 -9.945090275639028 0
      vertex 0.6247656693166719 -9.9303659478613 0
    endloop
  endfacet
  facet normal 0.07845909572784764 -0.9969173337331277 0
    outer loop
      vertex 0.9363777175192135 -9.905841547800645 23
      vertex 0.6247656693166719 -9.9303659478613 0
      vertex 0.9363777175192135 -9.905841547800645 0
    endloop
  endfacet
  facet normal 0.10973431109104179 -0.99396095545518 0
    outer loop
      vertex 1.2470656739648254 -9.871541278079054 23
      vertex 0.9363777175192135 -9.905841547800645 0
      vertex 1.2470656739648254 -9.871541278079054 0
    endloop
  endfacet
  facet normal 0.14090123193757942 -0.990023657716558 0
    outer loop
      vertex 1.556522927150297 -9.82749898892162 23
      vertex 1.2470656739648254 -9.871541278079054 0
      vertex 1.556522927150297 -9.82749898892162 0
    endloop
  endfacet
  facet normal 0.17192910027941394 -0.9851093261547732 0
    outer loop
      vertex 1.8644440801279618 -9.77375814475045 23
      vertex 1.556522927150297 -9.82749898892162 0
      vertex 1.8644440801279618 -9.77375814475045 0
    endloop
  endfacet
  facet normal 0.20278729535651183 -0.9792228106217659 0
    outer loop
      vertex 2.1705252518956017 -9.710371781290535 23
      vertex 1.8644440801279618 -9.77375814475045 0
      vertex 2.1705252518956017 -9.710371781290535 0
    endloop
  endfacet
  facet normal 0.23344536385590364 -0.972369920397677 0
    outer loop
      vertex 2.4744643772903014 -9.63740245322988 23
      vertex 2.1705252518956017 -9.710371781290535 0
      vertex 2.4744643772903014 -9.63740245322988 0
    endloop
  endfacet
  facet normal 0.2638730499653706 -0.9645574184577987 0
    outer loop
      vertex 2.775961505090329 -9.554922172485584 23
      vertex 2.4744643772903014 -9.63740245322988 0
      vertex 2.775961505090329 -9.554922172485584 0
    endloop
  endfacet
  facet normal 0.2940403252323101 -0.9557930147983282 0
    outer loop
      vertex 3.0747190940307263 -9.463012337136776 23
      vertex 2.775961505090329 -9.554922172485584 0
      vertex 3.0747190940307263 -9.463012337136776 0
    endloop
  endfacet
  facet normal 0.3239174181981418 -0.9460853588275481 0
    outer loop
      vertex 3.3704423064406512 -9.361763651094543 23
      vertex 3.0747190940307263 -9.463012337136776 0
      vertex 3.3704423064406512 -9.361763651094543 0
    endloop
  endfacet
  facet normal 0.35347484377926447 -0.9354440308298645 -9.652607255170696e-18
    outer loop
      vertex 3.6628392992125494 -9.251276034588098 23
      vertex 3.3704423064406512 -9.361763651094543 0
      vertex 3.662839299212544 -9.2512760345881 0
    endloop
  endfacet
  facet normal 0.3826834323650865 -0.9238795325112882 0
    outer loop
      vertex 3.9516215118160636 -9.131658525555613 23
      vertex 3.662839299212544 -9.2512760345881 0
      vertex 3.9516215118160636 -9.131658525555613 0
    endloop
  endfacet
  facet normal 0.4115143586051084 -0.9114032766354455 0
    outer loop
      vertex 4.2365039510724705 -9.003029172036895 23
      vertex 3.9516215118160636 -9.131658525555613 0
      vertex 4.2365039510724705 -9.003029172036895 0
    endloop
  endfacet
  facet normal 0.43993916985591563 -0.8980275757606154 0
    outer loop
      vertex 4.517205472408491 -8.86551491567426 23
      vertex 4.2365039510724705 -9.003029172036895 0
      vertex 4.517205472408491 -8.86551491567426 0
    endloop
  endfacet
  facet normal 0.46792981426057323 -0.8837656300886935 0
    outer loop
      vertex 4.793449057312068 -8.719251466436441 23
      vertex 4.517205472408491 -8.86551491567426 0
      vertex 4.793449057312068 -8.719251466436441 0
    endloop
  endfacet
  facet normal 0.4954586684324117 -0.8686315144381889 -4.7710202232143146e-17
    outer loop
      vertex 5.064962086716197 -8.564383168689236 23
      vertex 4.793449057312068 -8.719251466436441 0
      vertex 5.064962086716192 -8.564383168689238 0
    endloop
  endfacet
  facet normal 0.01570731731181996 -0.9998766324816607 0
    outer loop
      vertex 0 -9.95 23
      vertex 0 -9.95 0
      vertex 0.3125370528273784 -9.945090275639028 23
    endloop
  endfacet
  facet normal 0.047106450709645115 -0.9988898749619698 0
    outer loop
      vertex 0.3125370528273784 -9.945090275639028 23
      vertex 0.3125370528273784 -9.945090275639028 0
      vertex 0.6247656693166719 -9.9303659478613 23
    endloop
  endfacet
  facet normal 0.07845909572784764 -0.9969173337331277 0
    outer loop
      vertex 0.6247656693166719 -9.9303659478613 23
      vertex 0.6247656693166719 -9.9303659478613 0
      vertex 0.9363777175192135 -9.905841547800645 23
    endloop
  endfacet
  facet normal 0.10973431109104179 -0.99396095545518 0
    outer loop
      vertex 0.9363777175192135 -9.905841547800645 23
      vertex 0.9363777175192135 -9.905841547800645 0
      vertex 1.2470656739648254 -9.871541278079054 23
    endloop
  endfacet
  facet normal 0.14090123193757942 -0.990023657716558 0
    outer loop
      vertex 1.2470656739648254 -9.871541278079054 23
      vertex 1.2470656739648254 -9.871541278079054 0
      vertex 1.556522927150297 -9.82749898892162 23
    endloop
  endfacet
  facet normal 0.17192910027941394 -0.9851093261547732 0
    outer loop
      vertex 1.556522927150297 -9.82749898892162 23
      vertex 1.556522927150297 -9.82749898892162 0
      vertex 1.8644440801279618 -9.77375814475045 23
    endloop
  endfacet
  facet normal 0.20278729535651183 -0.9792228106217659 0
    outer loop
      vertex 1.8644440801279618 -9.77375814475045 23
      vertex 1.8644440801279618 -9.77375814475045 0
      vertex 2.1705252518956017 -9.710371781290535 23
    endloop
  endfacet
  facet normal 0.23344536385590364 -0.972369920397677 0
    outer loop
      vertex 2.1705252518956017 -9.710371781290535 23
      vertex 2.1705252518956017 -9.710371781290535 0
      vertex 2.4744643772903014 -9.63740245322988 23
    endloop
  endfacet
  facet normal 0 0 1
    outer loop
      vertex 0 -9.95 23
      vertex 0.3125370528273784 -9.945090275639028 23
      vertex 0.2748441419336243 -8.745682403200151 23
    endloop
  endfacet
  facet normal 0 0 1
    outer loop
      vertex 0.3125370528273784 -9.945090275639028 23
      vertex 0.6247656693166719 -9.9303659478613 23
      vertex 0.2748441419336243 -8.745682403200151 23
    endloop
  endfacet
  facet normal 0 0 1
    outer loop
      vertex 0 -9.95 23
      vertex 0.2748441419336243 -8.745682403200151 23
      vertex 0 -8.75 23
    endloop
  endfacet
  facet normal 0 0 1
    outer loop
      vertex 0.2748441419336243 -8.745682403200151 23
      vertex 0.6247656693166719 -9.9303659478613 23
      vertex 0.5494170458814954 -8.732733873747376 23
    endloop
  endfacet
  facet normal 0 0 1
    outer loop
      vertex 0.5494170458814954 -8.732733873747376 23
      vertex 0.6247656693166719 -9.9303659478613 23
      vertex 0.9363777175192135 -9.905841547800645 23
    endloop
  endfacet
  facet normal 0 0 1
    outer loop
      vertex 0.9363777175192135 -9.905841547800645 23
      vertex 1.2470656739648254 -9.871541278079054 23
      vertex 0.8234477415369968 -8.71116719027695 23
    endloop
  endfacet
  facet normal 0 0 1
    outer loop
      vertex 0.5494170458814954 -8.732733873747376 23
      vertex 0.9363777175192135 -9.905841547800645 23
      vertex 0.8234477415369968 -8.71116719027695 23
    endloop
  endfacet
  facet normal 0 0 1
    outer loop
      vertex 0.8234477415369968 -8.71116719027695 23
      vertex 1.2470656739648254 -9.871541278079054 23
      vertex 1.0966657936876605 -8.681003636501682 23
    endloop
  endfacet
  facet normal 0 0 1
    outer loop
      vertex 1.0966657936876605 -8.681003636501682 23
      vertex 1.2470656739648254 -9.871541278079054 23
      vertex 1.556522927150297 -9.82749898892162 23
    endloop
  endfacet
  facet normal 0 0 1
    outer loop
      vertex 1.556522927150297 -9.82749898892162 23
      vertex 1.8644440801279618 -9.77375814475045 23
      vertex 1.36880156910202 -8.642272980207455 23
    endloop
  endfacet
  facet normal 0 0 1
    outer loop
      vertex 1.0966657936876605 -8.681003636501682 23
      vertex 1.556522927150297 -9.82749898892162 23
      vertex 1.36880156910202 -8.642272980207455 23
    endloop
  endfacet
  facet normal 0 0 1
    outer loop
      vertex 1.8644440801279618 -9.77375814475045 23
      vertex 1.6395865026250922 -8.595013443876026 23
      vertex 1.36880156910202 -8.642272980207455 23
    endloop
  endfacet
  facet normal 0 0 1
    outer loop
      vertex 1.8644440801279618 -9.77375814475045 23
      vertex 2.1705252518956017 -9.710371781290535 23
      vertex 1.6395865026250922 -8.595013443876026 23
    endloop
  endfacet
  facet normal 0 0 1
    outer loop
      vertex 2.1705252518956017 -9.710371781290535 23
      vertex 1.9087533622197506 -8.539271666964039 23
      vertex 1.6395865026250922 -8.595013443876026 23
    endloop
  endfacet
  facet normal 0 0 1
    outer loop
      vertex 2.1705252518956017 -9.710371781290535 23
      vertex 2.4744643772903014 -9.63740245322988 23
      vertex 1.9087533622197506 -8.539271666964039 23
    endloop
  endfacet
  facet normal 0 0 1
    outer loop
      vertex 2.4744643772903014 -9.63740245322988 23
      vertex 2.1760365126924763 -8.475102659875523 23
      vertex 1.9087533622197506 -8.539271666964039 23
    endloop
  endfacet
  facet normal 0 0 1
    outer loop
      vertex 2.4744643772903014 -9.63740245322988 23
      vertex 2.4411721778432542 -8.402569749673253 23
      vertex 2.1760365126924763 -8.475102659875523 23
    endloop
  endfacet
  facet normal 0.2638730499653706 -0.9645574184577987 0
    outer loop
      vertex 2.4744643772903014 -9.63740245322988 23
      vertex 2.4744643772903014 -9.63740245322988 0
      vertex 2.775961505090329 -9.554922172485584 23
    endloop
  endfacet
  facet normal 0.2940403252323101 -0.9557930147983282 0
    outer loop
      vertex 2.775961505090329 -9.554922172485584 23
      vertex 2.775961505090329 -9.554922172485584 0
      vertex 3.0747190940307263 -9.463012337136776 23
    endloop
  endfacet
  facet normal 0.3239174181981418 -0.9460853588275481 0
    outer loop
      vertex 3.0747190940307263 -9.463012337136776 23
      vertex 3.0747190940307263 -9.463012337136776 0
      vertex 3.3704423064406512 -9.361763651094543 23
    endloop
  endfacet
  facet normal 0.3534748437792638 -0.9354440308298647 0
    outer loop
      vertex 3.3704423064406512 -9.361763651094543 23
      vertex 3.3704423064406512 -9.361763651094543 0
      vertex 3.6628392992125494 -9.251276034588098 23
    endloop
  endfacet
  facet normal 0.3826834323650877 -0.9238795325112876 -1.7313359602709914e-17
    outer loop
      vertex 3.6628392992125494 -9.251276034588098 23
      vertex 3.662839299212544 -9.2512760345881 0
      vertex 3.9516215118160636 -9.131658525555613 23
    endloop
  endfacet
  facet normal 0.4115143586051084 -0.9114032766354455 0
    outer loop
      vertex 3.9516215118160636 -9.131658525555613 23
      vertex 3.9516215118160636 -9.131658525555613 0
      vertex 4.2365039510724705 -9.003029172036895 23
    endloop
  endfacet
  facet normal 0.43993916985591563 -0.8980275757606154 0
    outer loop
      vertex 4.2365039510724705 -9.003029172036895 23
      vertex 4.2365039510724705 -9.003029172036895 0
      vertex 4.517205472408491 -8.86551491567426 23
    endloop
  endfacet
  facet normal 0.46792981426057323 -0.8837656300886935 0
    outer loop
      vertex 4.517205472408491 -8.86551491567426 23
      vertex 4.517205472408491 -8.86551491567426 0
      vertex 4.793449057312068 -8.719251466436441 23
    endloop
  endfacet
  facet normal 0.49545866843240866 -0.8686315144381906 0
    outer loop
      vertex 4.793449057312068 -8.719251466436441 23
      vertex 4.793449057312068 -8.719251466436441 0
      vertex 5.064962086716197 -8.564383168689236 23
    endloop
  endfacet
  facet normal 0 0 1
    outer loop
      vertex 2.4744643772903014 -9.63740245322988 23
      vertex 2.775961505090329 -9.554922172485584 23
      vertex 2.4411721778432542 -8.402569749673253 23
    endloop
  endfacet
  facet normal 0 0 1
    outer loop
      vertex 2.4411721778432542 -8.402569749673253 23
      vertex 2.775961505090329 -9.554922172485584 23
      vertex 2.7038987007807895 -8.321744517582593 23
    endloop
  endfacet
  facet normal 0 0 1
    outer loop
      vertex 2.775961505090329 -9.554922172485584 23
      vertex 3.0747190940307263 -9.463012337136776 23
      vertex 2.7038987007807895 -8.321744517582593 23
    endloop
  endfacet
  facet normal 0 0 1
    outer loop
      vertex 3.0747190940307263 -9.463012337136776 23
      vertex 3.3704423064406512 -9.361763651094543 23
      vertex 2.9639568021463014 -8.232706728349473 23
    endloop
  endfacet
  facet normal 0 0 1
    outer loop
      vertex 3.3704423064406512 -9.361763651094543 23
      vertex 3.6628392992125494 -9.251276034588098 23
      vertex 3.2210898359909357 -8.135544251522198 23
    endloop
  endfacet
  facet normal 0 0 1
    outer loop
      vertex 3.6628392992125494 -9.251276034588098 23
      vertex 3.9516215118160636 -9.131658525555613 23
      vertex 3.4750440430543277 -8.030352974734836 23
    endloop
  endfacet
  facet normal 0 0 1
    outer loop
      vertex 3.0747190940307263 -9.463012337136776 23
      vertex 2.9639568021463014 -8.232706728349473 23
      vertex 2.7038987007807895 -8.321744517582593 23
    endloop
  endfacet
  facet normal 0 0 1
    outer loop
      vertex 3.3704423064406512 -9.361763651094543 23
      vertex 3.2210898359909357 -8.135544251522198 23
      vertex 2.9639568021463014 -8.232706728349473 23
    endloop
  endfacet
  facet normal 0 0 1
    outer loop
      vertex 3.6628392992125494 -9.251276034588098 23
      vertex 3.4750440430543277 -8.030352974734836 23
      vertex 3.2210898359909357 -8.135544251522198 23
    endloop
  endfacet
  facet normal 0 0 1
    outer loop
      vertex 3.4750440430543277 -8.030352974734836 23
      vertex 3.9516215118160636 -9.131658525555613 23
      vertex 3.7255688011943837 -7.917236709077671 23
    endloop
  endfacet
  facet normal 0 0 1
    outer loop
      vertex 3.7255688011943837 -7.917236709077671 23
      vertex 3.9516215118160636 -9.131658525555613 23
      vertex 4.2365039510724705 -9.003029172036895 23
    endloop
  endfacet
  facet normal 0 0 1
    outer loop
      vertex 3.7255688011943837 -7.917236709077671 23
      vertex 4.2365039510724705 -9.003029172036895 23
      vertex 3.9724168727210345 -7.796307086648219 23
    endloop
  endfacet
  facet normal 0 0 1
    outer loop
      vertex 4.2365039510724705 -9.003029172036895 23
      vertex 4.517205472408491 -8.86551491567426 23
      vertex 4.215344648390009 -7.667683450383805 23
    endloop
  endfacet
  facet normal 0 0 1
    outer loop
      vertex 4.2365039510724705 -9.003029172036895 23
      vertex 4.215344648390009 -7.667683450383805 23
      vertex 3.9724168727210345 -7.796307086648219 23
    endloop
  endfacet
  facet normal 0 0 1
    outer loop
      vertex 4.517205472408491 -8.86551491567426 23
      vertex 4.793449057312068 -8.719251466436441 23
      vertex 4.454112387815752 -7.5314927362845046 23
    endloop
  endfacet
  facet normal 0 0 1
    outer loop
      vertex 4.793449057312068 -8.719251466436441 23
      vertex 5.064962086716197 -8.564383168689236 23
      vertex 4.688484456066217 -7.387869348142634 23
    endloop
  endfacet
  facet normal 0 0 1
    outer loop
      vertex 4.517205472408491 -8.86551491567426 23
      vertex 4.454112387815752 -7.5314927362845046 23
      vertex 4.215344648390009 -7.667683450383805 23
    endloop
  endfacet
  facet normal 0 0 1
    outer loop
      vertex 4.793449057312068 -8.719251466436441 23
      vertex 4.688484456066217 -7.387869348142634 23
      vertex 4.454112387815752 -7.5314927362845046 23
    endloop
  endfacet
  facet normal 0 0 1
    outer loop
      vertex 4.688484456066217 -7.387869348142634 23
      vertex 5.064962086716197 -8.564383168689236 23
      vertex 4.918229556206142 -7.236955024902417 23
    endloop
  endfacet
  facet normal 0.5224985647159455 -0.8526401643540942 0
    outer loop
      vertex 5.331476610041012 -8.401062858745052 23
      vertex 5.064962086716192 -8.564383168689238 0
      vertex 5.331476610041012 -8.401062858745052 0
    endloop
  endfacet
  facet normal 0.5490228179981297 -0.8358073613682717 0
    outer loop
      vertex 5.592729609628698 -8.22945171403189 23
      vertex 5.331476610041012 -8.401062858745052 0
      vertex 5.592729609628698 -8.22945171403189 0
    endloop
  endfacet
  facet normal 0.5750052520432796 -0.8181497174250227 0
    outer loop
      vertex 5.848463260310107 -8.049719094030726 23
      vertex 5.592729609628698 -8.22945171403189 0
      vertex 5.848463260310107 -8.049719094030726 0
    endloop
  endfacet
  facet normal 0.6004202253258846 -0.7996846584870902 0
    outer loop
      vertex 6.098425183847118 -7.862042373138117 23
      vertex 5.848463260310107 -8.049719094030726 0
      vertex 6.098425183847118 -7.862042373138117 0
    endloop
  endfacet
  facet normal 0.6252426563357044 -0.7804304073383304 -6.166252178537733e-18
    outer loop
      vertex 6.342368697999465 -7.6666067656191 23
      vertex 6.098425183847118 -7.862042373138117 0
      vertex 6.342368697999461 -7.666606765619103 0
    endloop
  endfacet
  facet normal 0.6494480483301844 -0.7604059656000303 0
    outer loop
      vertex 6.580053059970332 -7.4636051428230745 23
      vertex 6.342368697999461 -7.666606765619103 0
      vertex 6.580053059970332 -7.4636051428230745 0
    endloop
  endfacet
  facet normal 0.6730125135097726 -0.7396310949786103 0
    outer loop
      vertex 6.81124370399045 -7.2532378428430455 23
      vertex 6.580053059970332 -7.4636051428230745 0
      vertex 6.81124370399045 -7.2532378428430455 0
    endloop
  endfacet
  facet normal 0.6959127965923112 -0.718126297763192 0
    outer loop
      vertex 7.035712472806148 -7.035712472806148 23
      vertex 6.81124370399045 -7.2532378428430455 0
      vertex 7.035712472806148 -7.035712472806148 0
    endloop
  endfacet
  facet normal 0.718126297763192 -0.6959127965923112 0
    outer loop
      vertex 7.035712472806148 -7.035712472806148 23
      vertex 7.035712472806148 -7.035712472806148 0
      vertex 7.2532378428430455 -6.81124370399045 0
    endloop
  endfacet
  facet normal 0.7396310949786109 -0.6730125135097721 0
    outer loop
      vertex 7.2532378428430455 -6.81124370399045 23
      vertex 7.2532378428430455 -6.81124370399045 0
      vertex 7.463605142823071 -6.580053059970336 0
    endloop
  endfacet
  facet normal 0.7604059656000289 -0.6494480483301861 -1.7139204802425427e-17
    outer loop
      vertex 7.4636051428230745 -6.580053059970332 23
      vertex 7.463605142823071 -6.580053059970336 0
      vertex 7.6666067656191 -6.342368697999465 0
    endloop
  endfacet
  facet normal 0.7804304073383307 -0.6252426563357041 0
    outer loop
      vertex 7.6666067656191 -6.342368697999465 23
      vertex 7.6666067656191 -6.342368697999465 0
      vertex 7.862042373138117 -6.098425183847118 0
    endloop
  endfacet
  facet normal 0.7996846584870902 -0.6004202253258846 0
    outer loop
      vertex 7.862042373138117 -6.098425183847118 23
      vertex 7.862042373138117 -6.098425183847118 0
      vertex 8.049719094030726 -5.848463260310107 0
    endloop
  endfacet
  facet normal 0.8181497174250227 -0.5750052520432796 0
    outer loop
      vertex 8.049719094030726 -5.848463260310107 23
      vertex 8.049719094030726 -5.848463260310107 0
      vertex 8.22945171403189 -5.592729609628698 0
    endloop
  endfacet
  facet normal 0.8358073613682717 -0.5490228179981297 -7.98940081274062e-20
    outer loop
      vertex 8.401062858745052 -5.331476610041012 0
      vertex 8.22945171403189 -5.592729609628698 23
      vertex 8.22945171403189 -5.592729609628698 0
    endloop
  endfacet
  facet normal 0.8526401643540921 -0.5224985647159489 0
    outer loop
      vertex 8.401062858745052 -5.331476610041012 23
      vertex 8.401062858745052 -5.331476610041012 0
      vertex 8.564383168689236 -5.064962086716197 0
    endloop
  endfacet
  facet normal 0.5224985647159489 -0.8526401643540921 -5.521036997966199e-17
    outer loop
      vertex 5.064962086716197 -8.564383168689236 23
      vertex 5.064962086716192 -8.564383168689238 0
      vertex 5.331476610041012 -8.401062858745052 23
    endloop
  endfacet
  facet normal 0.5490228179981297 -0.8358073613682717 0
    outer loop
      vertex 5.331476610041012 -8.401062858745052 23
      vertex 5.331476610041012 -8.401062858745052 0
      vertex 5.592729609628698 -8.22945171403189 23
    endloop
  endfacet
  facet normal 0.5750052520432796 -0.8181497174250227 0
    outer loop
      vertex 5.592729609628698 -8.22945171403189 23
      vertex 5.592729609628698 -8.22945171403189 0
      vertex 5.848463260310107 -8.049719094030726 23
    endloop
  endfacet
  facet normal 0.6004202253258846 -0.7996846584870902 0
    outer loop
      vertex 5.848463260310107 -8.049719094030726 23
      vertex 5.848463260310107 -8.049719094030726 0
      vertex 6.098425183847118 -7.862042373138117 23
    endloop
  endfacet
  facet normal 0.6252426563357041 -0.7804304073383307 0
    outer loop
      vertex 6.098425183847118 -7.862042373138117 23
      vertex 6.098425183847118 -7.862042373138117 0
      vertex 6.342368697999465 -7.6666067656191 23
    endloop
  endfacet
  facet normal 0.6494480483301851 -0.7604059656000297 -1.2224976452234394e-17
    outer loop
      vertex 6.342368697999465 -7.6666067656191 23
      vertex 6.342368697999461 -7.666606765619103 0
      vertex 6.580053059970332 -7.4636051428230745 23
    endloop
  endfacet
  facet normal 0 0 1
    outer loop
      vertex 4.918229556206142 -7.236955024902417 23
      vertex 5.064962086716197 -8.564383168689236 23
      vertex 5.331476610041012 -8.401062858745052 23
    endloop
  endfacet
  facet normal 0 0 1
    outer loop
      vertex 4.918229556206142 -7.236955024902417 23
      vertex 5.331476610041012 -8.401062858745052 23
      vertex 5.14312095755914 -7.07889870078079 23
    endloop
  endfacet
  facet normal 0 0 1
    outer loop
      vertex 5.331476610041012 -8.401062858745052 23
      vertex 5.592729609628698 -8.22945171403189 23
      vertex 5.14312095755914 -7.07889870078079 23
    endloop
  endfacet
  facet normal 0 0 1
    outer loop
      vertex 5.592729609628698 -8.22945171403189 23
      vertex 5.848463260310107 -8.049719094030726 23
      vertex 5.577459910301037 -6.741990874288154 23
    endloop
  endfacet
  facet normal 0 0 1
    outer loop
      vertex 5.848463260310107 -8.049719094030726 23
      vertex 6.098425183847118 -7.862042373138117 23
      vertex 5.786478821581951 -6.5634718592665235 23
    endloop
  endfacet
  facet normal 0.6730125135097726 -0.7396310949786103 0
    outer loop
      vertex 6.580053059970332 -7.4636051428230745 23
      vertex 6.580053059970332 -7.4636051428230745 0
      vertex 6.81124370399045 -7.2532378428430455 23
    endloop
  endfacet
  facet normal 0.6959127965923112 -0.718126297763192 0
    outer loop
      vertex 6.81124370399045 -7.2532378428430455 23
      vertex 6.81124370399045 -7.2532378428430455 0
      vertex 7.035712472806148 -7.035712472806148 23
    endloop
  endfacet
  facet normal 0.718126297763192 -0.6959127965923112 4.74968757420587e-19
    outer loop
      vertex 7.035712472806148 -7.035712472806148 23
      vertex 7.2532378428430455 -6.81124370399045 0
      vertex 7.2532378428430455 -6.81124370399045 23
    endloop
  endfacet
  facet normal 0.7396310949786103 -0.6730125135097726 -1.0364431398234533e-17
    outer loop
      vertex 7.2532378428430455 -6.81124370399045 23
      vertex 7.463605142823071 -6.580053059970336 0
      vertex 7.4636051428230745 -6.580053059970332 23
    endloop
  endfacet
  facet normal 0 0 1
    outer loop
      vertex 5.592729609628698 -8.22945171403189 23
      vertex 5.362936719463546 -6.913856358287289 23
      vertex 5.14312095755914 -7.07889870078079 23
    endloop
  endfacet
  facet normal 0 0 1
    outer loop
      vertex 5.592729609628698 -8.22945171403189 23
      vertex 5.577459910301037 -6.741990874288154 23
      vertex 5.362936719463546 -6.913856358287289 23
    endloop
  endfacet
  facet normal 0 0 1
    outer loop
      vertex 5.848463260310107 -8.049719094030726 23
      vertex 5.786478821581951 -6.5634718592665235 23
      vertex 5.577459910301037 -6.741990874288154 23
    endloop
  endfacet
  facet normal 0 0 1
    outer loop
      vertex 6.098425183847118 -7.862042373138117 23
      vertex 6.342368697999465 -7.6666067656191 23
      vertex 5.989787176876025 -6.378475489937352 23
    endloop
  endfacet
  facet normal 0 0 1
    outer loop
      vertex 6.098425183847118 -7.862042373138117 23
      vertex 5.989787176876025 -6.378475489937352 23
      vertex 5.786478821581951 -6.5634718592665235 23
    endloop
  endfacet
  facet normal 0 0 1
    outer loop
      vertex 6.342368697999465 -7.6666067656191 23
      vertex 6.187184335382291 -6.187184335382291 23
      vertex 5.989787176876025 -6.378475489937352 23
    endloop
  endfacet
  facet normal 0 0 1
    outer loop
      vertex 6.342368697999465 -7.6666067656191 23
      vertex 6.580053059970332 -7.4636051428230745 23
      vertex 6.187184335382291 -6.187184335382291 23
    endloop
  endfacet
  facet normal 0 0 1
    outer loop
      vertex 6.580053059970332 -7.4636051428230745 23
      vertex 6.378475489937352 -5.989787176876025 23
      vertex 6.187184335382291 -6.187184335382291 23
    endloop
  endfacet
  facet normal 0 0 1
    outer loop
      vertex 6.580053059970332 -7.4636051428230745 23
      vertex 6.5634718592665235 -5.786478821581951 23
      vertex 6.378475489937352 -5.989787176876025 23
    endloop
  endfacet
  facet normal 0 0 1
    outer loop
      vertex 6.580053059970332 -7.4636051428230745 23
      vertex 6.81124370399045 -7.2532378428430455 23
      vertex 6.5634718592665235 -5.786478821581951 23
    endloop
  endfacet
  facet normal 0 0 1
    outer loop
      vertex 6.81124370399045 -7.2532378428430455 23
      vertex 7.035712472806148 -7.035712472806148 23
      vertex 6.741990874288154 -5.577459910301037 23
    endloop
  endfacet
  facet normal 0 0 1
    outer loop
      vertex 7.035712472806148 -7.035712472806148 23
      vertex 7.2532378428430455 -6.81124370399045 23
      vertex 6.913856358287289 -5.362936719463546 23
    endloop
  endfacet
  facet normal 0 0 1
    outer loop
      vertex 6.81124370399045 -7.2532378428430455 23
      vertex 6.741990874288154 -5.577459910301037 23
      vertex 6.5634718592665235 -5.786478821581951 23
    endloop
  endfacet
  facet normal 0 0 1
    outer loop
      vertex 7.035712472806148 -7.035712472806148 23
      vertex 6.913856358287289 -5.362936719463546 23
      vertex 6.741990874288154 -5.577459910301037 23
    endloop
  endfacet
  facet normal 0 0 1
    outer loop
      vertex 7.2532378428430455 -6.81124370399045 23
      vertex 7.07889870078079 -5.14312095755914 23
      vertex 6.913856358287289 -5.362936719463546 23
    endloop
  endfacet
  facet normal 0 0 1
    outer loop
      vertex 7.2532378428430455 -6.81124370399045 23
      vertex 7.4636051428230745 -6.580053059970332 23
      vertex 7.236955024902417 -4.918229556206142 23
    endloop
  endfacet
  facet normal 0 0 1
    outer loop
      vertex 7.2532378428430455 -6.81124370399045 23
      vertex 7.236955024902417 -4.918229556206142 23
      vertex 7.07889870078079 -5.14312095755914 23
    endloop
  endfacet
  facet normal 0 0 1
    outer loop
      vertex 7.4636051428230745 -6.580053059970332 23
      vertex 7.387869348142634 -4.688484456066217 23
      vertex 7.236955024902417 -4.918229556206142 23
    endloop
  endfacet
  facet normal 0.7604059656000297 -0.6494480483301851 3.782317682797648e-19
    outer loop
      vertex 7.4636051428230745 -6.580053059970332 23
      vertex 7.6666067656191 -6.342368697999465 0
      vertex 7.6666067656191 -6.342368697999465 23
    endloop
  endfacet
  facet normal 0.7804304073383307 -0.6252426563357041 -2.653182781399185e-19
    outer loop
      vertex 7.6666067656191 -6.342368697999465 23
      vertex 7.862042373138117 -6.098425183847118 0
      vertex 7.862042373138117 -6.098425183847118 23
    endloop
  endfacet
  facet normal 0.7996846584870902 -0.6004202253258846 3.1299278420579416e-19
    outer loop
      vertex 7.862042373138117 -6.098425183847118 23
      vertex 8.049719094030726 -5.848463260310107 0
      vertex 8.049719094030726 -5.848463260310107 23
    endloop
  endfacet
  facet normal 0.8181497174250227 -0.5750052520432796 -3.157150193098477e-20
    outer loop
      vertex 8.049719094030726 -5.848463260310107 23
      vertex 8.22945171403189 -5.592729609628698 0
      vertex 8.22945171403189 -5.592729609628698 23
    endloop
  endfacet
  facet normal 0.8358073613682717 -0.5490228179981297 0
    outer loop
      vertex 8.401062858745052 -5.331476610041012 0
      vertex 8.401062858745052 -5.331476610041012 23
      vertex 8.22945171403189 -5.592729609628698 23
    endloop
  endfacet
  facet normal 0.8526401643540921 -0.5224985647159489 -3.0726291030761777e-19
    outer loop
      vertex 8.401062858745052 -5.331476610041012 23
      vertex 8.564383168689236 -5.064962086716197 0
      vertex 8.564383168689236 -5.064962086716197 23
    endloop
  endfacet
  facet normal 0 0 1
    outer loop
      vertex 7.4636051428230745 -6.580053059970332 23
      vertex 7.6666067656191 -6.342368697999465 23
      vertex 7.387869348142634 -4.688484456066217 23
    endloop
  endfacet
  facet normal 0 0 1
    outer loop
      vertex 7.6666067656191 -6.342368697999465 23
      vertex 7.862042373138117 -6.098425183847118 23
      vertex 7.5314927362845046 -4.454112387815752 23
    endloop
  endfacet
  facet normal 0 0 1
    outer loop
      vertex 7.6666067656191 -6.342368697999465 23
      vertex 7.5314927362845046 -4.454112387815752 23
      vertex 7.387869348142634 -4.688484456066217 23
    endloop
  endfacet
  facet normal 0 0 1
    outer loop
      vertex 7.862042373138117 -6.098425183847118 23
      vertex 8.049719094030726 -5.848463260310107 23
      vertex 7.796307086648219 -3.9724168727210345 23
    endloop
  endfacet
  facet normal 0.8686315144381906 -0.49545866843240866 0
    outer loop
      vertex 8.564383168689236 -5.064962086716197 23
      vertex 8.564383168689236 -5.064962086716197 0
      vertex 8.719251466436441 -4.793449057312068 0
    endloop
  endfacet
  facet normal 0.8837656300886935 -0.46792981426057323 0
    outer loop
      vertex 8.719251466436441 -4.793449057312068 23
      vertex 8.719251466436441 -4.793449057312068 0
      vertex 8.86551491567426 -4.517205472408491 0
    endloop
  endfacet
  facet normal 0.8980275757606154 -0.43993916985591563 0
    outer loop
      vertex 8.86551491567426 -4.517205472408491 23
      vertex 8.86551491567426 -4.517205472408491 0
      vertex 9.003029172036895 -4.2365039510724705 0
    endloop
  endfacet
  facet normal 0.9114032766354454 -0.41151435860510843 0
    outer loop
      vertex 9.003029172036895 -4.2365039510724705 23
      vertex 9.003029172036895 -4.2365039510724705 0
      vertex 9.131658525555611 -3.9516215118160676 0
    endloop
  endfacet
  facet normal 0.9238795325112875 -0.382683432365088 -4.853455584471103e-18
    outer loop
      vertex 9.131658525555613 -3.9516215118160636 23
      vertex 9.131658525555611 -3.9516215118160676 0
      vertex 9.251276034588098 -3.6628392992125494 0
    endloop
  endfacet
  facet normal 0.9354440308298647 -0.3534748437792638 0
    outer loop
      vertex 9.251276034588098 -3.6628392992125494 23
      vertex 9.251276034588098 -3.6628392992125494 0
      vertex 9.361763651094543 -3.3704423064406512 0
    endloop
  endfacet
  facet normal 0.9460853588275481 -0.3239174181981418 0
    outer loop
      vertex 9.361763651094543 -3.3704423064406512 23
      vertex 9.361763651094543 -3.3704423064406512 0
      vertex 9.463012337136776 -3.0747190940307263 0
    endloop
  endfacet
  facet normal 0.9557930147983282 -0.2940403252323101 0
    outer loop
      vertex 9.463012337136776 -3.0747190940307263 23
      vertex 9.463012337136776 -3.0747190940307263 0
      vertex 9.554922172485584 -2.775961505090329 0
    endloop
  endfacet
  facet normal 0.9645574184577987 -0.2638730499653706 1.3249703085060707e-19
    outer loop
      vertex 9.63740245322988 -2.4744643772903014 0
      vertex 9.554922172485584 -2.775961505090329 23
      vertex 9.554922172485584 -2.775961505090329 0
    endloop
  endfacet
  facet normal 0.972369920397677 -0.23344536385590364 0
    outer loop
      vertex 9.63740245322988 -2.4744643772903014 23
      vertex 9.63740245322988 -2.4744643772903014 0
      vertex 9.710371781290535 -2.1705252518956017 0
    endloop
  endfacet
  facet normal 0.9792228106217659 -0.20278729535651183 0
    outer loop
      vertex 9.710371781290535 -2.1705252518956017 23
      vertex 9.710371781290535 -2.1705252518956017 0
      vertex 9.77375814475045 -1.8644440801279618 0
    endloop
  endfacet
  facet normal 0.9851093261547732 -0.17192910027941394 0
    outer loop
      vertex 9.77375814475045 -1.8644440801279618 23
      vertex 9.77375814475045 -1.8644440801279618 0
      vertex 9.82749898892162 -1.556522927150297 0
    endloop
  endfacet
  facet normal 0.990023657716558 -0.14090123193757942 0
    outer loop
      vertex 9.82749898892162 -1.556522927150297 23
      vertex 9.82749898892162 -1.556522927150297 0
      vertex 9.871541278079054 -1.2470656739648254 0
    endloop
  endfacet
  facet normal 0.99396095545518 -0.10973431109104179 0
    outer loop
      vertex 9.871541278079054 -1.2470656739648254 23
      vertex 9.871541278079054 -1.2470656739648254 0
      vertex 9.905841547800645 -0.9363777175192135 0
    endloop
  endfacet
  facet normal 0.9969173337331277 -0.07845909572784764 2.2783563974718633e-20
    outer loop
      vertex 9.9303659478613 -0.6247656693166719 0
      vertex 9.905841547800645 -0.9363777175192135 23
      vertex 9.905841547800645 -0.9363777175192135 0
    endloop
  endfacet
  facet normal 0.9988898749619698 -0.047106450709645115 0
    outer loop
      vertex 9.9303659478613 -0.6247656693166719 0
      vertex 9.945090275639028 -0.3125370528273784 0
      vertex 9.9303659478613 -0.6247656693166719 23
    endloop
  endfacet
  facet normal 0.9998766324816607 -0.01570731731181996 0
    outer loop
      vertex 9.945090275639028 -0.3125370528273784 23
      vertex 9.945090275639028 -0.3125370528273784 0
      vertex 9.95 0 0
    endloop
  endfacet
  facet normal 0.8686315144381906 -0.49545866843240866 -3.52379001532791e-19
    outer loop
      vertex 8.564383168689236 -5.064962086716197 23
      vertex 8.719251466436441 -4.793449057312068 0
      vertex 8.719251466436441 -4.793449057312068 23
    endloop
  endfacet
  facet normal 0.8837656300886935 -0.46792981426057323 -3.511117761971943e-20
    outer loop
      vertex 8.719251466436441 -4.793449057312068 23
      vertex 8.86551491567426 -4.517205472408491 0
      vertex 8.86551491567426 -4.517205472408491 23
    endloop
  endfacet
  facet normal 0.8980275757606154 -0.43993916985591563 2.930747966429725e-19
    outer loop
      vertex 8.86551491567426 -4.517205472408491 23
      vertex 9.003029172036895 -4.2365039510724705 0
      vertex 9.003029172036895 -4.2365039510724705 23
    endloop
  endfacet
  facet normal 0.9114032766354455 -0.4115143586051084 1.1125666519640722e-18
    outer loop
      vertex 9.003029172036895 -4.2365039510724705 23
      vertex 9.131658525555611 -3.9516215118160676 0
      vertex 9.131658525555613 -3.9516215118160636 23
    endloop
  endfacet
  facet normal 0.9238795325112876 -0.3826834323650877 -1.4653051539273273e-19
    outer loop
      vertex 9.131658525555613 -3.9516215118160636 23
      vertex 9.251276034588098 -3.6628392992125494 0
      vertex 9.251276034588098 -3.6628392992125494 23
    endloop
  endfacet
  facet normal 0.9354440308298647 -0.3534748437792638 4.527331911625384e-19
    outer loop
      vertex 9.251276034588098 -3.6628392992125494 23
      vertex 9.361763651094543 -3.3704423064406512 0
      vertex 9.361763651094543 -3.3704423064406512 23
    endloop
  endfacet
  facet normal 0.9460853588275481 -0.3239174181981418 -9.393406357725274e-20
    outer loop
      vertex 9.361763651094543 -3.3704423064406512 23
      vertex 9.463012337136776 -3.0747190940307263 0
      vertex 9.463012337136776 -3.0747190940307263 23
    endloop
  endfacet
  facet normal 0.9557930147983282 -0.2940403252323101 -1.8316596569613755e-19
    outer loop
      vertex 9.463012337136776 -3.0747190940307263 23
      vertex 9.554922172485584 -2.775961505090329 0
      vertex 9.554922172485584 -2.775961505090329 23
    endloop
  endfacet
  facet normal 0.9645574184577987 -0.2638730499653706 0
    outer loop
      vertex 9.63740245322988 -2.4744643772903014 0
      vertex 9.63740245322988 -2.4744643772903014 23
      vertex 9.554922172485584 -2.775961505090329 23
    endloop
  endfacet
  facet normal 0 0 1
    outer loop
      vertex 7.862042373138117 -6.098425183847118 23
      vertex 7.667683450383805 -4.215344648390009 23
      vertex 7.5314927362845046 -4.454112387815752 23
    endloop
  endfacet
  facet normal 0 0 1
    outer loop
      vertex 7.862042373138117 -6.098425183847118 23
      vertex 7.796307086648219 -3.9724168727210345 23
      vertex 7.667683450383805 -4.215344648390009 23
    endloop
  endfacet
  facet normal 0 0 1
    outer loop
      vertex 8.049719094030726 -5.848463260310107 23
      vertex 7.917236709077671 -3.7255688011943837 23
      vertex 7.796307086648219 -3.9724168727210345 23
    endloop
  endfacet
  facet normal 0 0 1
    outer loop
      vertex 8.049719094030726 -5.848463260310107 23
      vertex 8.030352974734836 -3.4750440430543277 23
      vertex 7.917236709077671 -3.7255688011943837 23
    endloop
  endfacet
  facet normal 0 0 1
    outer loop
      vertex 8.049719094030726 -5.848463260310107 23
      vertex 8.22945171403189 -5.592729609628698 23
      vertex 8.030352974734836 -3.4750440430543277 23
    endloop
  endfacet
  facet normal 0 0 1
    outer loop
      vertex 8.22945171403189 -5.592729609628698 23
      vertex 8.401062858745052 -5.331476610041012 23
      vertex 8.135544251522198 -3.2210898359909357 23
    endloop
  endfacet
  facet normal 0 0 1
    outer loop
      vertex 8.401062858745052 -5.331476610041012 23
      vertex 8.564383168689236 -5.064962086716197 23
      vertex 8.321744517582593 -2.7038987007807895 23
    endloop
  endfacet
  facet normal 0 0 1
    outer loop
      vertex 8.22945171403189 -5.592729609628698 23
      vertex 8.135544251522198 -3.2210898359909357 23
      vertex 8.030352974734836 -3.4750440430543277 23
    endloop
  endfacet
  facet normal 0 0 1
    outer loop
      vertex 8.401062858745052 -5.331476610041012 23
      vertex 8.232706728349473 -2.9639568021463014 23
      vertex 8.135544251522198 -3.2210898359909357 23
    endloop
  endfacet
  facet normal 0 0 1
    outer loop
      vertex 8.564383168689236 -5.064962086716197 23
      vertex 8.719251466436441 -4.793449057312068 23
      vertex 8.539271666964039 -1.9087533622197506 23
    endloop
  endfacet
  facet normal 0 0 1
    outer loop
      vertex 8.401062858745052 -5.331476610041012 23
      vertex 8.321744517582593 -2.7038987007807895 23
      vertex 8.232706728349473 -2.9639568021463014 23
    endloop
  endfacet
  facet normal 0 0 1
    outer loop
      vertex 8.564383168689236 -5.064962086716197 23
      vertex 8.402569749673253 -2.4411721778432542 23
      vertex 8.321744517582593 -2.7038987007807895 23
    endloop
  endfacet
  facet normal 0 0 1
    outer loop
      vertex 8.564383168689236 -5.064962086716197 23
      vertex 8.475102659875523 -2.1760365126924763 23
      vertex 8.402569749673253 -2.4411721778432542 23
    endloop
  endfacet
  facet normal 0 0 1
    outer loop
      vertex 8.564383168689236 -5.064962086716197 23
      vertex 8.539271666964039 -1.9087533622197506 23
      vertex 8.475102659875523 -2.1760365126924763 23
    endloop
  endfacet
  facet normal 0 0 1
    outer loop
      vertex 8.719251466436441 -4.793449057312068 23
      vertex 8.595013443876026 -1.6395865026250922 23
      vertex 8.539271666964039 -1.9087533622197506 23
    endloop
  endfacet
  facet normal 0 0 1
    outer loop
      vertex 8.719251466436441 -4.793449057312068 23
      vertex 8.642272980207455 -1.36880156910202 23
      vertex 8.595013443876026 -1.6395865026250922 23
    endloop
  endfacet
  facet normal 0 0 1
    outer loop
      vertex 8.719251466436441 -4.793449057312068 23
      vertex 8.86551491567426 -4.517205472408491 23
      vertex 8.71116719027695 -0.8234477415369968 23
    endloop
  endfacet
  facet normal 0.972369920397677 -0.23344536385590364 -1.375880785391551e-19
    outer loop
      vertex 9.63740245322988 -2.4744643772903014 23
      vertex 9.710371781290535 -2.1705252518956017 0
      vertex 9.710371781290535 -2.1705252518956017 23
    endloop
  endfacet
  facet normal 0.9792228106217659 -0.20278729535651183 1.4196191580296957e-19
    outer loop
      vertex 9.710371781290535 -2.1705252518956017 23
      vertex 9.77375814475045 -1.8644440801279618 0
      vertex 9.77375814475045 -1.8644440801279618 23
    endloop
  endfacet
  facet normal 0.9851093261547732 -0.17192910027941394 -2.1226325054039514e-19
    outer loop
      vertex 9.77375814475045 -1.8644440801279618 23
      vertex 9.82749898892162 -1.556522927150297 0
      vertex 9.82749898892162 -1.556522927150297 23
    endloop
  endfacet
  facet normal 0.990023657716558 -0.14090123193757942 1.415637895724769e-20
    outer loop
      vertex 9.82749898892162 -1.556522927150297 23
      vertex 9.871541278079054 -1.2470656739648254 0
      vertex 9.871541278079054 -1.2470656739648254 23
    endloop
  endfacet
  facet normal 0.99396095545518 -0.10973431109104179 1.1180998946728765e-20
    outer loop
      vertex 9.871541278079054 -1.2470656739648254 23
      vertex 9.905841547800645 -0.9363777175192135 0
      vertex 9.905841547800645 -0.9363777175192135 23
    endloop
  endfacet
  facet normal 0.9969173337331277 -0.07845909572784764 0
    outer loop
      vertex 9.9303659478613 -0.6247656693166719 0
      vertex 9.9303659478613 -0.6247656693166719 23
      vertex 9.905841547800645 -0.9363777175192135 23
    endloop
  endfacet
  facet normal 0.9988898749619698 -0.047106450709645115 -2.559714020136649e-20
    outer loop
      vertex 9.9303659478613 -0.6247656693166719 23
      vertex 9.945090275639028 -0.3125370528273784 0
      vertex 9.945090275639028 -0.3125370528273784 23
    endloop
  endfacet
  facet normal 0.9998766324816607 -0.01570731731181996 7.803788654199177e-21
    outer loop
      vertex 9.945090275639028 -0.3125370528273784 23
      vertex 9.95 0 0
      vertex 9.95 0 23
    endloop
  endfacet
  facet normal 0 0 1
    outer loop
      vertex 8.719251466436441 -4.793449057312068 23
      vertex 8.681003636501682 -1.0966657936876605 23
      vertex 8.642272980207455 -1.36880156910202 23
    endloop
  endfacet
  facet normal 0 0 1
    outer loop
      vertex 8.719251466436441 -4.793449057312068 23
      vertex 8.71116719027695 -0.8234477415369968 23
      vertex 8.681003636501682 -1.0966657936876605 23
    endloop
  endfacet
  facet normal 0 0 1
    outer loop
      vertex 8.86551491567426 -4.517205472408491 23
      vertex 8.732733873747376 -0.5494170458814954 23
      vertex 8.71116719027695 -0.8234477415369968 23
    endloop
  endfacet
  facet normal 0 0 1
    outer loop
      vertex 8.86551491567426 -4.517205472408491 23
      vertex 8.745682403200151 -0.2748441419336243 23
      vertex 8.732733873747376 -0.5494170458814954 23
    endloop
  endfacet
  facet normal 0 0 1
    outer loop
      vertex 8.86551491567426 -4.517205472408491 23
      vertex 8.75 0 23
      vertex 8.745682403200151 -0.2748441419336243 23
    endloop
  endfacet
  facet normal 0 0 1
    outer loop
      vertex 8.86551491567426 -4.517205472408491 23
      vertex 8.745682403200151 0.27484414193362255 23
      vertex 8.75 0 23
    endloop
  endfacet
  facet normal 0 0 1
    outer loop
      vertex 8.86551491567426 -4.517205472408491 23
      vertex 9.003029172036895 -4.2365039510724705 23
      vertex 8.86551491567426 4.517205472408491 23
    endloop
  endfacet
  facet normal 0 0 1
    outer loop
      vertex 9.003029172036895 -4.2365039510724705 23
      vertex 9.131658525555613 -3.9516215118160636 23
      vertex 9.003029172036895 4.236503951072472 23
    endloop
  endfacet
  facet normal 0 0 1
    outer loop
      vertex 9.131658525555613 -3.9516215118160636 23
      vertex 9.251276034588098 -3.6628392992125494 23
      vertex 9.131658525555611 3.9516215118160662 23
    endloop
  endfacet
  facet normal 0 0 1
    outer loop
      vertex 9.251276034588098 -3.6628392992125494 23
      vertex 9.361763651094543 -3.3704423064406512 23
      vertex 9.2512760345881 3.662839299212546 23
    endloop
  endfacet
  facet normal 0 0 1
    outer loop
      vertex 9.361763651094543 -3.3704423064406512 23
      vertex 9.463012337136776 -3.0747190940307263 23
      vertex 9.361763651094543 3.3704423064406495 23
    endloop
  endfacet
  facet normal 0 0 1
    outer loop
      vertex 9.463012337136776 -3.0747190940307263 23
      vertex 9.554922172485584 -2.775961505090329 23
      vertex 9.463012337136776 3.0747190940307263 23
    endloop
  endfacet
  facet normal 0 0 1
    outer loop
      vertex 9.554922172485584 -2.775961505090329 23
      vertex 9.63740245322988 -2.4744643772903014 23
      vertex 9.554922172485583 2.775961505090331 23
    endloop
  endfacet
  facet normal 0 0 1
    outer loop
      vertex 9.63740245322988 -2.4744643772903014 23
      vertex 9.710371781290535 -2.1705252518956017 23
      vertex 9.637402453229878 2.474464377290305 23
    endloop
  endfacet
  facet normal 0 0 1
    outer loop
      vertex 9.710371781290535 -2.1705252518956017 23
      vertex 9.77375814475045 -1.8644440801279618 23
      vertex 9.710371781290537 2.170525251895598 23
    endloop
  endfacet
  facet normal 0 0 1
    outer loop
      vertex 9.77375814475045 -1.8644440801279618 23
      vertex 9.82749898892162 -1.556522927150297 23
      vertex 9.773758144750452 1.8644440801279598 23
    endloop
  endfacet
  facet normal 0 0 1
    outer loop
      vertex 9.82749898892162 -1.556522927150297 23
      vertex 9.871541278079054 -1.2470656739648254 23
      vertex 9.82749898892162 1.556522927150297 23
    endloop
  endfacet
  facet normal 0 0 1
    outer loop
      vertex 9.871541278079054 -1.2470656739648254 23
      vertex 9.905841547800645 -0.9363777175192135 23
      vertex 9.871541278079054 1.2470656739648274 23
    endloop
  endfacet
  facet normal 0 0 1
    outer loop
      vertex 9.905841547800645 -0.9363777175192135 23
      vertex 9.9303659478613 -0.6247656693166719 23
      vertex 9.905841547800645 0.9363777175192175 23
    endloop
  endfacet
  facet normal 0 0 1
    outer loop
      vertex 9.9303659478613 -0.6247656693166719 23
      vertex 9.945090275639028 -0.3125370528273784 23
      vertex 9.9303659478613 0.624765669316668 23
    endloop
  endfacet
  facet normal 0.015707317311820075 0.9998766324816607 0
    outer loop
      vertex 0 9.95 23
      vertex 0.3125370528273761 9.945090275639028 0
      vertex 0 9.95 0
    endloop
  endfacet
  facet normal 0.047106450709645475 0.9988898749619698 0
    outer loop
      vertex 0.3125370528273761 9.945090275639028 23
      vertex 0.6247656693166671 9.9303659478613 0
      vertex 0.3125370528273761 9.945090275639028 0
    endloop
  endfacet
  facet normal 0.07845909572784521 0.9969173337331279 0
    outer loop
      vertex 0.6247656693166671 9.9303659478613 23
      vertex 0.9363777175192184 9.905841547800645 0
      vertex 0.6247656693166671 9.9303659478613 0
    endloop
  endfacet
  facet normal 0.10973431109104272 0.99396095545518 0
    outer loop
      vertex 0.9363777175192184 9.905841547800645 23
      vertex 1.2470656739648276 9.871541278079054 0
      vertex 0.9363777175192184 9.905841547800645 0
    endloop
  endfacet
  facet normal 0.1409012319375804 0.9900236577165579 0
    outer loop
      vertex 1.2470656739648276 9.871541278079054 23
      vertex 1.556522927150297 9.82749898892162 0
      vertex 1.2470656739648276 9.871541278079054 0
    endloop
  endfacet
  facet normal 0.17192910027940975 0.9851093261547739 0
    outer loop
      vertex 1.556522927150297 9.82749898892162 23
      vertex 1.8644440801279594 9.773758144750452 0
      vertex 1.556522927150297 9.82749898892162 0
    endloop
  endfacet
  facet normal 0.2027872953565131 0.9792228106217656 0
    outer loop
      vertex 1.8644440801279594 9.773758144750452 23
      vertex 2.1705252518955973 9.710371781290537 0
      vertex 1.8644440801279594 9.773758144750452 0
    endloop
  endfacet
  facet normal 0.23344536385590825 0.9723699203976759 0
    outer loop
      vertex 2.1705252518955973 9.710371781290537 23
      vertex 2.4744643772903054 9.637402453229878 0
      vertex 2.1705252518955973 9.710371781290537 0
    endloop
  endfacet
  facet normal 0.2638730499653717 0.9645574184577984 0
    outer loop
      vertex 2.4744643772903054 9.637402453229878 23
      vertex 2.7759615050903315 9.554922172485583 0
      vertex 2.4744643772903054 9.637402453229878 0
    endloop
  endfacet
  facet normal 0.29404032523230733 0.955793014798329 0
    outer loop
      vertex 2.7759615050903315 9.554922172485583 23
      vertex 3.0747190940307263 9.463012337136776 0
      vertex 2.7759615050903315 9.554922172485583 0
    endloop
  endfacet
  facet normal 0.35347484377925575 0.9354440308298678 0
    outer loop
      vertex 3.370442306440648 9.361763651094543 23
      vertex 3.6628392992125445 9.251276034588102 0
      vertex 3.370442306440648 9.361763651094543 0
    endloop
  endfacet
  facet normal 0.3239174181981448 0.9460853588275469 0
    outer loop
      vertex 3.0747190940307263 9.463012337136776 23
      vertex 3.370442306440648 9.361763651094543 0
      vertex 3.0747190940307263 9.463012337136776 0
    endloop
  endfacet
  facet normal 0.4954586684324056 0.8686315144381924 0
    outer loop
      vertex 4.793449057312066 8.719251466436441 23
      vertex 5.064962086716195 8.564383168689238 0
      vertex 4.793449057312066 8.719251466436441 0
    endloop
  endfacet
  facet normal 0.3826834323650916 0.923879532511286 0
    outer loop
      vertex 3.6628392992125445 9.251276034588102 23
      vertex 3.951621511816068 9.131658525555611 0
      vertex 3.6628392992125445 9.251276034588102 0
    endloop
  endfacet
  facet normal 0.4399391698559144 0.898027575760616 0
    outer loop
      vertex 4.236503951072473 9.003029172036893 23
      vertex 4.517205472408491 8.86551491567426 0
      vertex 4.236503951072473 9.003029172036893 0
    endloop
  endfacet
  facet normal 0.4115143586051105 0.9114032766354445 0
    outer loop
      vertex 3.951621511816068 9.131658525555611 23
      vertex 4.236503951072473 9.003029172036893 0
      vertex 3.951621511816068 9.131658525555611 0
    endloop
  endfacet
  facet normal 0.46792981426057556 0.8837656300886922 0
    outer loop
      vertex 4.517205472408491 8.86551491567426 23
      vertex 4.793449057312066 8.719251466436441 0
      vertex 4.517205472408491 8.86551491567426 0
    endloop
  endfacet
  facet normal 0.015707317311820075 0.9998766324816607 -1.415718214417249e-20
    outer loop
      vertex 0 9.95 23
      vertex 0.3125370528273761 9.945090275639028 23
      vertex 0.3125370528273761 9.945090275639028 0
    endloop
  endfacet
  facet normal 0.047106450709645475 0.9988898749619698 -3.91051183760466e-20
    outer loop
      vertex 0.3125370528273761 9.945090275639028 23
      vertex 0.6247656693166671 9.9303659478613 23
      vertex 0.6247656693166671 9.9303659478613 0
    endloop
  endfacet
  facet normal 0.07845909572784521 0.9969173337331279 -3.529698241684333e-20
    outer loop
      vertex 0.6247656693166671 9.9303659478613 23
      vertex 0.9363777175192184 9.905841547800645 23
      vertex 0.9363777175192184 9.905841547800645 0
    endloop
  endfacet
  facet normal 0.10973431109104272 0.99396095545518 -8.713704197015512e-20
    outer loop
      vertex 0.9363777175192184 9.905841547800645 23
      vertex 1.2470656739648276 9.871541278079054 23
      vertex 1.2470656739648276 9.871541278079054 0
    endloop
  endfacet
  facet normal 0.1409012319375804 0.9900236577165579 7.611914155315804e-20
    outer loop
      vertex 1.2470656739648276 9.871541278079054 23
      vertex 1.556522927150297 9.82749898892162 23
      vertex 1.556522927150297 9.82749898892162 0
    endloop
  endfacet
  facet normal 0.17192910027940975 0.9851093261547739 -3.4250577489526337e-20
    outer loop
      vertex 1.556522927150297 9.82749898892162 23
      vertex 1.8644440801279594 9.773758144750452 23
      vertex 1.8644440801279594 9.773758144750452 0
    endloop
  endfacet
  facet normal 0.2027872953565131 0.9792228106217656 1.0442160066813501e-19
    outer loop
      vertex 1.8644440801279594 9.773758144750452 23
      vertex 2.1705252518955973 9.710371781290537 23
      vertex 2.1705252518955973 9.710371781290537 0
    endloop
  endfacet
  facet normal 0.23344536385590825 0.9723699203976759 -1.9784510255730266e-19
    outer loop
      vertex 2.1705252518955973 9.710371781290537 23
      vertex 2.4744643772903054 9.637402453229878 23
      vertex 2.4744643772903054 9.637402453229878 0
    endloop
  endfacet
  facet normal 0 0 1
    outer loop
      vertex 0 8.75 23
      vertex 0.27484414193362217 8.745682403200151 23
      vertex 0 9.95 23
    endloop
  endfacet
  facet normal 0 0 1
    outer loop
      vertex 0.27484414193362217 8.745682403200151 23
      vertex 0.5494170458814912 8.732733873747376 23
      vertex 0.3125370528273761 9.945090275639028 23
    endloop
  endfacet
  facet normal 0 0 1
    outer loop
      vertex 0.27484414193362217 8.745682403200151 23
      vertex 0.3125370528273761 9.945090275639028 23
      vertex 0 9.95 23
    endloop
  endfacet
  facet normal 0 0 1
    outer loop
      vertex 0.5494170458814912 8.732733873747376 23
      vertex 0.6247656693166671 9.9303659478613 23
      vertex 0.3125370528273761 9.945090275639028 23
    endloop
  endfacet
  facet normal 0 0 1
    outer loop
      vertex 0.5494170458814912 8.732733873747376 23
      vertex 0.8234477415370012 8.71116719027695 23
      vertex 0.6247656693166671 9.9303659478613 23
    endloop
  endfacet
  facet normal 0 0 1
    outer loop
      vertex 1.0966657936876625 8.681003636501682 23
      vertex 0.9363777175192184 9.905841547800645 23
      vertex 0.8234477415370012 8.71116719027695 23
    endloop
  endfacet
  facet normal 0 0 1
    outer loop
      vertex 1.0966657936876625 8.681003636501682 23
      vertex 1.36880156910202 8.642272980207455 23
      vertex 1.2470656739648276 9.871541278079054 23
    endloop
  endfacet
  facet normal 0 0 1
    outer loop
      vertex 0.8234477415370012 8.71116719027695 23
      vertex 0.9363777175192184 9.905841547800645 23
      vertex 0.6247656693166671 9.9303659478613 23
    endloop
  endfacet
  facet normal 0 0 1
    outer loop
      vertex 1.0966657936876625 8.681003636501682 23
      vertex 1.2470656739648276 9.871541278079054 23
      vertex 0.9363777175192184 9.905841547800645 23
    endloop
  endfacet
  facet normal 0 0 1
    outer loop
      vertex 1.36880156910202 8.642272980207455 23
      vertex 1.63958650262509 8.595013443876026 23
      vertex 1.556522927150297 9.82749898892162 23
    endloop
  endfacet
  facet normal 0 0 1
    outer loop
      vertex 1.63958650262509 8.595013443876026 23
      vertex 1.9087533622197466 8.53927166696404 23
      vertex 1.8644440801279594 9.773758144750452 23
    endloop
  endfacet
  facet normal 0 0 1
    outer loop
      vertex 1.36880156910202 8.642272980207455 23
      vertex 1.556522927150297 9.82749898892162 23
      vertex 1.2470656739648276 9.871541278079054 23
    endloop
  endfacet
  facet normal 0 0 1
    outer loop
      vertex 1.63958650262509 8.595013443876026 23
      vertex 1.8644440801279594 9.773758144750452 23
      vertex 1.556522927150297 9.82749898892162 23
    endloop
  endfacet
  facet normal 0 0 1
    outer loop
      vertex 1.9087533622197466 8.53927166696404 23
      vertex 2.17603651269248 8.475102659875521 23
      vertex 2.1705252518955973 9.710371781290537 23
    endloop
  endfacet
  facet normal 0 0 1
    outer loop
      vertex 2.17603651269248 8.475102659875521 23
      vertex 2.4411721778432565 8.402569749673251 23
      vertex 2.1705252518955973 9.710371781290537 23
    endloop
  endfacet
  facet normal 0 0 1
    outer loop
      vertex 2.4411721778432565 8.402569749673251 23
      vertex 2.4744643772903054 9.637402453229878 23
      vertex 2.1705252518955973 9.710371781290537 23
    endloop
  endfacet
  facet normal 0 0 1
    outer loop
      vertex 1.9087533622197466 8.53927166696404 23
      vertex 2.1705252518955973 9.710371781290537 23
      vertex 1.8644440801279594 9.773758144750452 23
    endloop
  endfacet
  facet normal 0.2638730499653717 0.9645574184577984 1.9200915929193328e-19
    outer loop
      vertex 2.4744643772903054 9.637402453229878 23
      vertex 2.7759615050903315 9.554922172485583 23
      vertex 2.7759615050903315 9.554922172485583 0
    endloop
  endfacet
  facet normal 0.29404032523230733 0.955793014798329 -3.3690620463364136e-20
    outer loop
      vertex 2.7759615050903315 9.554922172485583 23
      vertex 3.0747190940307263 9.463012337136776 23
      vertex 3.0747190940307263 9.463012337136776 0
    endloop
  endfacet
  facet normal 0.35347484377925575 0.9354440308298678 0
    outer loop
      vertex 3.6628392992125445 9.251276034588102 23
      vertex 3.6628392992125445 9.251276034588102 0
      vertex 3.370442306440648 9.361763651094543 23
    endloop
  endfacet
  facet normal 0.3239174181981448 0.9460853588275469 -4.1758981219551267e-20
    outer loop
      vertex 3.0747190940307263 9.463012337136776 23
      vertex 3.370442306440648 9.361763651094543 23
      vertex 3.370442306440648 9.361763651094543 0
    endloop
  endfacet
  facet normal 0.4954586684324056 0.8686315144381924 -2.9382910787041114e-19
    outer loop
      vertex 4.793449057312066 8.719251466436441 23
      vertex 5.064962086716195 8.564383168689238 23
      vertex 5.064962086716195 8.564383168689238 0
    endloop
  endfacet
  facet normal 0.3826834323650916 0.923879532511286 -3.8496530530415566e-19
    outer loop
      vertex 3.6628392992125445 9.251276034588102 23
      vertex 3.951621511816068 9.131658525555611 23
      vertex 3.951621511816068 9.131658525555611 0
    endloop
  endfacet
  facet normal 0.4115143586051105 0.9114032766354445 -1.4815130789299855e-19
    outer loop
      vertex 3.951621511816068 9.131658525555611 23
      vertex 4.236503951072473 9.003029172036893 23
      vertex 4.236503951072473 9.003029172036893 0
    endloop
  endfacet
  facet normal 0.4399391698559144 0.898027575760616 3.488301104317058e-19
    outer loop
      vertex 4.236503951072473 9.003029172036893 23
      vertex 4.517205472408491 8.86551491567426 23
      vertex 4.517205472408491 8.86551491567426 0
    endloop
  endfacet
  facet normal 0.46792981426057556 0.8837656300886922 4.631125149117471e-19
    outer loop
      vertex 4.517205472408491 8.86551491567426 23
      vertex 4.793449057312066 8.719251466436441 23
      vertex 4.793449057312066 8.719251466436441 0
    endloop
  endfacet
  facet normal 0 0 1
    outer loop
      vertex 2.7038987007807895 8.321744517582593 23
      vertex 2.963956802146299 8.232706728349473 23
      vertex 2.7759615050903315 9.554922172485583 23
    endloop
  endfacet
  facet normal 0 0 1
    outer loop
      vertex 2.963956802146299 8.232706728349473 23
      vertex 3.2210898359909312 8.1355442515222 23
      vertex 3.0747190940307263 9.463012337136776 23
    endloop
  endfacet
  facet normal 0 0 1
    outer loop
      vertex 3.4750440430543312 8.030352974734836 23
      vertex 3.370442306440648 9.361763651094543 23
      vertex 3.2210898359909312 8.1355442515222 23
    endloop
  endfacet
  facet normal 0 0 1
    outer loop
      vertex 3.4750440430543312 8.030352974734836 23
      vertex 3.7255688011943864 7.91723670907767 23
      vertex 3.6628392992125445 9.251276034588102 23
    endloop
  endfacet
  facet normal 0 0 1
    outer loop
      vertex 2.4411721778432565 8.402569749673251 23
      vertex 2.7038987007807895 8.321744517582593 23
      vertex 2.4744643772903054 9.637402453229878 23
    endloop
  endfacet
  facet normal 0 0 1
    outer loop
      vertex 2.4744643772903054 9.637402453229878 23
      vertex 2.7038987007807895 8.321744517582593 23
      vertex 2.7759615050903315 9.554922172485583 23
    endloop
  endfacet
  facet normal 0 0 1
    outer loop
      vertex 2.963956802146299 8.232706728349473 23
      vertex 3.0747190940307263 9.463012337136776 23
      vertex 2.7759615050903315 9.554922172485583 23
    endloop
  endfacet
  facet normal 0 0 1
    outer loop
      vertex 3.2210898359909312 8.1355442515222 23
      vertex 3.370442306440648 9.361763651094543 23
      vertex 3.0747190940307263 9.463012337136776 23
    endloop
  endfacet
  facet normal 0 0 1
    outer loop
      vertex 3.4750440430543312 8.030352974734836 23
      vertex 3.6628392992125445 9.251276034588102 23
      vertex 3.370442306440648 9.361763651094543 23
    endloop
  endfacet
  facet normal 0 0 1
    outer loop
      vertex 4.215344648390008 7.667683450383806 23
      vertex 4.454112387815749 7.531492736284507 23
      vertex 4.236503951072473 9.003029172036893 23
    endloop
  endfacet
  facet normal 0 0 1
    outer loop
      vertex 3.7255688011943864 7.91723670907767 23
      vertex 3.9724168727210345 7.796307086648219 23
      vertex 3.951621511816068 9.131658525555611 23
    endloop
  endfacet
  facet normal 0 0 1
    outer loop
      vertex 3.9724168727210345 7.796307086648219 23
      vertex 4.215344648390008 7.667683450383806 23
      vertex 3.951621511816068 9.131658525555611 23
    endloop
  endfacet
  facet normal 0 0 1
    outer loop
      vertex 4.215344648390008 7.667683450383806 23
      vertex 4.236503951072473 9.003029172036893 23
      vertex 3.951621511816068 9.131658525555611 23
    endloop
  endfacet
  facet normal 0 0 1
    outer loop
      vertex 4.688484456066221 7.387869348142632 23
      vertex 4.517205472408491 8.86551491567426 23
      vertex 4.454112387815749 7.531492736284507 23
    endloop
  endfacet
  facet normal 0 0 1
    outer loop
      vertex 4.688484456066221 7.387869348142632 23
      vertex 4.918229556206143 7.236955024902416 23
      vertex 4.793449057312066 8.719251466436441 23
    endloop
  endfacet
  facet normal 0 0 1
    outer loop
      vertex 4.454112387815749 7.531492736284507 23
      vertex 4.517205472408491 8.86551491567426 23
      vertex 4.236503951072473 9.003029172036893 23
    endloop
  endfacet
  facet normal 0 0 1
    outer loop
      vertex 4.688484456066221 7.387869348142632 23
      vertex 4.793449057312066 8.719251466436441 23
      vertex 4.517205472408491 8.86551491567426 23
    endloop
  endfacet
  facet normal 0 0 1
    outer loop
      vertex 4.918229556206143 7.236955024902416 23
      vertex 5.064962086716195 8.564383168689238 23
      vertex 4.793449057312066 8.719251466436441 23
    endloop
  endfacet
  facet normal 0 0 1
    outer loop
      vertex 3.7255688011943864 7.91723670907767 23
      vertex 3.951621511816068 9.131658525555611 23
      vertex 3.6628392992125445 9.251276034588102 23
    endloop
  endfacet
  facet normal 0.9998766324816607 0.015707317311820054 0
    outer loop
      vertex 9.95 0 23
      vertex 9.95 0 0
      vertex 9.945090275639028 0.3125370528273765 0
    endloop
  endfacet
  facet normal 0.9988898749619699 0.047106450709645406 2.3485116710000116e-20
    outer loop
      vertex 9.9303659478613 0.624765669316668 0
      vertex 9.945090275639028 0.3125370528273765 23
      vertex 9.945090275639028 0.3125370528273765 0
    endloop
  endfacet
  facet normal 0.996917333733128 0.07845909572784567 0
    outer loop
      vertex 9.9303659478613 0.624765669316668 23
      vertex 9.9303659478613 0.624765669316668 0
      vertex 9.905841547800645 0.9363777175192175 0
    endloop
  endfacet
  facet normal 0.99396095545518 0.10973431109104317 -4.4678403380161206e-21
    outer loop
      vertex 9.871541278079054 1.2470656739648254 0
      vertex 9.905841547800645 0.9363777175192175 23
      vertex 9.905841547800645 0.9363777175192175 0
    endloop
  endfacet
  facet normal 0.990023657716558 0.14090123193757942 -1.2242488061359574e-17
    outer loop
      vertex 9.871541278079054 1.2470656739648254 0
      vertex 9.82749898892162 1.556522927150297 0
      vertex 9.871541278079054 1.2470656739648274 23
    endloop
  endfacet
  facet normal 0.985109326154774 0.17192910027940952 2.42256577854945e-20
    outer loop
      vertex 9.773758144750452 1.8644440801279598 0
      vertex 9.82749898892162 1.556522927150297 23
      vertex 9.82749898892162 1.556522927150297 0
    endloop
  endfacet
  facet normal 0.9792228106217656 0.2027872953565128 0
    outer loop
      vertex 9.773758144750452 1.8644440801279598 0
      vertex 9.710371781290537 2.170525251895598 0
      vertex 9.773758144750452 1.8644440801279598 23
    endloop
  endfacet
  facet normal 0.9723699203976758 0.23344536385590925 0
    outer loop
      vertex 9.710371781290537 2.170525251895598 23
      vertex 9.710371781290537 2.170525251895598 0
      vertex 9.637402453229878 2.474464377290305 0
    endloop
  endfacet
  facet normal 0.8686315144381916 0.4954586684324068 0
    outer loop
      vertex 8.719251466436441 4.793449057312067 23
      vertex 8.719251466436441 4.793449057312067 0
      vertex 8.564383168689238 5.064962086716195 0
    endloop
  endfacet
  facet normal 0.935444030829866 0.35347484377926075 0
    outer loop
      vertex 9.361763651094543 3.3704423064406495 23
      vertex 9.361763651094543 3.3704423064406495 0
      vertex 9.2512760345881 3.662839299212546 0
    endloop
  endfacet
  facet normal 0.9645574184577984 0.2638730499653717 0
    outer loop
      vertex 9.637402453229878 2.474464377290305 23
      vertex 9.637402453229878 2.474464377290305 0
      vertex 9.554922172485583 2.775961505090331 0
    endloop
  endfacet
  facet normal 0.9557930147983292 0.29404032523230694 0
    outer loop
      vertex 9.554922172485583 2.775961505090331 23
      vertex 9.554922172485583 2.775961505090331 0
      vertex 9.463012337136776 3.0747190940307263 0
    endloop
  endfacet
  facet normal 0.9460853588275474 0.3239174181981435 0
    outer loop
      vertex 9.463012337136776 3.0747190940307263 23
      vertex 9.463012337136776 3.0747190940307263 0
      vertex 9.361763651094543 3.3704423064406495 0
    endloop
  endfacet
  facet normal 0.8980275757606154 0.43993916985591563 -3.397778057798366e-17
    outer loop
      vertex 9.003029172036895 4.2365039510724705 0
      vertex 8.86551491567426 4.517205472408491 0
      vertex 9.003029172036895 4.236503951072472 23
    endloop
  endfacet
  facet normal 0.9238795325112865 0.3826834323650903 0
    outer loop
      vertex 9.2512760345881 3.662839299212546 23
      vertex 9.2512760345881 3.662839299212546 0
      vertex 9.131658525555611 3.9516215118160662 0
    endloop
  endfacet
  facet normal 0.9114032766354462 0.4115143586051068 2.3257436207403004e-19
    outer loop
      vertex 9.003029172036895 4.2365039510724705 0
      vertex 9.131658525555611 3.9516215118160662 23
      vertex 9.131658525555611 3.9516215118160662 0
    endloop
  endfacet
  facet normal 0.8837656300886928 0.46792981426057434 0
    outer loop
      vertex 8.86551491567426 4.517205472408491 23
      vertex 8.86551491567426 4.517205472408491 0
      vertex 8.719251466436441 4.793449057312067 0
    endloop
  endfacet
  facet normal 0.9998766324816607 0.015707317311820054 -8.071315598183102e-21
    outer loop
      vertex 9.95 0 23
      vertex 9.945090275639028 0.3125370528273765 0
      vertex 9.945090275639028 0.3125370528273765 23
    endloop
  endfacet
  facet normal 0.9988898749619699 0.047106450709645406 0
    outer loop
      vertex 9.9303659478613 0.624765669316668 0
      vertex 9.9303659478613 0.624765669316668 23
      vertex 9.945090275639028 0.3125370528273765 23
    endloop
  endfacet
  facet normal 0.996917333733128 0.07845909572784567 -8.034169639103986e-21
    outer loop
      vertex 9.9303659478613 0.624765669316668 23
      vertex 9.905841547800645 0.9363777175192175 0
      vertex 9.905841547800645 0.9363777175192175 23
    endloop
  endfacet
  facet normal 0.99396095545518 0.10973431109104248 -9.534487207668655e-18
    outer loop
      vertex 9.871541278079054 1.2470656739648254 0
      vertex 9.871541278079054 1.2470656739648274 23
      vertex 9.905841547800645 0.9363777175192175 23
    endloop
  endfacet
  facet normal 0.9900236577165579 0.1409012319375803 -7.768507827050505e-20
    outer loop
      vertex 9.871541278079054 1.2470656739648274 23
      vertex 9.82749898892162 1.556522927150297 0
      vertex 9.82749898892162 1.556522927150297 23
    endloop
  endfacet
  facet normal 0.985109326154774 0.17192910027940952 0
    outer loop
      vertex 9.773758144750452 1.8644440801279598 0
      vertex 9.773758144750452 1.8644440801279598 23
      vertex 9.82749898892162 1.556522927150297 23
    endloop
  endfacet
  facet normal 0.9792228106217656 0.2027872953565128 0
    outer loop
      vertex 9.710371781290537 2.170525251895598 0
      vertex 9.710371781290537 2.170525251895598 23
      vertex 9.773758144750452 1.8644440801279598 23
    endloop
  endfacet
  facet normal 0.9723699203976758 0.23344536385590925 0
    outer loop
      vertex 9.637402453229878 2.474464377290305 23
      vertex 9.710371781290537 2.170525251895598 23
      vertex 9.637402453229878 2.474464377290305 0
    endloop
  endfacet
  facet normal 0 0 1
    outer loop
      vertex 8.681003636501682 1.0966657936876623 23
      vertex 8.71116719027695 0.8234477415370003 23
      vertex 8.719251466436441 4.793449057312067 23
    endloop
  endfacet
  facet normal 0 0 1
    outer loop
      vertex 8.681003636501682 1.0966657936876623 23
      vertex 8.719251466436441 4.793449057312067 23
      vertex 8.642272980207455 1.36880156910202 23
    endloop
  endfacet
  facet normal 0 0 1
    outer loop
      vertex 8.86551491567426 -4.517205472408491 23
      vertex 8.719251466436441 4.793449057312067 23
      vertex 8.745682403200151 0.27484414193362255 23
    endloop
  endfacet
  facet normal 0 0 1
    outer loop
      vertex 9.361763651094543 -3.3704423064406512 23
      vertex 9.361763651094543 3.3704423064406495 23
      vertex 9.2512760345881 3.662839299212546 23
    endloop
  endfacet
  facet normal 0 0 1
    outer loop
      vertex 9.945090275639028 -0.3125370528273784 23
      vertex 9.95 0 23
      vertex 9.945090275639028 0.3125370528273765 23
    endloop
  endfacet
  facet normal 0 0 1
    outer loop
      vertex 9.945090275639028 -0.3125370528273784 23
      vertex 9.945090275639028 0.3125370528273765 23
      vertex 9.9303659478613 0.624765669316668 23
    endloop
  endfacet
  facet normal 0 0 1
    outer loop
      vertex 9.9303659478613 -0.6247656693166719 23
      vertex 9.9303659478613 0.624765669316668 23
      vertex 9.905841547800645 0.9363777175192175 23
    endloop
  endfacet
  facet normal 0 0 1
    outer loop
      vertex 9.905841547800645 -0.9363777175192135 23
      vertex 9.905841547800645 0.9363777175192175 23
      vertex 9.871541278079054 1.2470656739648274 23
    endloop
  endfacet
  facet normal 0 0 1
    outer loop
      vertex 9.871541278079054 -1.2470656739648254 23
      vertex 9.871541278079054 1.2470656739648274 23
      vertex 9.82749898892162 1.556522927150297 23
    endloop
  endfacet
  facet normal 0 0 1
    outer loop
      vertex 9.82749898892162 -1.556522927150297 23
      vertex 9.82749898892162 1.556522927150297 23
      vertex 9.773758144750452 1.8644440801279598 23
    endloop
  endfacet
  facet normal 0 0 1
    outer loop
      vertex 9.63740245322988 -2.4744643772903014 23
      vertex 9.637402453229878 2.474464377290305 23
      vertex 9.554922172485583 2.775961505090331 23
    endloop
  endfacet
  facet normal 0 0 1
    outer loop
      vertex 9.463012337136776 -3.0747190940307263 23
      vertex 9.463012337136776 3.0747190940307263 23
      vertex 9.361763651094543 3.3704423064406495 23
    endloop
  endfacet
  facet normal 0 0 1
    outer loop
      vertex 9.554922172485584 -2.775961505090329 23
      vertex 9.554922172485583 2.775961505090331 23
      vertex 9.463012337136776 3.0747190940307263 23
    endloop
  endfacet
  facet normal 0 0 1
    outer loop
      vertex 9.77375814475045 -1.8644440801279618 23
      vertex 9.773758144750452 1.8644440801279598 23
      vertex 9.710371781290537 2.170525251895598 23
    endloop
  endfacet
  facet normal 0 0 1
    outer loop
      vertex 9.710371781290535 -2.1705252518956017 23
      vertex 9.710371781290537 2.170525251895598 23
      vertex 9.637402453229878 2.474464377290305 23
    endloop
  endfacet
  facet normal 0 0 1
    outer loop
      vertex 9.003029172036895 -4.2365039510724705 23
      vertex 9.003029172036895 4.236503951072472 23
      vertex 8.86551491567426 4.517205472408491 23
    endloop
  endfacet
  facet normal 0 0 1
    outer loop
      vertex 8.86551491567426 -4.517205472408491 23
      vertex 8.86551491567426 4.517205472408491 23
      vertex 8.719251466436441 4.793449057312067 23
    endloop
  endfacet
  facet normal 0 0 1
    outer loop
      vertex 9.131658525555613 -3.9516215118160636 23
      vertex 9.131658525555611 3.9516215118160662 23
      vertex 9.003029172036895 4.236503951072472 23
    endloop
  endfacet
  facet normal 0 0 1
    outer loop
      vertex 9.251276034588098 -3.6628392992125494 23
      vertex 9.2512760345881 3.662839299212546 23
      vertex 9.131658525555611 3.9516215118160662 23
    endloop
  endfacet
  facet normal 0 0 1
    outer loop
      vertex 8.745682403200151 0.27484414193362255 23
      vertex 8.719251466436441 4.793449057312067 23
      vertex 8.732733873747376 0.549417045881492 23
    endloop
  endfacet
  facet normal 0 0 1
    outer loop
      vertex 8.732733873747376 0.549417045881492 23
      vertex 8.719251466436441 4.793449057312067 23
      vertex 8.71116719027695 0.8234477415370003 23
    endloop
  endfacet
  facet normal 0.8686315144381916 0.4954586684324068 -4.645284128422094e-19
    outer loop
      vertex 8.719251466436441 4.793449057312067 23
      vertex 8.564383168689238 5.064962086716195 0
      vertex 8.564383168689238 5.064962086716195 23
    endloop
  endfacet
  facet normal 0.935444030829866 0.35347484377926075 0
    outer loop
      vertex 9.2512760345881 3.662839299212546 23
      vertex 9.361763651094543 3.3704423064406495 23
      vertex 9.2512760345881 3.662839299212546 0
    endloop
  endfacet
  facet normal 0.9645574184577984 0.2638730499653717 1.9200915929193328e-19
    outer loop
      vertex 9.637402453229878 2.474464377290305 23
      vertex 9.554922172485583 2.775961505090331 0
      vertex 9.554922172485583 2.775961505090331 23
    endloop
  endfacet
  facet normal 0.9557930147983292 0.29404032523230694 7.997888624715709e-20
    outer loop
      vertex 9.554922172485583 2.775961505090331 23
      vertex 9.463012337136776 3.0747190940307263 0
      vertex 9.463012337136776 3.0747190940307263 23
    endloop
  endfacet
  facet normal 0.9460853588275474 0.3239174181981435 1.6395180836222188e-20
    outer loop
      vertex 9.463012337136776 3.0747190940307263 23
      vertex 9.361763651094543 3.3704423064406495 0
      vertex 9.361763651094543 3.3704423064406495 23
    endloop
  endfacet
  facet normal 0.9238795325112865 0.3826834323650903 1.1392589664661199e-19
    outer loop
      vertex 9.2512760345881 3.662839299212546 23
      vertex 9.131658525555611 3.9516215118160662 0
      vertex 9.131658525555611 3.9516215118160662 23
    endloop
  endfacet
  facet normal 0.9114032766354471 0.41151435860510466 -3.178244980085152e-17
    outer loop
      vertex 9.003029172036895 4.2365039510724705 0
      vertex 9.003029172036895 4.236503951072472 23
      vertex 9.131658525555611 3.9516215118160662 23
    endloop
  endfacet
  facet normal 0.8980275757606144 0.4399391698559179 -9.651669893753036e-20
    outer loop
      vertex 9.003029172036895 4.236503951072472 23
      vertex 8.86551491567426 4.517205472408491 0
      vertex 8.86551491567426 4.517205472408491 23
    endloop
  endfacet
  facet normal 0.8837656300886928 0.46792981426057434 -2.3347704630967476e-19
    outer loop
      vertex 8.86551491567426 4.517205472408491 23
      vertex 8.719251466436441 4.793449057312067 0
      vertex 8.719251466436441 4.793449057312067 23
    endloop
  endfacet
  facet normal 0 0 1
    outer loop
      vertex 8.642272980207455 1.36880156910202 23
      vertex 8.564383168689238 5.064962086716195 23
      vertex 8.595013443876026 1.6395865026250904 23
    endloop
  endfacet
  facet normal 0 0 1
    outer loop
      vertex 8.53927166696404 1.9087533622197472 23
      vertex 8.564383168689238 5.064962086716195 23
      vertex 8.475102659875521 2.1760365126924794 23
    endloop
  endfacet
  facet normal 0 0 1
    outer loop
      vertex 8.595013443876026 1.6395865026250904 23
      vertex 8.564383168689238 5.064962086716195 23
      vertex 8.53927166696404 1.9087533622197472 23
    endloop
  endfacet
  facet normal 0 0 1
    outer loop
      vertex 8.402569749673251 2.441172177843256 23
      vertex 8.40106285874505 5.331476610041016 23
      vertex 8.321744517582593 2.7038987007807895 23
    endloop
  endfacet
  facet normal 0 0 1
    outer loop
      vertex 8.475102659875521 2.1760365126924794 23
      vertex 8.40106285874505 5.331476610041016 23
      vertex 8.402569749673251 2.441172177843256 23
    endloop
  endfacet
  facet normal 0 0 1
    outer loop
      vertex 8.030352974734836 3.47504404305433 23
      vertex 8.1355442515222 3.221089835990932 23
      vertex 8.049719094030726 5.848463260310107 23
    endloop
  endfacet
  facet normal 0 0 1
    outer loop
      vertex 7.917236709077671 3.725568801194386 23
      vertex 8.030352974734836 3.47504404305433 23
      vertex 8.049719094030726 5.848463260310107 23
    endloop
  endfacet
  facet normal 0 0 1
    outer loop
      vertex 7.667683450383806 4.215344648390009 23
      vertex 7.796307086648219 3.9724168727210345 23
      vertex 7.666606765619101 6.342368697999462 23
    endloop
  endfacet
  facet normal 0 0 1
    outer loop
      vertex 7.917236709077671 3.725568801194386 23
      vertex 7.862042373138119 6.098425183847114 23
      vertex 7.796307086648219 3.9724168727210345 23
    endloop
  endfacet
  facet normal 0 0 1
    outer loop
      vertex 8.232706728349473 2.9639568021463 23
      vertex 8.229451714031889 5.592729609628699 23
      vertex 8.1355442515222 3.221089835990932 23
    endloop
  endfacet
  facet normal 0 0 1
    outer loop
      vertex 8.321744517582593 2.7038987007807895 23
      vertex 8.229451714031889 5.592729609628699 23
      vertex 8.232706728349473 2.9639568021463 23
    endloop
  endfacet
  facet normal 0 0 1
    outer loop
      vertex 8.642272980207455 1.36880156910202 23
      vertex 8.719251466436441 4.793449057312067 23
      vertex 8.564383168689238 5.064962086716195 23
    endloop
  endfacet
  facet normal 0 0 1
    outer loop
      vertex 8.475102659875521 2.1760365126924794 23
      vertex 8.564383168689238 5.064962086716195 23
      vertex 8.40106285874505 5.331476610041016 23
    endloop
  endfacet
  facet normal 0 0 1
    outer loop
      vertex 8.321744517582593 2.7038987007807895 23
      vertex 8.40106285874505 5.331476610041016 23
      vertex 8.229451714031889 5.592729609628699 23
    endloop
  endfacet
  facet normal 0 0 1
    outer loop
      vertex 8.1355442515222 3.221089835990932 23
      vertex 8.229451714031889 5.592729609628699 23
      vertex 8.049719094030726 5.848463260310107 23
    endloop
  endfacet
  facet normal 0.6730125135097742 0.7396310949786089 -2.1585923157760672e-19
    outer loop
      vertex 6.811243703990453 7.253237842843043 0
      vertex 6.580053059970335 7.463605142823073 0
      vertex 6.580053059970335 7.463605142823073 23
    endloop
  endfacet
  facet normal 0.7396310949786117 0.6730125135097711 -3.7489677286147213e-20
    outer loop
      vertex 7.253237842843045 6.811243703990453 0
      vertex 7.463605142823073 6.580053059970335 23
      vertex 7.463605142823073 6.580053059970335 0
    endloop
  endfacet
  facet normal 0.695912796592311 0.718126297763192 -5.546298089499248e-17
    outer loop
      vertex 6.811243703990453 7.253237842843043 0
      vertex 6.811243703990453 7.253237842843045 23
      vertex 7.035712472806148 7.035712472806148 0
    endloop
  endfacet
  facet normal 0.7181262977631893 0.695912796592314 0
    outer loop
      vertex 7.253237842843045 6.811243703990453 0
      vertex 7.035712472806148 7.035712472806148 0
      vertex 7.253237842843045 6.811243703990453 23
    endloop
  endfacet
  facet normal 0.5224985647159512 0.8526401643540907 3.814355719286627e-19
    outer loop
      vertex 5.331476610041016 8.401062858745048 0
      vertex 5.064962086716195 8.564383168689238 0
      vertex 5.064962086716195 8.564383168689238 23
    endloop
  endfacet
  facet normal 0.5490228179981308 0.8358073613682707 -6.455183142554801e-17
    outer loop
      vertex 5.331476610041016 8.401062858745048 0
      vertex 5.331476610041016 8.40106285874505 23
      vertex 5.592729609628699 8.229451714031889 0
    endloop
  endfacet
  facet normal 0.6004202253258846 0.7996846584870902 0
    outer loop
      vertex 5.848463260310107 8.049719094030726 23
      vertex 6.098425183847114 7.862042373138119 0
      vertex 5.848463260310107 8.049719094030726 0
    endloop
  endfacet
  facet normal 0.6252426563357062 0.780430407338329 0
    outer loop
      vertex 6.098425183847114 7.862042373138119 23
      vertex 6.342368697999462 7.666606765619101 0
      vertex 6.098425183847114 7.862042373138119 0
    endloop
  endfacet
  facet normal 0.5750052520432771 0.8181497174250244 0
    outer loop
      vertex 5.592729609628699 8.229451714031889 23
      vertex 5.848463260310107 8.049719094030726 0
      vertex 5.592729609628699 8.229451714031889 0
    endloop
  endfacet
  facet normal 0.6494480483301817 0.7604059656000327 0
    outer loop
      vertex 6.342368697999462 7.666606765619101 23
      vertex 6.580053059970335 7.463605142823073 0
      vertex 6.342368697999462 7.666606765619101 0
    endloop
  endfacet
  facet normal 0.780430407338329 0.6252426563357062 0
    outer loop
      vertex 7.862042373138119 6.098425183847114 23
      vertex 7.862042373138119 6.098425183847114 0
      vertex 7.666606765619101 6.342368697999462 0
    endloop
  endfacet
  facet normal 0.7996846584870902 0.6004202253258846 0
    outer loop
      vertex 8.049719094030726 5.848463260310107 23
      vertex 8.049719094030726 5.848463260310107 0
      vertex 7.862042373138119 6.098425183847114 0
    endloop
  endfacet
  facet normal 0.8358073613682708 0.5490228179981309 -6.360394159159427e-17
    outer loop
      vertex 8.40106285874505 5.331476610041016 23
      vertex 8.40106285874505 5.331476610041014 0
      vertex 8.229451714031889 5.592729609628699 0
    endloop
  endfacet
  facet normal 0.852640164354091 0.5224985647159509 3.261472829423655e-19
    outer loop
      vertex 8.40106285874505 5.331476610041014 0
      vertex 8.564383168689238 5.064962086716195 23
      vertex 8.564383168689238 5.064962086716195 0
    endloop
  endfacet
  facet normal 0.8181497174250244 0.5750052520432771 0
    outer loop
      vertex 8.229451714031889 5.592729609628699 23
      vertex 8.229451714031889 5.592729609628699 0
      vertex 8.049719094030726 5.848463260310107 0
    endloop
  endfacet
  facet normal 0.7604059656000327 0.6494480483301817 0
    outer loop
      vertex 7.666606765619101 6.342368697999462 23
      vertex 7.666606765619101 6.342368697999462 0
      vertex 7.463605142823073 6.580053059970335 0
    endloop
  endfacet
  facet normal 0.6730125135097711 0.7396310949786117 -5.712385887818927e-17
    outer loop
      vertex 6.811243703990453 7.253237842843043 0
      vertex 6.580053059970335 7.463605142823073 23
      vertex 6.811243703990453 7.253237842843045 23
    endloop
  endfacet
  facet normal 0.7396310949786117 0.6730125135097711 0
    outer loop
      vertex 7.253237842843045 6.811243703990453 0
      vertex 7.253237842843045 6.811243703990453 23
      vertex 7.463605142823073 6.580053059970335 23
    endloop
  endfacet
  facet normal 0.695912796592314 0.7181262977631893 -2.2233877814735513e-19
    outer loop
      vertex 6.811243703990453 7.253237842843045 23
      vertex 7.035712472806148 7.035712472806148 23
      vertex 7.035712472806148 7.035712472806148 0
    endloop
  endfacet
  facet normal 0.7181262977631893 0.695912796592314 -2.2233877814735513e-19
    outer loop
      vertex 7.253237842843045 6.811243703990453 23
      vertex 7.035712472806148 7.035712472806148 0
      vertex 7.035712472806148 7.035712472806148 23
    endloop
  endfacet
  facet normal 0 0 1
    outer loop
      vertex 5.577459910301036 6.741990874288155 23
      vertex 5.592729609628699 8.229451714031889 23
      vertex 5.362936719463543 6.913856358287291 23
    endloop
  endfacet
  facet normal 0 0 1
    outer loop
      vertex 6.187184335382291 6.187184335382291 23
      vertex 6.098425183847114 7.862042373138119 23
      vertex 5.9897871768760265 6.378475489937351 23
    endloop
  endfacet
  facet normal 0 0 1
    outer loop
      vertex 5.786478821581953 6.563471859266522 23
      vertex 5.9897871768760265 6.378475489937351 23
      vertex 5.848463260310107 8.049719094030726 23
    endloop
  endfacet
  facet normal 0 0 1
    outer loop
      vertex 5.577459910301036 6.741990874288155 23
      vertex 5.786478821581953 6.563471859266522 23
      vertex 5.592729609628699 8.229451714031889 23
    endloop
  endfacet
  facet normal 0 0 1
    outer loop
      vertex 5.9897871768760265 6.378475489937351 23
      vertex 6.098425183847114 7.862042373138119 23
      vertex 5.848463260310107 8.049719094030726 23
    endloop
  endfacet
  facet normal 0 0 1
    outer loop
      vertex 6.187184335382291 6.187184335382291 23
      vertex 6.342368697999462 7.666606765619101 23
      vertex 6.098425183847114 7.862042373138119 23
    endloop
  endfacet
  facet normal 0 0 1
    outer loop
      vertex 6.741990874288155 5.577459910301036 23
      vertex 6.913856358287291 5.362936719463543 23
      vertex 6.811243703990453 7.253237842843045 23
    endloop
  endfacet
  facet normal 0 0 1
    outer loop
      vertex 7.387869348142632 4.688484456066221 23
      vertex 7.531492736284507 4.454112387815749 23
      vertex 7.463605142823073 6.580053059970335 23
    endloop
  endfacet
  facet normal 0 0 1
    outer loop
      vertex 7.236955024902416 4.918229556206143 23
      vertex 7.387869348142632 4.688484456066221 23
      vertex 7.253237842843045 6.811243703990453 23
    endloop
  endfacet
  facet normal 0 0 1
    outer loop
      vertex 7.07889870078079 5.14312095755914 23
      vertex 7.035712472806148 7.035712472806148 23
      vertex 6.913856358287291 5.362936719463543 23
    endloop
  endfacet
  facet normal 0 0 1
    outer loop
      vertex 7.236955024902416 4.918229556206143 23
      vertex 7.253237842843045 6.811243703990453 23
      vertex 7.07889870078079 5.14312095755914 23
    endloop
  endfacet
  facet normal 0 0 1
    outer loop
      vertex 7.387869348142632 4.688484456066221 23
      vertex 7.463605142823073 6.580053059970335 23
      vertex 7.253237842843045 6.811243703990453 23
    endloop
  endfacet
  facet normal 0 0 1
    outer loop
      vertex 6.378475489937351 5.9897871768760265 23
      vertex 6.563471859266522 5.786478821581953 23
      vertex 6.580053059970335 7.463605142823073 23
    endloop
  endfacet
  facet normal 0 0 1
    outer loop
      vertex 6.187184335382291 6.187184335382291 23
      vertex 6.378475489937351 5.9897871768760265 23
      vertex 6.342368697999462 7.666606765619101 23
    endloop
  endfacet
  facet normal 0 0 1
    outer loop
      vertex 6.741990874288155 5.577459910301036 23
      vertex 6.580053059970335 7.463605142823073 23
      vertex 6.563471859266522 5.786478821581953 23
    endloop
  endfacet
  facet normal 0 0 1
    outer loop
      vertex 6.741990874288155 5.577459910301036 23
      vertex 6.811243703990453 7.253237842843045 23
      vertex 6.580053059970335 7.463605142823073 23
    endloop
  endfacet
  facet normal 0 0 1
    outer loop
      vertex 6.378475489937351 5.9897871768760265 23
      vertex 6.580053059970335 7.463605142823073 23
      vertex 6.342368697999462 7.666606765619101 23
    endloop
  endfacet
  facet normal 0 0 1
    outer loop
      vertex 7.07889870078079 5.14312095755914 23
      vertex 7.253237842843045 6.811243703990453 23
      vertex 7.035712472806148 7.035712472806148 23
    endloop
  endfacet
  facet normal 0 0 1
    outer loop
      vertex 6.913856358287291 5.362936719463543 23
      vertex 7.035712472806148 7.035712472806148 23
      vertex 6.811243703990453 7.253237842843045 23
    endloop
  endfacet
  facet normal 0.5224985647159471 0.8526401643540933 -6.585187771729336e-17
    outer loop
      vertex 5.331476610041016 8.401062858745048 0
      vertex 5.064962086716195 8.564383168689238 23
      vertex 5.331476610041016 8.40106285874505 23
    endloop
  endfacet
  facet normal 0.5490228179981348 0.8358073613682682 0
    outer loop
      vertex 5.592729609628699 8.229451714031889 23
      vertex 5.592729609628699 8.229451714031889 0
      vertex 5.331476610041016 8.40106285874505 23
    endloop
  endfacet
  facet normal 0.6004202253258846 0.7996846584870902 -2.397746529776877e-19
    outer loop
      vertex 5.848463260310107 8.049719094030726 23
      vertex 6.098425183847114 7.862042373138119 23
      vertex 6.098425183847114 7.862042373138119 0
    endloop
  endfacet
  facet normal 0.5750052520432771 0.8181497174250244 -4.765077990828683e-19
    outer loop
      vertex 5.592729609628699 8.229451714031889 23
      vertex 5.848463260310107 8.049719094030726 23
      vertex 5.848463260310107 8.049719094030726 0
    endloop
  endfacet
  facet normal 0.6252426563357062 0.780430407338329 -1.837764217708705e-19
    outer loop
      vertex 6.098425183847114 7.862042373138119 23
      vertex 6.342368697999462 7.666606765619101 23
      vertex 6.342368697999462 7.666606765619101 0
    endloop
  endfacet
  facet normal 0.6494480483301817 0.7604059656000327 4.1703486082401844e-19
    outer loop
      vertex 6.342368697999462 7.666606765619101 23
      vertex 6.580053059970335 7.463605142823073 23
      vertex 6.580053059970335 7.463605142823073 0
    endloop
  endfacet
  facet normal 0 0 1
    outer loop
      vertex 4.918229556206143 7.236955024902416 23
      vertex 5.14312095755914 7.07889870078079 23
      vertex 5.064962086716195 8.564383168689238 23
    endloop
  endfacet
  facet normal 0 0 1
    outer loop
      vertex 5.14312095755914 7.07889870078079 23
      vertex 5.362936719463543 6.913856358287291 23
      vertex 5.331476610041016 8.40106285874505 23
    endloop
  endfacet
  facet normal 0 0 1
    outer loop
      vertex 5.14312095755914 7.07889870078079 23
      vertex 5.331476610041016 8.40106285874505 23
      vertex 5.064962086716195 8.564383168689238 23
    endloop
  endfacet
  facet normal 0 0 1
    outer loop
      vertex 5.362936719463543 6.913856358287291 23
      vertex 5.592729609628699 8.229451714031889 23
      vertex 5.331476610041016 8.40106285874505 23
    endloop
  endfacet
  facet normal 0 0 1
    outer loop
      vertex 5.786478821581953 6.563471859266522 23
      vertex 5.848463260310107 8.049719094030726 23
      vertex 5.592729609628699 8.229451714031889 23
    endloop
  endfacet
  facet normal 0.7996846584870902 0.6004202253258846 -2.397746529776877e-19
    outer loop
      vertex 8.049719094030726 5.848463260310107 23
      vertex 7.862042373138119 6.098425183847114 0
      vertex 7.862042373138119 6.098425183847114 23
    endloop
  endfacet
  facet normal 0.8358073613682682 0.5490228179981348 0
    outer loop
      vertex 8.229451714031889 5.592729609628699 23
      vertex 8.40106285874505 5.331476610041016 23
      vertex 8.229451714031889 5.592729609628699 0
    endloop
  endfacet
  facet normal 0.8526401643540933 0.5224985647159471 -6.053112384847742e-17
    outer loop
      vertex 8.40106285874505 5.331476610041014 0
      vertex 8.40106285874505 5.331476610041016 23
      vertex 8.564383168689238 5.064962086716195 23
    endloop
  endfacet
  facet normal 0.8181497174250244 0.5750052520432771 0
    outer loop
      vertex 8.049719094030726 5.848463260310107 23
      vertex 8.229451714031889 5.592729609628699 23
      vertex 8.049719094030726 5.848463260310107 0
    endloop
  endfacet
  facet normal 0.7604059656000327 0.6494480483301817 4.1703486082401844e-19
    outer loop
      vertex 7.666606765619101 6.342368697999462 23
      vertex 7.463605142823073 6.580053059970335 0
      vertex 7.463605142823073 6.580053059970335 23
    endloop
  endfacet
  facet normal 0.780430407338329 0.6252426563357062 -1.837764217708705e-19
    outer loop
      vertex 7.862042373138119 6.098425183847114 23
      vertex 7.666606765619101 6.342368697999462 0
      vertex 7.666606765619101 6.342368697999462 23
    endloop
  endfacet
  facet normal 0 0 1
    outer loop
      vertex 7.667683450383806 4.215344648390009 23
      vertex 7.666606765619101 6.342368697999462 23
      vertex 7.531492736284507 4.454112387815749 23
    endloop
  endfacet
  facet normal 0 0 1
    outer loop
      vertex 7.917236709077671 3.725568801194386 23
      vertex 8.049719094030726 5.848463260310107 23
      vertex 7.862042373138119 6.098425183847114 23
    endloop
  endfacet
  facet normal 0 0 1
    outer loop
      vertex 7.796307086648219 3.9724168727210345 23
      vertex 7.862042373138119 6.098425183847114 23
      vertex 7.666606765619101 6.342368697999462 23
    endloop
  endfacet
  facet normal 0 0 1
    outer loop
      vertex 7.531492736284507 4.454112387815749 23
      vertex 7.666606765619101 6.342368697999462 23
      vertex 7.463605142823073 6.580053059970335 23
    endloop
  endfacet
  facet normal 0.7996846584870881 0.6004202253258871 0
    outer loop
      vertex -6.913856358287289 -5.362936719463546 -10
      vertex -6.913856358287289 -5.362936719463546 -23
      vertex -7.07889870078079 -5.14312095755914 -23
    endloop
  endfacet
  facet normal 0.7604059656000297 0.6494480483301852 0
    outer loop
      vertex -6.5634718592665235 -5.786478821581951 -10
      vertex -6.5634718592665235 -5.786478821581951 -23
      vertex -6.741990874288154 -5.577459910301037 -23
    endloop
  endfacet
  facet normal 0.7396310949786103 0.6730125135097726 0
    outer loop
      vertex -6.378475489937352 -5.989787176876025 -10
      vertex -6.378475489937352 -5.989787176876025 -23
      vertex -6.5634718592665235 -5.786478821581951 -23
    endloop
  endfacet
  facet normal 0.7181262977631898 0.6959127965923133 0
    outer loop
      vertex -6.187184335382291 -6.187184335382291 -10
      vertex -6.187184335382291 -6.187184335382291 -23
      vertex -6.378475489937352 -5.989787176876025 -23
    endloop
  endfacet
  facet normal 0.7804304073383316 0.6252426563357029 0
    outer loop
      vertex -6.741990874288154 -5.577459910301037 -10
      vertex -6.741990874288154 -5.577459910301037 -23
      vertex -6.913856358287289 -5.362936719463546 -23
    endloop
  endfacet
  facet normal 0.6959127965923133 0.7181262977631898 0
    outer loop
      vertex -5.989787176876025 -6.378475489937352 -10
      vertex -5.989787176876025 -6.378475489937352 -23
      vertex -6.187184335382291 -6.187184335382291 -23
    endloop
  endfacet
  facet normal 0.6494480483301852 0.7604059656000297 0
    outer loop
      vertex -5.577459910301037 -6.741990874288154 -10
      vertex -5.577459910301037 -6.741990874288154 -23
      vertex -5.786478821581951 -6.5634718592665235 -23
    endloop
  endfacet
  facet normal 0.6730125135097726 0.7396310949786103 0
    outer loop
      vertex -5.786478821581951 -6.5634718592665235 -10
      vertex -5.786478821581951 -6.5634718592665235 -23
      vertex -5.989787176876025 -6.378475489937352 -23
    endloop
  endfacet
  facet normal 0.6252426563357029 0.7804304073383316 0
    outer loop
      vertex -5.362936719463546 -6.913856358287289 -10
      vertex -5.362936719463546 -6.913856358287289 -23
      vertex -5.577459910301037 -6.741990874288154 -23
    endloop
  endfacet
  facet normal 0.6004202253258871 0.7996846584870881 2.842582611639445e-17
    outer loop
      vertex -5.1583077929940115 -7.06749610219769 -10
      vertex -5.14312095755914 -7.07889870078079 -23
      vertex -5.362936719463546 -6.913856358287289 -23
    endloop
  endfacet
  facet normal 0.818149717425024 0.575005252043278 4.55263529019238e-19
    outer loop
      vertex -7.07889870078079 -5.14312095755914 -23
      vertex -7.236955024902417 -4.918229556206142 -23
      vertex -7.236955024902417 -4.918229556206142 0
    endloop
  endfacet
  facet normal 0.7804304073383316 0.6252426563357029 -6.812321162729189e-20
    outer loop
      vertex -6.741990874288154 -5.577459910301037 -10
      vertex -6.913856358287289 -5.362936719463546 -23
      vertex -6.913856358287289 -5.362936719463546 -10
    endloop
  endfacet
  facet normal 0.7996846584870874 0.6004202253258883 2.951404107233548e-17
    outer loop
      vertex -6.913856358287289 -5.362936719463546 -10
      vertex -7.07889870078079 -5.14312095755914 -23
      vertex -7.06749610219769 -5.1583077929940115 -10
    endloop
  endfacet
  facet normal 0.7996846584870999 0.6004202253258716 0
    outer loop
      vertex -7.06749610219769 -5.1583077929940115 -7.3
      vertex -7.06749610219769 -5.1583077929940115 -10
      vertex -7.07889870078079 -5.14312095755914 -23
    endloop
  endfacet
  facet normal 0.7604059656000297 0.6494480483301852 -6.596007278587229e-19
    outer loop
      vertex -6.5634718592665235 -5.786478821581951 -10
      vertex -6.741990874288154 -5.577459910301037 -23
      vertex -6.741990874288154 -5.577459910301037 -10
    endloop
  endfacet
  facet normal 0.7181262977631898 0.6959127965923133 3.633802258384797e-20
    outer loop
      vertex -6.187184335382291 -6.187184335382291 -10
      vertex -6.378475489937352 -5.989787176876025 -23
      vertex -6.378475489937352 -5.989787176876025 -10
    endloop
  endfacet
  facet normal 0.7396310949786103 0.6730125135097726 -4.585179001928479e-19
    outer loop
      vertex -6.378475489937352 -5.989787176876025 -10
      vertex -6.5634718592665235 -5.786478821581951 -23
      vertex -6.5634718592665235 -5.786478821581951 -10
    endloop
  endfacet
  facet normal 0.575005252043278 0.818149717425024 0
    outer loop
      vertex -4.918229556206142 -7.236955024902417 -23
      vertex -5.14312095755914 -7.07889870078079 -23
      vertex -4.918229556206142 -7.236955024902417 0
    endloop
  endfacet
  facet normal 0.6959127965923133 0.7181262977631898 3.633802258384797e-20
    outer loop
      vertex -5.989787176876025 -6.378475489937352 -10
      vertex -6.187184335382291 -6.187184335382291 -23
      vertex -6.187184335382291 -6.187184335382291 -10
    endloop
  endfacet
  facet normal 0.6730125135097726 0.7396310949786103 -4.585179001928479e-19
    outer loop
      vertex -5.786478821581951 -6.5634718592665235 -10
      vertex -5.989787176876025 -6.378475489937352 -23
      vertex -5.989787176876025 -6.378475489937352 -10
    endloop
  endfacet
  facet normal 0.6494480483301852 0.7604059656000297 -6.596007278587229e-19
    outer loop
      vertex -5.577459910301037 -6.741990874288154 -10
      vertex -5.786478821581951 -6.5634718592665235 -23
      vertex -5.786478821581951 -6.5634718592665235 -10
    endloop
  endfacet
  facet normal 0.6004202253258883 0.7996846584870874 3.3662900554146513e-20
    outer loop
      vertex -5.1583077929940115 -7.06749610219769 -10
      vertex -5.362936719463546 -6.913856358287289 -23
      vertex -5.362936719463546 -6.913856358287289 -10
    endloop
  endfacet
  facet normal 0.6004202253258716 0.7996846584870999 0
    outer loop
      vertex -5.1583077929940115 -7.06749610219769 -7.3
      vertex -5.14312095755914 -7.07889870078079 -23
      vertex -5.1583077929940115 -7.06749610219769 -10
    endloop
  endfacet
  facet normal 0.6252426563357029 0.7804304073383316 -6.812321162729189e-20
    outer loop
      vertex -5.362936719463546 -6.913856358287289 -10
      vertex -5.577459910301037 -6.741990874288154 -23
      vertex -5.577459910301037 -6.741990874288154 -10
    endloop
  endfacet
  facet normal 0.7996846584870998 0.6004202253258716 3.0924029759668453e-20
    outer loop
      vertex -7.06749610219769 -5.1583077929940115 -7.3
      vertex -7.07889870078079 -5.14312095755914 -23
      vertex -7.07889870078079 -5.14312095755914 0
    endloop
  endfacet
  facet normal 0.818149717425024 0.575005252043278 0
    outer loop
      vertex -7.07889870078079 -5.14312095755914 -23
      vertex -7.236955024902417 -4.918229556206142 0
      vertex -7.07889870078079 -5.14312095755914 0
    endloop
  endfacet
  facet normal 0.6004202253258716 0.7996846584870998 3.0924029759668453e-20
    outer loop
      vertex -5.1583077929940115 -7.06749610219769 -7.3
      vertex -5.14312095755914 -7.07889870078079 0
      vertex -5.14312095755914 -7.07889870078079 -23
    endloop
  endfacet
  facet normal 0.575005252043278 0.818149717425024 0
    outer loop
      vertex -5.14312095755914 -7.07889870078079 -23
      vertex -5.14312095755914 -7.07889870078079 0
      vertex -4.918229556206142 -7.236955024902417 0
    endloop
  endfacet
  facet normal 0.7996846584870873 0.6004202253258883 0
    outer loop
      vertex -6.913856358287289 -5.362936719463546 -7.3
      vertex -7.06749610219769 -5.1583077929940115 -7.3
      vertex -6.913856358287289 -5.362936719463546 0
    endloop
  endfacet
  facet normal 0.7604059656000296 0.6494480483301852 3.851704909608102e-17
    outer loop
      vertex -6.5634718592665235 -5.786478821581951 -7.3
      vertex -6.741990874288154 -5.577459910301037 -7.3
      vertex -6.563471859266521 -5.786478821581954 0
    endloop
  endfacet
  facet normal 0.7396310949786105 0.6730125135097726 0
    outer loop
      vertex -6.378475489937352 -5.989787176876025 -7.3
      vertex -6.5634718592665235 -5.786478821581951 -7.3
      vertex -6.378475489937352 -5.989787176876025 0
    endloop
  endfacet
  facet normal 0.7181262977631899 0.6959127965923134 0
    outer loop
      vertex -6.187184335382291 -6.187184335382291 -7.3
      vertex -6.378475489937352 -5.989787176876025 -7.3
      vertex -6.187184335382291 -6.187184335382291 0
    endloop
  endfacet
  facet normal 0.7804304073383316 0.6252426563357028 5.664427867493065e-17
    outer loop
      vertex -6.741990874288157 -5.577459910301035 0
      vertex -6.741990874288154 -5.577459910301037 -7.3
      vertex -6.913856358287289 -5.362936719463546 -7.3
    endloop
  endfacet
  facet normal 0.7804304073383326 0.6252426563357018 1.1693940553950983e-18
    outer loop
      vertex -6.741990874288157 -5.577459910301035 0
      vertex -6.913856358287289 -5.362936719463546 -7.3
      vertex -6.913856358287289 -5.362936719463546 0
    endloop
  endfacet
  facet normal 0.7996846584870884 0.6004202253258872 -5.060119225147249e-17
    outer loop
      vertex -7.06749610219769 -5.1583077929940115 -7.3
      vertex -7.07889870078079 -5.14312095755914 0
      vertex -6.913856358287289 -5.362936719463546 0
    endloop
  endfacet
  facet normal 0.7604059656000295 0.6494480483301851 4.050017573175928e-17
    outer loop
      vertex -6.741990874288157 -5.577459910301035 0
      vertex -6.563471859266521 -5.786478821581954 0
      vertex -6.741990874288154 -5.577459910301037 -7.3
    endloop
  endfacet
  facet normal 0.7181262977631899 0.6959127965923134 0
    outer loop
      vertex -6.378475489937352 -5.989787176876025 -7.3
      vertex -6.378475489937352 -5.989787176876025 0
      vertex -6.187184335382291 -6.187184335382291 0
    endloop
  endfacet
  facet normal 0.7396310949786092 0.6730125135097738 5.756816869213106e-17
    outer loop
      vertex -6.5634718592665235 -5.786478821581951 -7.3
      vertex -6.563471859266521 -5.786478821581954 0
      vertex -6.378475489937352 -5.989787176876025 0
    endloop
  endfacet
  facet normal 0.6959127965923134 0.7181262977631899 0
    outer loop
      vertex -5.989787176876025 -6.378475489937352 -7.3
      vertex -6.187184335382291 -6.187184335382291 -7.3
      vertex -5.989787176876025 -6.378475489937352 0
    endloop
  endfacet
  facet normal 0.6494480483301852 0.7604059656000296 4.050017573175931e-17
    outer loop
      vertex -5.577459910301037 -6.741990874288154 -7.3
      vertex -5.786478821581951 -6.5634718592665235 -7.3
      vertex -5.577459910301035 -6.741990874288157 0
    endloop
  endfacet
  facet normal 0.6730125135097726 0.7396310949786105 0
    outer loop
      vertex -5.786478821581951 -6.5634718592665235 -7.3
      vertex -5.989787176876025 -6.378475489937352 -7.3
      vertex -5.786478821581951 -6.5634718592665235 0
    endloop
  endfacet
  facet normal 0.6252426563357028 0.7804304073383316 0
    outer loop
      vertex -5.362936719463546 -6.913856358287289 -7.3
      vertex -5.577459910301037 -6.741990874288154 -7.3
      vertex -5.362936719463546 -6.913856358287289 0
    endloop
  endfacet
  facet normal 0.6004202253258883 0.7996846584870873 -5.435663383438965e-17
    outer loop
      vertex -5.1583077929940115 -7.06749610219769 -7.3
      vertex -5.362936719463546 -6.913856358287289 -7.3
      vertex -5.14312095755914 -7.07889870078079 0
    endloop
  endfacet
  facet normal 0.6959127965923134 0.7181262977631899 0
    outer loop
      vertex -6.187184335382291 -6.187184335382291 -7.3
      vertex -6.187184335382291 -6.187184335382291 0
      vertex -5.989787176876025 -6.378475489937352 0
    endloop
  endfacet
  facet normal 0.6730125135097726 0.7396310949786105 0
    outer loop
      vertex -5.989787176876025 -6.378475489937352 -7.3
      vertex -5.989787176876025 -6.378475489937352 0
      vertex -5.786478821581951 -6.5634718592665235 0
    endloop
  endfacet
  facet normal 0.649448048330186 0.7604059656000288 0
    outer loop
      vertex -5.786478821581951 -6.5634718592665235 -7.3
      vertex -5.786478821581951 -6.5634718592665235 0
      vertex -5.577459910301035 -6.741990874288157 0
    endloop
  endfacet
  facet normal 0.6004202253258872 0.7996846584870884 0
    outer loop
      vertex -5.362936719463546 -6.913856358287289 -7.3
      vertex -5.362936719463546 -6.913856358287289 0
      vertex -5.14312095755914 -7.07889870078079 0
    endloop
  endfacet
  facet normal 0.6252426563357016 0.7804304073383326 5.664427867493143e-17
    outer loop
      vertex -5.577459910301037 -6.741990874288154 -7.3
      vertex -5.577459910301035 -6.741990874288157 0
      vertex -5.362936719463546 -6.913856358287289 0
    endloop
  endfacet
  facet normal 0.8526401643540923 0.5224985647159487 3.0818549020457224e-17
    outer loop
      vertex -7.531492736284508 -4.454112387815748 0
      vertex -7.387869348142634 -4.688484456066217 -23
      vertex -7.5314927362845046 -4.454112387815752 -23
    endloop
  endfacet
  facet normal 0.8980275757606168 0.4399391698559128 -3.4828450402265464e-21
    outer loop
      vertex -7.796307086648219 -3.9724168727210345 -23
      vertex -7.917236709077671 -3.7255688011943837 -23
      vertex -7.917236709077671 -3.7255688011943837 0
    endloop
  endfacet
  facet normal 0.8686315144381921 0.495458668432406 4.636014824390497e-19
    outer loop
      vertex -7.5314927362845046 -4.454112387815752 -23
      vertex -7.667683450383805 -4.215344648390009 -23
      vertex -7.667683450383805 -4.215344648390009 0
    endloop
  endfacet
  facet normal 0.8837656300886919 0.4679298142605765 1.503827192805948e-19
    outer loop
      vertex -7.667683450383805 -4.215344648390009 -23
      vertex -7.796307086648219 -3.9724168727210345 -23
      vertex -7.796307086648219 -3.9724168727210345 0
    endloop
  endfacet
  facet normal 0.9238795325112866 0.3826834323650904 -2.5405005280000703e-18
    outer loop
      vertex -8.030352974734836 -3.4750440430543277 -23
      vertex -8.135544251522198 -3.2210898359909357 -23
      vertex -8.1355442515222 -3.2210898359909312 0
    endloop
  endfacet
  facet normal 0.9354440308298654 0.3534748437792624 1.3970438239346049e-21
    outer loop
      vertex -8.135544251522198 -3.2210898359909357 -23
      vertex -8.232706728349473 -2.9639568021463014 -23
      vertex -8.232706728349473 -2.9639568021463014 0
    endloop
  endfacet
  facet normal 0.9460853588275481 0.3239174181981412 -1.3893760073931432e-19
    outer loop
      vertex -8.232706728349473 -2.9639568021463014 -23
      vertex -8.321744517582593 -2.7038987007807895 -23
      vertex -8.321744517582593 -2.7038987007807895 0
    endloop
  endfacet
  facet normal 0.9557930147983282 0.2940403252323102 -2.2260401239870824e-20
    outer loop
      vertex -8.321744517582593 -2.7038987007807895 -23
      vertex -8.402569749673253 -2.4411721778432542 -23
      vertex -8.402569749673253 -2.4411721778432542 0
    endloop
  endfacet
  facet normal 0.9114032766354452 0.4115143586051089 6.35648996017037e-17
    outer loop
      vertex -8.030352974734836 -3.4750440430543312 0
      vertex -7.917236709077671 -3.7255688011943837 -23
      vertex -8.030352974734836 -3.4750440430543277 -23
    endloop
  endfacet
  facet normal 0.9969173337331275 0.07845909572784991 -1.4383481838821866e-17
    outer loop
      vertex -8.71116719027695 -0.8234477415369968 -23
      vertex -8.732733873747376 -0.5494170458814954 -23
      vertex -8.732733873747376 -0.5494170458814912 0
    endloop
  endfacet
  facet normal 0.99888987496197 0.047106450709641416 -1.1265447111268837e-22
    outer loop
      vertex -8.732733873747376 -0.5494170458814954 -23
      vertex -8.745682403200151 -0.2748441419336243 -23
      vertex -8.745682403200151 -0.2748441419336243 0
    endloop
  endfacet
  facet normal 0.9998766324816607 0.015707317311821026 5.17449242724914e-21
    outer loop
      vertex -8.745682403200151 -0.2748441419336243 -23
      vertex -8.75 0 -23
      vertex -8.75 0 0
    endloop
  endfacet
  facet normal 0.9645574184577991 0.26387304996536964 -3.379065856168336e-17
    outer loop
      vertex -8.402569749673253 -2.4411721778432542 -23
      vertex -8.475102659875523 -2.1760365126924763 -23
      vertex -8.475102659875521 -2.17603651269248 0
    endloop
  endfacet
  facet normal 0.9723699203976764 0.2334453638559061 3.4532211040179226e-17
    outer loop
      vertex -8.53927166696404 -1.9087533622197466 0
      vertex -8.475102659875523 -2.1760365126924763 -23
      vertex -8.539271666964039 -1.9087533622197506 -23
    endloop
  endfacet
  facet normal 0.9792228106217657 0.20278729535651258 -9.929031099935325e-20
    outer loop
      vertex -8.539271666964039 -1.9087533622197506 -23
      vertex -8.595013443876026 -1.6395865026250922 -23
      vertex -8.595013443876026 -1.6395865026250922 0
    endloop
  endfacet
  facet normal 0.9851093261547739 0.17192910027940952 -5.459739350654593e-20
    outer loop
      vertex -8.595013443876026 -1.6395865026250922 -23
      vertex -8.642272980207455 -1.36880156910202 -23
      vertex -8.642272980207455 -1.36880156910202 0
    endloop
  endfacet
  facet normal 0.990023657716557 0.14090123193758608 2.8643591171948586e-20
    outer loop
      vertex -8.642272980207455 -1.36880156910202 -23
      vertex -8.681003636501682 -1.0966657936876605 -23
      vertex -8.681003636501682 -1.0966657936876605 0
    endloop
  endfacet
  facet normal 0.9939609554551805 0.10973431109103833 2.065805561661464e-17
    outer loop
      vertex -8.71116719027695 -0.8234477415370012 0
      vertex -8.681003636501682 -1.0966657936876605 -23
      vertex -8.71116719027695 -0.8234477415369968 -23
    endloop
  endfacet
  facet normal 0.8358073613682716 0.5490228179981299 -2.3139385238120412e-18
    outer loop
      vertex -7.236955024902417 -4.918229556206142 -23
      vertex -7.387869348142634 -4.688484456066217 -23
      vertex -7.3878693481426305 -4.688484456066222 0
    endloop
  endfacet
  facet normal 0.8686315144381938 0.4954586684324032 3.8509590322028893e-17
    outer loop
      vertex -7.531492736284508 -4.454112387815748 0
      vertex -7.5314927362845046 -4.454112387815752 -23
      vertex -7.667683450383805 -4.215344648390009 0
    endloop
  endfacet
  facet normal 0.8980275757606168 0.4399391698559128 0
    outer loop
      vertex -7.796307086648219 -3.9724168727210345 -23
      vertex -7.917236709077671 -3.7255688011943837 0
      vertex -7.796307086648219 -3.9724168727210345 0
    endloop
  endfacet
  facet normal 0.8837656300886919 0.4679298142605765 0
    outer loop
      vertex -7.667683450383805 -4.215344648390009 -23
      vertex -7.796307086648219 -3.9724168727210345 0
      vertex -7.667683450383805 -4.215344648390009 0
    endloop
  endfacet
  facet normal 0.9354440308298655 0.35347484377926214 3.997337447073994e-18
    outer loop
      vertex -8.135544251522198 -3.2210898359909357 -23
      vertex -8.232706728349473 -2.9639568021463014 0
      vertex -8.1355442515222 -3.2210898359909312 0
    endloop
  endfacet
  facet normal 0.9460853588275481 0.3239174181981412 0
    outer loop
      vertex -8.232706728349473 -2.9639568021463014 -23
      vertex -8.321744517582593 -2.7038987007807895 0
      vertex -8.232706728349473 -2.9639568021463014 0
    endloop
  endfacet
  facet normal 0.9557930147983282 0.2940403252323102 0
    outer loop
      vertex -8.321744517582593 -2.7038987007807895 -23
      vertex -8.402569749673253 -2.4411721778432542 0
      vertex -8.321744517582593 -2.7038987007807895 0
    endloop
  endfacet
  facet normal 0.911403276635443 0.4115143586051137 1.9655402011023162e-19
    outer loop
      vertex -8.030352974734836 -3.4750440430543312 0
      vertex -7.917236709077671 -3.7255688011943837 0
      vertex -7.917236709077671 -3.7255688011943837 -23
    endloop
  endfacet
  facet normal 0.9238795325112885 0.38268343236508556 5.91115071658159e-17
    outer loop
      vertex -8.030352974734836 -3.4750440430543312 0
      vertex -8.030352974734836 -3.4750440430543277 -23
      vertex -8.1355442515222 -3.2210898359909312 0
    endloop
  endfacet
  facet normal 0.9969173337331277 0.0784590957278475 1.4770333426803027e-17
    outer loop
      vertex -8.71116719027695 -0.8234477415369968 -23
      vertex -8.732733873747376 -0.5494170458814912 0
      vertex -8.71116719027695 -0.8234477415370012 0
    endloop
  endfacet
  facet normal 0.99888987496197 0.04710645070964214 -8.640649195983305e-18
    outer loop
      vertex -8.732733873747376 -0.5494170458814954 -23
      vertex -8.745682403200151 -0.2748441419336243 0
      vertex -8.732733873747376 -0.5494170458814912 0
    endloop
  endfacet
  facet normal 0.9998766324816607 0.015707317311821026 0
    outer loop
      vertex -8.745682403200151 -0.2748441419336243 -23
      vertex -8.75 0 0
      vertex -8.745682403200151 -0.2748441419336243 0
    endloop
  endfacet
  facet normal 0.9645574184577996 0.26387304996536687 0
    outer loop
      vertex -8.402569749673253 -2.4411721778432542 -23
      vertex -8.475102659875521 -2.17603651269248 0
      vertex -8.402569749673253 -2.4411721778432542 0
    endloop
  endfacet
  facet normal 0.9723699203976749 0.2334453638559121 -3.8778681379681764e-17
    outer loop
      vertex -8.53927166696404 -1.9087533622197466 0
      vertex -8.475102659875521 -2.17603651269248 0
      vertex -8.475102659875523 -2.1760365126924763 -23
    endloop
  endfacet
  facet normal 0.9792228106217664 0.20278729535650925 4.03890560470513e-17
    outer loop
      vertex -8.53927166696404 -1.9087533622197466 0
      vertex -8.539271666964039 -1.9087533622197506 -23
      vertex -8.595013443876026 -1.6395865026250922 0
    endloop
  endfacet
  facet normal 0.9851093261547739 0.17192910027940952 0
    outer loop
      vertex -8.595013443876026 -1.6395865026250922 -23
      vertex -8.642272980207455 -1.36880156910202 0
      vertex -8.595013443876026 -1.6395865026250922 0
    endloop
  endfacet
  facet normal 0.990023657716557 0.14090123193758608 0
    outer loop
      vertex -8.642272980207455 -1.36880156910202 -23
      vertex -8.681003636501682 -1.0966657936876605 0
      vertex -8.642272980207455 -1.36880156910202 0
    endloop
  endfacet
  facet normal 0.9939609554551804 0.10973431109104007 9.677266880090127e-20
    outer loop
      vertex -8.71116719027695 -0.8234477415370012 0
      vertex -8.681003636501682 -1.0966657936876605 0
      vertex -8.681003636501682 -1.0966657936876605 -23
    endloop
  endfacet
  facet normal 0.8358073613682716 0.5490228179981297 0
    outer loop
      vertex -7.236955024902417 -4.918229556206142 -23
      vertex -7.3878693481426305 -4.688484456066222 0
      vertex -7.236955024902417 -4.918229556206142 0
    endloop
  endfacet
  facet normal 0.8526401643540905 0.5224985647159517 -1.028519313044307e-17
    outer loop
      vertex -7.531492736284508 -4.454112387815748 0
      vertex -7.3878693481426305 -4.688484456066222 0
      vertex -7.387869348142634 -4.688484456066217 -23
    endloop
  endfacet
  facet normal 0.5224985647159487 0.8526401643540923 3.0818549020457224e-17
    outer loop
      vertex -4.454112387815748 -7.531492736284508 0
      vertex -4.454112387815752 -7.5314927362845046 -23
      vertex -4.688484456066217 -7.387869348142634 -23
    endloop
  endfacet
  facet normal 0.495458668432406 0.8686315144381921 0
    outer loop
      vertex -4.215344648390009 -7.667683450383805 -23
      vertex -4.454112387815752 -7.5314927362845046 -23
      vertex -4.215344648390009 -7.667683450383805 0
    endloop
  endfacet
  facet normal 0.4679298142605765 0.8837656300886919 0
    outer loop
      vertex -3.9724168727210345 -7.796307086648219 -23
      vertex -4.215344648390009 -7.667683450383805 -23
      vertex -3.9724168727210345 -7.796307086648219 0
    endloop
  endfacet
  facet normal 0.4399391698559128 0.8980275757606168 0
    outer loop
      vertex -3.7255688011943837 -7.917236709077671 -23
      vertex -3.9724168727210345 -7.796307086648219 -23
      vertex -3.7255688011943837 -7.917236709077671 0
    endloop
  endfacet
  facet normal 0.3826834323650904 0.9238795325112866 -2.5354828112564595e-18
    outer loop
      vertex -3.2210898359909357 -8.135544251522198 -23
      vertex -3.4750440430543277 -8.030352974734836 -23
      vertex -3.2210898359909312 -8.1355442515222 0
    endloop
  endfacet
  facet normal 0.4115143586051089 0.9114032766354452 6.35648996017037e-17
    outer loop
      vertex -3.4750440430543312 -8.030352974734836 0
      vertex -3.4750440430543277 -8.030352974734836 -23
      vertex -3.7255688011943837 -7.917236709077671 -23
    endloop
  endfacet
  facet normal 0.3534748437792624 0.9354440308298654 0
    outer loop
      vertex -2.9639568021463014 -8.232706728349473 -23
      vertex -3.2210898359909357 -8.135544251522198 -23
      vertex -2.9639568021463014 -8.232706728349473 0
    endloop
  endfacet
  facet normal 0.3239174181981412 0.9460853588275481 0
    outer loop
      vertex -2.7038987007807895 -8.321744517582593 -23
      vertex -2.9639568021463014 -8.232706728349473 -23
      vertex -2.7038987007807895 -8.321744517582593 0
    endloop
  endfacet
  facet normal 0.2940403252323102 0.9557930147983282 0
    outer loop
      vertex -2.4411721778432542 -8.402569749673253 -23
      vertex -2.7038987007807895 -8.321744517582593 -23
      vertex -2.4411721778432542 -8.402569749673253 0
    endloop
  endfacet
  facet normal 0.5490228179981299 0.8358073613682716 0
    outer loop
      vertex -4.688484456066217 -7.387869348142634 -23
      vertex -4.918229556206142 -7.236955024902417 -23
      vertex -4.688484456066217 -7.387869348142634 0
    endloop
  endfacet
  facet normal 0.26387304996536964 0.9645574184577991 0
    outer loop
      vertex -2.1760365126924763 -8.475102659875523 -23
      vertex -2.4411721778432542 -8.402569749673253 -23
      vertex -2.1760365126924763 -8.475102659875523 0
    endloop
  endfacet
  facet normal 0.2334453638559061 0.9723699203976764 0
    outer loop
      vertex -1.9087533622197506 -8.539271666964039 -23
      vertex -2.1760365126924763 -8.475102659875523 -23
      vertex -1.9087533622197506 -8.539271666964039 0
    endloop
  endfacet
  facet normal 0.20278729535651258 0.9792228106217657 0
    outer loop
      vertex -1.6395865026250922 -8.595013443876026 -23
      vertex -1.9087533622197506 -8.539271666964039 -23
      vertex -1.6395865026250922 -8.595013443876026 0
    endloop
  endfacet
  facet normal 0.17192910027940952 0.9851093261547739 0
    outer loop
      vertex -1.36880156910202 -8.642272980207455 -23
      vertex -1.6395865026250922 -8.595013443876026 -23
      vertex -1.36880156910202 -8.642272980207455 0
    endloop
  endfacet
  facet normal 0.07845909572784991 0.9969173337331275 0
    outer loop
      vertex -0.5494170458814954 -8.732733873747376 -23
      vertex -0.8234477415369968 -8.71116719027695 -23
      vertex -0.5494170458814954 -8.732733873747376 0
    endloop
  endfacet
  facet normal 0.047106450709641416 0.99888987496197 0
    outer loop
      vertex -0.2748441419336243 -8.745682403200151 -23
      vertex -0.5494170458814954 -8.732733873747376 -23
      vertex -0.2748441419336243 -8.745682403200151 0
    endloop
  endfacet
  facet normal 0.015707317311821026 0.9998766324816607 0
    outer loop
      vertex 0 -8.75 -23
      vertex -0.2748441419336243 -8.745682403200151 -23
      vertex 0 -8.75 0
    endloop
  endfacet
  facet normal 0.14090123193758608 0.990023657716557 0
    outer loop
      vertex -1.0966657936876605 -8.681003636501682 -23
      vertex -1.36880156910202 -8.642272980207455 -23
      vertex -1.0966657936876605 -8.681003636501682 0
    endloop
  endfacet
  facet normal 0.10973431109103833 0.9939609554551805 0
    outer loop
      vertex -0.8234477415369968 -8.71116719027695 -23
      vertex -1.0966657936876605 -8.681003636501682 -23
      vertex -0.8234477415369968 -8.71116719027695 0
    endloop
  endfacet
  facet normal 0.4954586684324032 0.8686315144381938 3.8509590322028893e-17
    outer loop
      vertex -4.454112387815748 -7.531492736284508 0
      vertex -4.215344648390009 -7.667683450383805 0
      vertex -4.454112387815752 -7.5314927362845046 -23
    endloop
  endfacet
  facet normal 0.4679298142605765 0.8837656300886919 0
    outer loop
      vertex -4.215344648390009 -7.667683450383805 -23
      vertex -4.215344648390009 -7.667683450383805 0
      vertex -3.9724168727210345 -7.796307086648219 0
    endloop
  endfacet
  facet normal 0.4399391698559128 0.8980275757606168 0
    outer loop
      vertex -3.9724168727210345 -7.796307086648219 -23
      vertex -3.9724168727210345 -7.796307086648219 0
      vertex -3.7255688011943837 -7.917236709077671 0
    endloop
  endfacet
  facet normal 0.35347484377926214 0.9354440308298655 3.997337447073994e-18
    outer loop
      vertex -3.2210898359909357 -8.135544251522198 -23
      vertex -3.2210898359909312 -8.1355442515222 0
      vertex -2.9639568021463014 -8.232706728349473 0
    endloop
  endfacet
  facet normal 0.4115143586051137 0.911403276635443 1.9655402011023162e-19
    outer loop
      vertex -3.4750440430543312 -8.030352974734836 0
      vertex -3.7255688011943837 -7.917236709077671 -23
      vertex -3.7255688011943837 -7.917236709077671 0
    endloop
  endfacet
  facet normal 0.38268343236508556 0.9238795325112885 5.91115071658159e-17
    outer loop
      vertex -3.4750440430543312 -8.030352974734836 0
      vertex -3.2210898359909312 -8.1355442515222 0
      vertex -3.4750440430543277 -8.030352974734836 -23
    endloop
  endfacet
  facet normal 0.3239174181981412 0.9460853588275481 0
    outer loop
      vertex -2.9639568021463014 -8.232706728349473 -23
      vertex -2.9639568021463014 -8.232706728349473 0
      vertex -2.7038987007807895 -8.321744517582593 0
    endloop
  endfacet
  facet normal 0.2940403252323102 0.9557930147983282 0
    outer loop
      vertex -2.7038987007807895 -8.321744517582593 -23
      vertex -2.7038987007807895 -8.321744517582593 0
      vertex -2.4411721778432542 -8.402569749673253 0
    endloop
  endfacet
  facet normal 0.5490228179981299 0.8358073613682716 0
    outer loop
      vertex -4.918229556206142 -7.236955024902417 -23
      vertex -4.918229556206142 -7.236955024902417 0
      vertex -4.688484456066217 -7.387869348142634 0
    endloop
  endfacet
  facet normal 0.5224985647159509 0.852640164354091 0
    outer loop
      vertex -4.688484456066217 -7.387869348142634 -23
      vertex -4.688484456066217 -7.387869348142634 0
      vertex -4.454112387815748 -7.531492736284508 0
    endloop
  endfacet
  facet normal 0.26387304996536964 0.9645574184577991 0
    outer loop
      vertex -2.4411721778432542 -8.402569749673253 -23
      vertex -2.4411721778432542 -8.402569749673253 0
      vertex -2.1760365126924763 -8.475102659875523 0
    endloop
  endfacet
  facet normal 0.2334453638559061 0.9723699203976764 0
    outer loop
      vertex -2.1760365126924763 -8.475102659875523 -23
      vertex -2.1760365126924763 -8.475102659875523 0
      vertex -1.9087533622197506 -8.539271666964039 0
    endloop
  endfacet
  facet normal 0.20278729535651258 0.9792228106217657 0
    outer loop
      vertex -1.9087533622197506 -8.539271666964039 -23
      vertex -1.9087533622197506 -8.539271666964039 0
      vertex -1.6395865026250922 -8.595013443876026 0
    endloop
  endfacet
  facet normal 0.17192910027940952 0.9851093261547739 0
    outer loop
      vertex -1.6395865026250922 -8.595013443876026 -23
      vertex -1.6395865026250922 -8.595013443876026 0
      vertex -1.36880156910202 -8.642272980207455 0
    endloop
  endfacet
  facet normal 0.14090123193758608 0.990023657716557 0
    outer loop
      vertex -1.36880156910202 -8.642272980207455 -23
      vertex -1.36880156910202 -8.642272980207455 0
      vertex -1.0966657936876605 -8.681003636501682 0
    endloop
  endfacet
  facet normal 0.07845909572784991 0.9969173337331275 0
    outer loop
      vertex -0.8234477415369968 -8.71116719027695 -23
      vertex -0.8234477415369968 -8.71116719027695 0
      vertex -0.5494170458814954 -8.732733873747376 0
    endloop
  endfacet
  facet normal 0.047106450709641416 0.99888987496197 0
    outer loop
      vertex -0.5494170458814954 -8.732733873747376 -23
      vertex -0.5494170458814954 -8.732733873747376 0
      vertex -0.2748441419336243 -8.745682403200151 0
    endloop
  endfacet
  facet normal 0.015707317311821026 0.9998766324816607 0
    outer loop
      vertex -0.2748441419336243 -8.745682403200151 -23
      vertex -0.2748441419336243 -8.745682403200151 0
      vertex 0 -8.75 0
    endloop
  endfacet
  facet normal 0.10973431109103833 0.9939609554551805 0
    outer loop
      vertex -1.0966657936876605 -8.681003636501682 -23
      vertex -1.0966657936876605 -8.681003636501682 0
      vertex -0.8234477415369968 -8.71116719027695 0
    endloop
  endfacet
  facet normal 0.9998766324816607 -0.015707317311821126 4.170106058292358e-19
    outer loop
      vertex -8.745682403200151 0.27484414193362317 0
      vertex -8.75 0 -23
      vertex -8.745682403200151 0.27484414193362255 -23
    endloop
  endfacet
  facet normal 0.99888987496197 -0.04710645070964171 -1.617636446751722e-18
    outer loop
      vertex -8.745682403200151 0.27484414193362255 -23
      vertex -8.732733873747376 0.549417045881492 -23
      vertex -8.732733873747376 0.5494170458814912 0
    endloop
  endfacet
  facet normal 0.9969173337331277 -0.07845909572784797 3.0298119849852546e-18
    outer loop
      vertex -8.71116719027695 0.8234477415370012 0
      vertex -8.732733873747376 0.549417045881492 -23
      vertex -8.71116719027695 0.8234477415370003 -23
    endloop
  endfacet
  facet normal 0.9939609554551804 -0.10973431109103901 -8.475099740149648e-18
    outer loop
      vertex -8.681003636501682 1.0966657936876623 -23
      vertex -8.681003636501682 1.0966657936876605 0
      vertex -8.71116719027695 0.8234477415370003 -23
    endloop
  endfacet
  facet normal 0.9900236577165569 -0.14090123193758697 6.459504130218933e-20
    outer loop
      vertex -8.681003636501682 1.0966657936876623 -23
      vertex -8.642272980207455 1.36880156910202 -23
      vertex -8.642272980207455 1.36880156910202 0
    endloop
  endfacet
  facet normal 0.9851093261547738 -0.17192910027941063 1.161876104463499e-17
    outer loop
      vertex -8.595013443876026 1.639586502625092 0
      vertex -8.642272980207455 1.36880156910202 -23
      vertex -8.595013443876026 1.6395865026250904 -23
    endloop
  endfacet
  facet normal 0.9792228106217667 -0.2027872953565075 -5.930714979286165e-18
    outer loop
      vertex -8.595013443876026 1.6395865026250904 -23
      vertex -8.53927166696404 1.9087533622197472 -23
      vertex -8.53927166696404 1.9087533622197466 0
    endloop
  endfacet
  facet normal 0.9723699203976748 -0.23344536385591302 4.507415964257947e-18
    outer loop
      vertex -8.475102659875521 2.17603651269248 0
      vertex -8.53927166696404 1.9087533622197472 -23
      vertex -8.475102659875521 2.1760365126924794 -23
    endloop
  endfacet
  facet normal 0.9645574184577987 -0.26387304996537086 5.411589001010302e-17
    outer loop
      vertex -8.402569749673253 2.4411721778432542 0
      vertex -8.475102659875521 2.1760365126924794 -23
      vertex -8.402569749673251 2.441172177843256 -23
    endloop
  endfacet
  facet normal 0.9557930147983295 -0.2940403252323061 7.796159353165731e-20
    outer loop
      vertex -8.402569749673251 2.441172177843256 -23
      vertex -8.321744517582593 2.7038987007807895 -23
      vertex -8.321744517582593 2.7038987007807895 0
    endloop
  endfacet
  facet normal 0.9460853588275477 -0.3239174181981427 1.2508541765590041e-17
    outer loop
      vertex -8.232706728349473 2.963956802146301 0
      vertex -8.321744517582593 2.7038987007807895 -23
      vertex -8.232706728349473 2.9639568021463 -23
    endloop
  endfacet
  facet normal 0.9354440308298664 -0.3534748437792594 -1.3561397107023151e-17
    outer loop
      vertex -8.232706728349473 2.9639568021463 -23
      vertex -8.1355442515222 3.221089835990932 -23
      vertex -8.1355442515222 3.2210898359909312 0
    endloop
  endfacet
  facet normal 0.9238795325112873 -0.3826834323650884 2.216681518718113e-17
    outer loop
      vertex -8.030352974734836 3.4750440430543312 0
      vertex -8.1355442515222 3.221089835990932 -23
      vertex -8.030352974734836 3.47504404305433 -23
    endloop
  endfacet
  facet normal 0.9114032766354452 -0.4115143586051089 -3.972806225106481e-17
    outer loop
      vertex -7.917236709077671 3.725568801194386 -23
      vertex -7.917236709077671 3.7255688011943837 0
      vertex -8.030352974734836 3.47504404305433 -23
    endloop
  endfacet
  facet normal 0.8980275757606153 -0.439939169855916 -2.132594435366878e-19
    outer loop
      vertex -7.917236709077671 3.725568801194386 -23
      vertex -7.796307086648219 3.9724168727210345 -23
      vertex -7.796307086648219 3.9724168727210345 0
    endloop
  endfacet
  facet normal 0.8837656300886931 -0.4679298142605739 -3.412789394423743e-17
    outer loop
      vertex -7.667683450383806 4.215344648390009 -23
      vertex -7.667683450383805 4.215344648390009 0
      vertex -7.796307086648219 3.9724168727210345 -23
    endloop
  endfacet
  facet normal 0.8686315144381916 -0.4954586684324067 1.44106116800181e-17
    outer loop
      vertex -7.531492736284508 4.454112387815748 0
      vertex -7.667683450383806 4.215344648390009 -23
      vertex -7.531492736284507 4.454112387815749 -23
    endloop
  endfacet
  facet normal 0.8526401643540931 -0.5224985647159476 -6.585187771729335e-17
    outer loop
      vertex -7.387869348142632 4.688484456066221 -23
      vertex -7.3878693481426305 4.688484456066221 0
      vertex -7.531492736284507 4.454112387815749 -23
    endloop
  endfacet
  facet normal 0.8358073613682692 -0.5490228179981335 1.107460184890909e-17
    outer loop
      vertex -7.236955024902416 4.918229556206143 -23
      vertex -7.236955024902417 4.918229556206142 0
      vertex -7.387869348142632 4.688484456066221 -23
    endloop
  endfacet
  facet normal 0.9998766324816607 -0.01570731731182109 -8.813389758116869e-21
    outer loop
      vertex -8.745682403200151 0.27484414193362317 0
      vertex -8.75 0 0
      vertex -8.75 0 -23
    endloop
  endfacet
  facet normal 0.99888987496197 -0.047106450709641944 1.2506202783659997e-18
    outer loop
      vertex -8.745682403200151 0.27484414193362255 -23
      vertex -8.732733873747376 0.5494170458814912 0
      vertex -8.745682403200151 0.27484414193362317 0
    endloop
  endfacet
  facet normal 0.9969173337331277 -0.0784590957278475 -2.71940649208573e-18
    outer loop
      vertex -8.71116719027695 0.8234477415370012 0
      vertex -8.732733873747376 0.5494170458814912 0
      vertex -8.732733873747376 0.549417045881492 -23
    endloop
  endfacet
  facet normal 0.9939609554551804 -0.10973431109104007 4.237549870074865e-18
    outer loop
      vertex -8.71116719027695 0.8234477415370003 -23
      vertex -8.681003636501682 1.0966657936876605 0
      vertex -8.71116719027695 0.8234477415370012 0
    endloop
  endfacet
  facet normal 0.990023657716557 -0.14090123193758608 -1.0882211610097915e-17
    outer loop
      vertex -8.681003636501682 1.0966657936876623 -23
      vertex -8.642272980207455 1.36880156910202 0
      vertex -8.681003636501682 1.0966657936876605 0
    endloop
  endfacet
  facet normal 0.9851093261547739 -0.17192910027940966 4.109192351593826e-20
    outer loop
      vertex -8.595013443876026 1.639586502625092 0
      vertex -8.642272980207455 1.36880156910202 0
      vertex -8.642272980207455 1.36880156910202 -23
    endloop
  endfacet
  facet normal 0.9792228106217665 -0.20278729535650908 1.3704120616033125e-17
    outer loop
      vertex -8.595013443876026 1.6395865026250904 -23
      vertex -8.53927166696404 1.9087533622197466 0
      vertex -8.595013443876026 1.639586502625092 0
    endloop
  endfacet
  facet normal 0.9723699203976749 -0.2334453638559121 -6.556176502131675e-18
    outer loop
      vertex -8.475102659875521 2.17603651269248 0
      vertex -8.53927166696404 1.9087533622197466 0
      vertex -8.53927166696404 1.9087533622197472 -23
    endloop
  endfacet
  facet normal 0.9645574184577996 -0.26387304996536687 5.0949206199932985e-18
    outer loop
      vertex -8.475102659875521 2.17603651269248 0
      vertex -8.475102659875521 2.1760365126924794 -23
      vertex -8.402569749673253 2.4411721778432542 0
    endloop
  endfacet
  facet normal 0.9557930147983282 -0.2940403252323102 5.110908330878726e-17
    outer loop
      vertex -8.402569749673253 2.4411721778432542 0
      vertex -8.402569749673251 2.441172177843256 -23
      vertex -8.321744517582593 2.7038987007807895 0
    endloop
  endfacet
  facet normal 0.9460853588275481 -0.3239174181981417 -7.883564864104248e-20
    outer loop
      vertex -8.232706728349473 2.963956802146301 0
      vertex -8.321744517582593 2.7038987007807895 0
      vertex -8.321744517582593 2.7038987007807895 -23
    endloop
  endfacet
  facet normal 0.9354440308298656 -0.3534748437792615 1.364994470224405e-17
    outer loop
      vertex -8.232706728349473 2.9639568021463 -23
      vertex -8.1355442515222 3.2210898359909312 0
      vertex -8.232706728349473 2.963956802146301 0
    endloop
  endfacet
  facet normal 0.9238795325112885 -0.38268343236508556 -1.457491588674663e-17
    outer loop
      vertex -8.030352974734836 3.4750440430543312 0
      vertex -8.1355442515222 3.2210898359909312 0
      vertex -8.1355442515222 3.221089835990932 -23
    endloop
  endfacet
  facet normal 0.911403276635443 -0.4115143586051137 2.3836837350639167e-17
    outer loop
      vertex -8.030352974734836 3.47504404305433 -23
      vertex -7.917236709077671 3.7255688011943837 0
      vertex -8.030352974734836 3.4750440430543312 0
    endloop
  endfacet
  facet normal 0.8980275757606168 -0.4399391698559128 -4.2472225722479304e-17
    outer loop
      vertex -7.917236709077671 3.725568801194386 -23
      vertex -7.796307086648219 3.9724168727210345 0
      vertex -7.917236709077671 3.7255688011943837 0
    endloop
  endfacet
  facet normal 0.8837656300886919 -0.4679298142605765 0
    outer loop
      vertex -7.796307086648219 3.9724168727210345 -23
      vertex -7.667683450383805 4.215344648390009 0
      vertex -7.796307086648219 3.9724168727210345 0
    endloop
  endfacet
  facet normal 0.8686315144381938 -0.4954586684324032 -3.3841196442871067e-17
    outer loop
      vertex -7.531492736284508 4.454112387815748 0
      vertex -7.667683450383805 4.215344648390009 0
      vertex -7.667683450383806 4.215344648390009 -23
    endloop
  endfacet
  facet normal 0.8526401643540896 -0.5224985647159531 1.27488975758205e-17
    outer loop
      vertex -7.531492736284507 4.454112387815749 -23
      vertex -7.3878693481426305 4.688484456066221 0
      vertex -7.531492736284508 4.454112387815748 0
    endloop
  endfacet
  facet normal 0.8358073613682726 -0.5490228179981282 -6.455183142554816e-17
    outer loop
      vertex -7.387869348142632 4.688484456066221 -23
      vertex -7.236955024902417 4.918229556206142 0
      vertex -7.3878693481426305 4.688484456066221 0
    endloop
  endfacet
  facet normal 0.8181497174250243 -0.5750052520432773 -4.742607830130292e-19
    outer loop
      vertex -7.236955024902416 4.918229556206143 -23
      vertex -7.07889870078079 5.14312095755914 -23
      vertex -7.07889870078079 5.14312095755914 0
    endloop
  endfacet
  facet normal 0.7996846584870894 -0.6004202253258856 -2.3146655333185775e-17
    outer loop
      vertex -7.07889870078079 5.14312095755914 -23
      vertex -6.913856358287291 5.362936719463543 -23
      vertex -6.913856358287289 5.362936719463546 0
    endloop
  endfacet
  facet normal 0.7804304073383297 -0.6252426563357053 3.6130254666000445e-17
    outer loop
      vertex -6.741990874288157 5.577459910301035 0
      vertex -6.913856358287291 5.362936719463543 -23
      vertex -6.741990874288155 5.577459910301036 -23
    endloop
  endfacet
  facet normal 0.7604059656000317 -0.6494480483301829 -1.5901789320859095e-19
    outer loop
      vertex -6.741990874288155 5.577459910301036 -23
      vertex -6.563471859266522 5.786478821581953 -23
      vertex -6.563471859266522 5.786478821581953 0
    endloop
  endfacet
  facet normal 0.7396310949786106 -0.6730125135097725 -2.341678279460271e-17
    outer loop
      vertex -6.378475489937351 5.9897871768760265 -23
      vertex -6.378475489937352 5.989787176876025 0
      vertex -6.563471859266522 5.786478821581953 -23
    endloop
  endfacet
  facet normal 0.7181262977631883 -0.6959127965923149 0
    outer loop
      vertex -6.187184335382291 6.187184335382291 -23
      vertex -6.187184335382291 6.187184335382291 0
      vertex -6.378475489937351 5.9897871768760265 -23
    endloop
  endfacet
  facet normal 0.6959127965923149 -0.7181262977631883 0
    outer loop
      vertex -6.187184335382291 6.187184335382291 -23
      vertex -5.9897871768760265 6.378475489937351 -23
      vertex -6.187184335382291 6.187184335382291 0
    endloop
  endfacet
  facet normal 0.6730125135097725 -0.7396310949786106 -2.3954958678936726e-17
    outer loop
      vertex -5.786478821581953 6.563471859266522 -23
      vertex -5.989787176876025 6.378475489937352 0
      vertex -5.9897871768760265 6.378475489937351 -23
    endloop
  endfacet
  facet normal 0.6494480483301829 -0.7604059656000317 -4.7133534940999485e-18
    outer loop
      vertex -5.577459910301036 6.741990874288155 -23
      vertex -5.786478821581954 6.563471859266521 0
      vertex -5.786478821581953 6.563471859266522 -23
    endloop
  endfacet
  facet normal 0.6252426563357053 -0.7804304073383297 0
    outer loop
      vertex -5.577459910301036 6.741990874288155 0
      vertex -5.577459910301036 6.741990874288155 -23
      vertex -5.362936719463543 6.913856358287291 -23
    endloop
  endfacet
  facet normal 0.6004202253258856 -0.7996846584870894 -5.111715850497451e-19
    outer loop
      vertex -5.14312095755914 7.07889870078079 -23
      vertex -5.362936719463543 6.913856358287291 0
      vertex -5.362936719463543 6.913856358287291 -23
    endloop
  endfacet
  facet normal 0.5750052520432773 -0.8181497174250243 -4.742607830130292e-19
    outer loop
      vertex -4.918229556206143 7.236955024902416 -23
      vertex -5.14312095755914 7.07889870078079 0
      vertex -5.14312095755914 7.07889870078079 -23
    endloop
  endfacet
  facet normal 0.818149717425024 -0.575005252043278 9.389376827025689e-18
    outer loop
      vertex -7.236955024902416 4.918229556206143 -23
      vertex -7.07889870078079 5.14312095755914 0
      vertex -7.236955024902417 4.918229556206142 0
    endloop
  endfacet
  facet normal 0.7996846584870883 -0.6004202253258872 0
    outer loop
      vertex -7.07889870078079 5.14312095755914 -23
      vertex -6.913856358287289 5.362936719463546 0
      vertex -7.07889870078079 5.14312095755914 0
    endloop
  endfacet
  facet normal 0.7804304073383326 -0.6252426563357018 -1.7935886480585087e-17
    outer loop
      vertex -6.741990874288157 5.577459910301035 0
      vertex -6.913856358287289 5.362936719463546 0
      vertex -6.913856358287291 5.362936719463543 -23
    endloop
  endfacet
  facet normal 0.7604059656000298 -0.649448048330185 3.3648982455266533e-17
    outer loop
      vertex -6.741990874288157 5.577459910301035 0
      vertex -6.741990874288155 5.577459910301036 -23
      vertex -6.563471859266522 5.786478821581953 0
    endloop
  endfacet
  facet normal 0.7396310949786091 -0.6730125135097739 0
    outer loop
      vertex -6.563471859266522 5.786478821581953 -23
      vertex -6.378475489937352 5.989787176876025 0
      vertex -6.563471859266522 5.786478821581953 0
    endloop
  endfacet
  facet normal 0.7181262977631898 -0.6959127965923133 -2.601587719828259e-17
    outer loop
      vertex -6.378475489937351 5.9897871768760265 -23
      vertex -6.187184335382291 6.187184335382291 0
      vertex -6.378475489937352 5.989787176876025 0
    endloop
  endfacet
  facet normal 0.6959127965923133 -0.7181262977631898 -2.601587719828259e-17
    outer loop
      vertex -5.9897871768760265 6.378475489937351 -23
      vertex -5.989787176876025 6.378475489937352 0
      vertex -6.187184335382291 6.187184335382291 0
    endloop
  endfacet
  facet normal 0.6730125135097738 -0.7396310949786093 -2.5725733222458447e-18
    outer loop
      vertex -5.786478821581953 6.563471859266522 -23
      vertex -5.786478821581954 6.563471859266521 0
      vertex -5.989787176876025 6.378475489937352 0
    endloop
  endfacet
  facet normal 0.6494480483301831 -0.7604059656000314 0
    outer loop
      vertex -5.577459910301036 6.741990874288155 0
      vertex -5.786478821581954 6.563471859266521 0
      vertex -5.577459910301036 6.741990874288155 -23
    endloop
  endfacet
  facet normal 0.6252426563357053 -0.7804304073383297 -5.290043581039328e-20
    outer loop
      vertex -5.577459910301036 6.741990874288155 0
      vertex -5.362936719463543 6.913856358287291 -23
      vertex -5.362936719463543 6.913856358287291 0
    endloop
  endfacet
  facet normal 0.6004202253258856 -0.7996846584870894 0
    outer loop
      vertex -5.14312095755914 7.07889870078079 -23
      vertex -5.14312095755914 7.07889870078079 0
      vertex -5.362936719463543 6.913856358287291 0
    endloop
  endfacet
  facet normal 0.5750052520432773 -0.8181497174250243 0
    outer loop
      vertex -4.918229556206143 7.236955024902416 -23
      vertex -4.918229556206143 7.236955024902416 0
      vertex -5.14312095755914 7.07889870078079 0
    endloop
  endfacet
  facet normal 0.5490228179981335 -0.8358073613682692 3.6765527193872185e-19
    outer loop
      vertex -4.688484456066221 7.387869348142632 -23
      vertex -4.918229556206143 7.236955024902416 0
      vertex -4.918229556206143 7.236955024902416 -23
    endloop
  endfacet
  facet normal 0.5224985647159476 -0.8526401643540931 -6.585187771729335e-17
    outer loop
      vertex -4.688484456066221 7.387869348142632 -23
      vertex -4.454112387815749 7.531492736284507 -23
      vertex -4.688484456066221 7.3878693481426305 0
    endloop
  endfacet
  facet normal 0.4954586684324054 -0.8686315144381926 1.7102593262397541e-19
    outer loop
      vertex -4.215344648390008 7.667683450383806 -23
      vertex -4.454112387815749 7.531492736284507 0
      vertex -4.454112387815749 7.531492736284507 -23
    endloop
  endfacet
  facet normal 0.4679298142605753 -0.8837656300886924 -2.1467770523662527e-19
    outer loop
      vertex -3.9724168727210345 7.796307086648219 -23
      vertex -4.215344648390008 7.667683450383806 0
      vertex -4.215344648390008 7.667683450383806 -23
    endloop
  endfacet
  facet normal 0.439939169855914 -0.8980275757606163 -3.331582927253819e-20
    outer loop
      vertex -3.7255688011943864 7.91723670907767 -23
      vertex -3.9724168727210345 7.796307086648219 0
      vertex -3.9724168727210345 7.796307086648219 -23
    endloop
  endfacet
  facet normal 0.4115143586051128 -0.9114032766354435 -1.9236682626989755e-19
    outer loop
      vertex -3.4750440430543312 8.030352974734836 -23
      vertex -3.7255688011943864 7.91723670907767 0
      vertex -3.7255688011943864 7.91723670907767 -23
    endloop
  endfacet
  facet normal 0.38268343236508556 -0.9238795325112885 0
    outer loop
      vertex -3.4750440430543312 8.030352974734836 -23
      vertex -3.2210898359909312 8.1355442515222 -23
      vertex -3.4750440430543312 8.030352974734836 0
    endloop
  endfacet
  facet normal 0.3534748437792594 -0.9354440308298664 8.8547595220816e-20
    outer loop
      vertex -2.963956802146299 8.232706728349473 -23
      vertex -3.2210898359909312 8.1355442515222 0
      vertex -3.2210898359909312 8.1355442515222 -23
    endloop
  endfacet
  facet normal 0.3239174181981436 -0.9460853588275473 1.4761637809473842e-19
    outer loop
      vertex -2.7038987007807895 8.321744517582593 -23
      vertex -2.963956802146299 8.232706728349473 0
      vertex -2.963956802146299 8.232706728349473 -23
    endloop
  endfacet
  facet normal 0.29404032523230655 -0.9557930147983292 -1.1171048937663203e-19
    outer loop
      vertex -2.4411721778432565 8.402569749673251 -23
      vertex -2.7038987007807895 8.321744517582593 0
      vertex -2.7038987007807895 8.321744517582593 -23
    endloop
  endfacet
  facet normal 0.26387304996537086 -0.9645574184577987 -2.1696482391144652e-21
    outer loop
      vertex -2.17603651269248 8.475102659875521 -23
      vertex -2.4411721778432565 8.402569749673251 0
      vertex -2.4411721778432565 8.402569749673251 -23
    endloop
  endfacet
  facet normal 0.2334453638559121 -0.9723699203976749 2.0494744425521843e-19
    outer loop
      vertex -1.9087533622197466 8.53927166696404 -23
      vertex -2.17603651269248 8.475102659875521 0
      vertex -2.17603651269248 8.475102659875521 -23
    endloop
  endfacet
  facet normal 0.20278729535650766 -0.9792228106217667 -9.45481536837501e-20
    outer loop
      vertex -1.63958650262509 8.595013443876026 -23
      vertex -1.9087533622197466 8.53927166696404 0
      vertex -1.9087533622197466 8.53927166696404 -23
    endloop
  endfacet
  facet normal 0.17192910027941086 -0.9851093261547736 -8.045730639953183e-20
    outer loop
      vertex -1.36880156910202 8.642272980207455 -23
      vertex -1.63958650262509 8.595013443876026 0
      vertex -1.63958650262509 8.595013443876026 -23
    endloop
  endfacet
  facet normal 0.1409012319375871 -0.990023657716557 7.624987036145667e-20
    outer loop
      vertex -1.0966657936876625 8.681003636501682 -23
      vertex -1.36880156910202 8.642272980207455 0
      vertex -1.36880156910202 8.642272980207455 -23
    endloop
  endfacet
  facet normal 0.10973431109103927 -0.9939609554551804 0
    outer loop
      vertex -1.0966657936876625 8.681003636501682 -23
      vertex -0.8234477415370012 8.71116719027695 -23
      vertex -1.0966657936876625 8.681003636501682 0
    endloop
  endfacet
  facet normal 0.0784590957278475 -0.9969173337331277 -6.832100522364831e-20
    outer loop
      vertex -0.5494170458814912 8.732733873747376 -23
      vertex -0.8234477415370012 8.71116719027695 0
      vertex -0.8234477415370012 8.71116719027695 -23
    endloop
  endfacet
  facet normal 0.04710645070964177 -0.99888987496197 1.3715894922742991e-21
    outer loop
      vertex -0.27484414193362217 8.745682403200151 -23
      vertex -0.5494170458814912 8.732733873747376 0
      vertex -0.5494170458814912 8.732733873747376 -23
    endloop
  endfacet
  facet normal 0.015707317311821147 -0.9998766324816607 -5.228740954290262e-21
    outer loop
      vertex 0 8.75 -23
      vertex -0.27484414193362217 8.745682403200151 0
      vertex -0.27484414193362217 8.745682403200151 -23
    endloop
  endfacet
  facet normal 0.549022817998129 -0.835807361368272 -6.455183142554813e-17
    outer loop
      vertex -4.688484456066221 7.387869348142632 -23
      vertex -4.688484456066221 7.3878693481426305 0
      vertex -4.918229556206143 7.236955024902416 0
    endloop
  endfacet
  facet normal 0.5224985647159522 -0.8526401643540902 0
    outer loop
      vertex -4.454112387815749 7.531492736284507 -23
      vertex -4.454112387815749 7.531492736284507 0
      vertex -4.688484456066221 7.3878693481426305 0
    endloop
  endfacet
  facet normal 0.4954586684324054 -0.8686315144381926 0
    outer loop
      vertex -4.215344648390008 7.667683450383806 -23
      vertex -4.215344648390008 7.667683450383806 0
      vertex -4.454112387815749 7.531492736284507 0
    endloop
  endfacet
  facet normal 0.4679298142605753 -0.8837656300886924 0
    outer loop
      vertex -3.9724168727210345 7.796307086648219 -23
      vertex -3.9724168727210345 7.796307086648219 0
      vertex -4.215344648390008 7.667683450383806 0
    endloop
  endfacet
  facet normal 0.439939169855914 -0.8980275757606163 0
    outer loop
      vertex -3.7255688011943864 7.91723670907767 -23
      vertex -3.7255688011943864 7.91723670907767 0
      vertex -3.9724168727210345 7.796307086648219 0
    endloop
  endfacet
  facet normal 0.4115143586051128 -0.9114032766354435 0
    outer loop
      vertex -3.4750440430543312 8.030352974734836 -23
      vertex -3.4750440430543312 8.030352974734836 0
      vertex -3.7255688011943864 7.91723670907767 0
    endloop
  endfacet
  facet normal 0.38268343236508556 -0.9238795325112885 0
    outer loop
      vertex -3.2210898359909312 8.1355442515222 -23
      vertex -3.2210898359909312 8.1355442515222 0
      vertex -3.4750440430543312 8.030352974734836 0
    endloop
  endfacet
  facet normal 0.3534748437792594 -0.9354440308298664 0
    outer loop
      vertex -2.963956802146299 8.232706728349473 -23
      vertex -2.963956802146299 8.232706728349473 0
      vertex -3.2210898359909312 8.1355442515222 0
    endloop
  endfacet
  facet normal 0.3239174181981436 -0.9460853588275473 0
    outer loop
      vertex -2.7038987007807895 8.321744517582593 -23
      vertex -2.7038987007807895 8.321744517582593 0
      vertex -2.963956802146299 8.232706728349473 0
    endloop
  endfacet
  facet normal 0.29404032523230655 -0.9557930147983292 0
    outer loop
      vertex -2.4411721778432565 8.402569749673251 -23
      vertex -2.4411721778432565 8.402569749673251 0
      vertex -2.7038987007807895 8.321744517582593 0
    endloop
  endfacet
  facet normal 0.26387304996537086 -0.9645574184577987 0
    outer loop
      vertex -2.17603651269248 8.475102659875521 -23
      vertex -2.17603651269248 8.475102659875521 0
      vertex -2.4411721778432565 8.402569749673251 0
    endloop
  endfacet
  facet normal 0.2334453638559121 -0.9723699203976749 0
    outer loop
      vertex -1.9087533622197466 8.53927166696404 -23
      vertex -1.9087533622197466 8.53927166696404 0
      vertex -2.17603651269248 8.475102659875521 0
    endloop
  endfacet
  facet normal 0.20278729535650766 -0.9792228106217667 0
    outer loop
      vertex -1.63958650262509 8.595013443876026 -23
      vertex -1.63958650262509 8.595013443876026 0
      vertex -1.9087533622197466 8.53927166696404 0
    endloop
  endfacet
  facet normal 0.17192910027941086 -0.9851093261547736 0
    outer loop
      vertex -1.36880156910202 8.642272980207455 -23
      vertex -1.36880156910202 8.642272980207455 0
      vertex -1.63958650262509 8.595013443876026 0
    endloop
  endfacet
  facet normal 0.1409012319375871 -0.990023657716557 0
    outer loop
      vertex -1.0966657936876625 8.681003636501682 -23
      vertex -1.0966657936876625 8.681003636501682 0
      vertex -1.36880156910202 8.642272980207455 0
    endloop
  endfacet
  facet normal 0.10973431109103927 -0.9939609554551804 0
    outer loop
      vertex -0.8234477415370012 8.71116719027695 -23
      vertex -0.8234477415370012 8.71116719027695 0
      vertex -1.0966657936876625 8.681003636501682 0
    endloop
  endfacet
  facet normal 0.0784590957278475 -0.9969173337331277 0
    outer loop
      vertex -0.5494170458814912 8.732733873747376 -23
      vertex -0.5494170458814912 8.732733873747376 0
      vertex -0.8234477415370012 8.71116719027695 0
    endloop
  endfacet
  facet normal 0.04710645070964177 -0.99888987496197 0
    outer loop
      vertex -0.27484414193362217 8.745682403200151 -23
      vertex -0.27484414193362217 8.745682403200151 0
      vertex -0.5494170458814912 8.732733873747376 0
    endloop
  endfacet
  facet normal 0.015707317311821147 -0.9998766324816607 0
    outer loop
      vertex 0 8.75 -23
      vertex 0 8.75 0
      vertex -0.27484414193362217 8.745682403200151 0
    endloop
  endfacet
  facet normal -0.015707317311821026 0.9998766324816607 0
    outer loop
      vertex 0.2748441419336243 -8.745682403200151 -23
      vertex 0 -8.75 -23
      vertex 0.2748441419336243 -8.745682403200151 0
    endloop
  endfacet
  facet normal -0.047106450709641416 0.99888987496197 0
    outer loop
      vertex 0.5494170458814954 -8.732733873747376 -23
      vertex 0.2748441419336243 -8.745682403200151 -23
      vertex 0.5494170458814954 -8.732733873747376 0
    endloop
  endfacet
  facet normal -0.07845909572784991 0.9969173337331275 0
    outer loop
      vertex 0.8234477415369968 -8.71116719027695 -23
      vertex 0.5494170458814954 -8.732733873747376 -23
      vertex 0.8234477415369968 -8.71116719027695 0
    endloop
  endfacet
  facet normal -0.10973431109103833 0.9939609554551805 -1.7686257008876486e-20
    outer loop
      vertex 0.8234477415369968 -8.71116719027695 -23
      vertex 1.0966657936876605 -8.681003636501682 0
      vertex 1.0966657936876605 -8.681003636501682 -23
    endloop
  endfacet
  facet normal -0.14090123193758608 0.990023657716557 0
    outer loop
      vertex 1.36880156910202 -8.642272980207455 -23
      vertex 1.0966657936876605 -8.681003636501682 -23
      vertex 1.36880156910202 -8.642272980207455 0
    endloop
  endfacet
  facet normal -0.17192910027940952 0.9851093261547739 0
    outer loop
      vertex 1.6395865026250922 -8.595013443876026 -23
      vertex 1.36880156910202 -8.642272980207455 -23
      vertex 1.6395865026250922 -8.595013443876026 0
    endloop
  endfacet
  facet normal -0.20278729535651258 0.9792228106217657 0
    outer loop
      vertex 1.9087533622197506 -8.539271666964039 -23
      vertex 1.6395865026250922 -8.595013443876026 -23
      vertex 1.9087533622197506 -8.539271666964039 0
    endloop
  endfacet
  facet normal -0.2334453638559093 0.9723699203976758 0
    outer loop
      vertex 2.17603651269248 -8.475102659875521 -23
      vertex 1.9087533622197506 -8.539271666964039 -23
      vertex 2.17603651269248 -8.475102659875521 0
    endloop
  endfacet
  facet normal -0.26387304996536687 0.9645574184577996 0
    outer loop
      vertex 2.4411721778432542 -8.402569749673253 -23
      vertex 2.17603651269248 -8.475102659875521 -23
      vertex 2.4411721778432542 -8.402569749673253 0
    endloop
  endfacet
  facet normal -0.2940403252323102 0.9557930147983282 0
    outer loop
      vertex 2.7038987007807895 -8.321744517582593 -23
      vertex 2.4411721778432542 -8.402569749673253 -23
      vertex 2.7038987007807895 -8.321744517582593 0
    endloop
  endfacet
  facet normal -0.3239174181981412 0.9460853588275481 0
    outer loop
      vertex 2.9639568021463014 -8.232706728349473 -23
      vertex 2.7038987007807895 -8.321744517582593 -23
      vertex 2.9639568021463014 -8.232706728349473 0
    endloop
  endfacet
  facet normal -0.35347484377926214 0.9354440308298655 -3.997337447073994e-18
    outer loop
      vertex 3.2210898359909312 -8.1355442515222 -23
      vertex 2.9639568021463014 -8.232706728349473 -23
      vertex 3.2210898359909357 -8.135544251522198 0
    endloop
  endfacet
  facet normal -0.38268343236508556 0.9238795325112885 2.0296090470734845e-19
    outer loop
      vertex 3.2210898359909312 -8.1355442515222 -23
      vertex 3.4750440430543312 -8.030352974734836 0
      vertex 3.4750440430543312 -8.030352974734836 -23
    endloop
  endfacet
  facet normal -0.4115143586051137 0.911403276635443 0
    outer loop
      vertex 3.7255688011943837 -7.917236709077671 -23
      vertex 3.4750440430543312 -8.030352974734836 -23
      vertex 3.7255688011943837 -7.917236709077671 0
    endloop
  endfacet
  facet normal -0.4399391698559128 0.8980275757606168 0
    outer loop
      vertex 3.9724168727210345 -7.796307086648219 -23
      vertex 3.7255688011943837 -7.917236709077671 -23
      vertex 3.9724168727210345 -7.796307086648219 0
    endloop
  endfacet
  facet normal -0.4679298142605765 0.8837656300886919 0
    outer loop
      vertex 4.215344648390009 -7.667683450383805 -23
      vertex 3.9724168727210345 -7.796307086648219 -23
      vertex 4.215344648390009 -7.667683450383805 0
    endloop
  endfacet
  facet normal -0.4954586684324032 0.8686315144381938 -4.966122243966222e-18
    outer loop
      vertex 4.454112387815748 -7.531492736284508 -23
      vertex 4.215344648390009 -7.667683450383805 -23
      vertex 4.454112387815752 -7.531492736284505 0
    endloop
  endfacet
  facet normal -0.5224985647159531 0.8526401643540896 3.292593885864654e-17
    outer loop
      vertex 4.688484456066221 -7.387869348142631 0
      vertex 4.688484456066221 -7.3878693481426305 -23
      vertex 4.454112387815748 -7.531492736284508 -23
    endloop
  endfacet
  facet normal -0.5490228179981282 0.8358073613682726 0
    outer loop
      vertex 4.918229556206142 -7.236955024902417 -23
      vertex 4.688484456066221 -7.3878693481426305 -23
      vertex 4.918229556206142 -7.236955024902417 0
    endloop
  endfacet
  facet normal -0.015707317311821026 0.9998766324816607 0
    outer loop
      vertex 0 -8.75 -23
      vertex 0 -8.75 0
      vertex 0.2748441419336243 -8.745682403200151 0
    endloop
  endfacet
  facet normal -0.047106450709641416 0.99888987496197 0
    outer loop
      vertex 0.2748441419336243 -8.745682403200151 -23
      vertex 0.2748441419336243 -8.745682403200151 0
      vertex 0.5494170458814954 -8.732733873747376 0
    endloop
  endfacet
  facet normal -0.07845909572784991 0.9969173337331275 0
    outer loop
      vertex 0.5494170458814954 -8.732733873747376 -23
      vertex 0.5494170458814954 -8.732733873747376 0
      vertex 0.8234477415369968 -8.71116719027695 0
    endloop
  endfacet
  facet normal -0.10973431109103833 0.9939609554551805 0
    outer loop
      vertex 0.8234477415369968 -8.71116719027695 -23
      vertex 0.8234477415369968 -8.71116719027695 0
      vertex 1.0966657936876605 -8.681003636501682 0
    endloop
  endfacet
  facet normal -0.14090123193758608 0.990023657716557 0
    outer loop
      vertex 1.0966657936876605 -8.681003636501682 -23
      vertex 1.0966657936876605 -8.681003636501682 0
      vertex 1.36880156910202 -8.642272980207455 0
    endloop
  endfacet
  facet normal -0.17192910027940952 0.9851093261547739 0
    outer loop
      vertex 1.36880156910202 -8.642272980207455 -23
      vertex 1.36880156910202 -8.642272980207455 0
      vertex 1.6395865026250922 -8.595013443876026 0
    endloop
  endfacet
  facet normal -0.20278729535651258 0.9792228106217657 0
    outer loop
      vertex 1.6395865026250922 -8.595013443876026 -23
      vertex 1.6395865026250922 -8.595013443876026 0
      vertex 1.9087533622197506 -8.539271666964039 0
    endloop
  endfacet
  facet normal -0.2334453638559093 0.9723699203976758 0
    outer loop
      vertex 1.9087533622197506 -8.539271666964039 -23
      vertex 1.9087533622197506 -8.539271666964039 0
      vertex 2.17603651269248 -8.475102659875521 0
    endloop
  endfacet
  facet normal -0.26387304996536687 0.9645574184577996 0
    outer loop
      vertex 2.17603651269248 -8.475102659875521 -23
      vertex 2.17603651269248 -8.475102659875521 0
      vertex 2.4411721778432542 -8.402569749673253 0
    endloop
  endfacet
  facet normal -0.2940403252323102 0.9557930147983282 0
    outer loop
      vertex 2.4411721778432542 -8.402569749673253 -23
      vertex 2.4411721778432542 -8.402569749673253 0
      vertex 2.7038987007807895 -8.321744517582593 0
    endloop
  endfacet
  facet normal -0.3239174181981412 0.9460853588275481 0
    outer loop
      vertex 2.7038987007807895 -8.321744517582593 -23
      vertex 2.7038987007807895 -8.321744517582593 0
      vertex 2.9639568021463014 -8.232706728349473 0
    endloop
  endfacet
  facet normal -0.3534748437792624 0.9354440308298654 0
    outer loop
      vertex 2.9639568021463014 -8.232706728349473 -23
      vertex 2.9639568021463014 -8.232706728349473 0
      vertex 3.2210898359909357 -8.135544251522198 0
    endloop
  endfacet
  facet normal -0.3826834323650858 0.9238795325112885 2.535482811255431e-18
    outer loop
      vertex 3.2210898359909312 -8.1355442515222 -23
      vertex 3.2210898359909357 -8.135544251522198 0
      vertex 3.4750440430543312 -8.030352974734836 0
    endloop
  endfacet
  facet normal -0.4115143586051137 0.911403276635443 0
    outer loop
      vertex 3.4750440430543312 -8.030352974734836 -23
      vertex 3.4750440430543312 -8.030352974734836 0
      vertex 3.7255688011943837 -7.917236709077671 0
    endloop
  endfacet
  facet normal -0.4399391698559128 0.8980275757606168 0
    outer loop
      vertex 3.7255688011943837 -7.917236709077671 -23
      vertex 3.7255688011943837 -7.917236709077671 0
      vertex 3.9724168727210345 -7.796307086648219 0
    endloop
  endfacet
  facet normal -0.4679298142605765 0.8837656300886919 0
    outer loop
      vertex 3.9724168727210345 -7.796307086648219 -23
      vertex 3.9724168727210345 -7.796307086648219 0
      vertex 4.215344648390009 -7.667683450383805 0
    endloop
  endfacet
  facet normal -0.4954586684324036 0.8686315144381935 0
    outer loop
      vertex 4.215344648390009 -7.667683450383805 -23
      vertex 4.215344648390009 -7.667683450383805 0
      vertex 4.454112387815752 -7.531492736284505 0
    endloop
  endfacet
  facet normal -0.5224985647159509 0.852640164354091 2.1073898381899966e-18
    outer loop
      vertex 4.454112387815748 -7.531492736284508 -23
      vertex 4.454112387815752 -7.531492736284505 0
      vertex 4.688484456066221 -7.387869348142631 0
    endloop
  endfacet
  facet normal -0.5490228179981305 0.8358073613682712 3.2275915712774026e-17
    outer loop
      vertex 4.688484456066221 -7.387869348142631 0
      vertex 4.918229556206142 -7.236955024902417 0
      vertex 4.688484456066221 -7.3878693481426305 -23
    endloop
  endfacet
  facet normal -0.575005252043278 0.818149717425024 0
    outer loop
      vertex 5.14312095755914 -7.07889870078079 -23
      vertex 4.918229556206142 -7.236955024902417 -23
      vertex 5.14312095755914 -7.07889870078079 0
    endloop
  endfacet
  facet normal -0.6004202253258872 0.7996846584870883 0
    outer loop
      vertex 5.362936719463546 -6.913856358287289 -23
      vertex 5.14312095755914 -7.07889870078079 -23
      vertex 5.362936719463546 -6.913856358287289 0
    endloop
  endfacet
  facet normal -0.6252426563357018 0.7804304073383326 -1.7935886480585087e-17
    outer loop
      vertex 5.362936719463546 -6.913856358287289 -23
      vertex 5.577459910301037 -6.741990874288154 0
      vertex 5.577459910301035 -6.741990874288157 -23
    endloop
  endfacet
  facet normal -0.6494480483301852 0.7604059656000295 0
    outer loop
      vertex 5.786478821581954 -6.563471859266521 -23
      vertex 5.577459910301035 -6.741990874288157 -23
      vertex 5.786478821581954 -6.563471859266521 0
    endloop
  endfacet
  facet normal -0.6730125135097738 0.7396310949786093 0
    outer loop
      vertex 5.989787176876025 -6.378475489937352 -23
      vertex 5.786478821581954 -6.563471859266521 -23
      vertex 5.989787176876025 -6.378475489937352 0
    endloop
  endfacet
  facet normal -0.6959127965923133 0.7181262977631898 -2.0538882330001027e-20
    outer loop
      vertex 5.989787176876025 -6.378475489937352 -23
      vertex 6.187184335382291 -6.187184335382291 0
      vertex 6.187184335382291 -6.187184335382291 -23
    endloop
  endfacet
  facet normal -0.7181262977631898 0.6959127965923133 -2.0538882330001027e-20
    outer loop
      vertex 6.378475489937352 -5.989787176876025 -23
      vertex 6.187184335382291 -6.187184335382291 -23
      vertex 6.187184335382291 -6.187184335382291 0
    endloop
  endfacet
  facet normal -0.7396310949786093 0.6730125135097738 4.912387032325643e-19
    outer loop
      vertex 6.563471859266521 -5.786478821581954 -23
      vertex 6.378475489937352 -5.989787176876025 -23
      vertex 6.378475489937352 -5.989787176876025 0
    endloop
  endfacet
  facet normal -0.7604059656000295 0.6494480483301852 -1.222497645223442e-17
    outer loop
      vertex 6.563471859266521 -5.786478821581954 -23
      vertex 6.5634718592665235 -5.786478821581951 0
      vertex 6.741990874288157 -5.577459910301035 -23
    endloop
  endfacet
  facet normal -0.7804304073383326 0.6252426563357018 -3.711555045384443e-19
    outer loop
      vertex 6.913856358287289 -5.362936719463546 -23
      vertex 6.741990874288157 -5.577459910301035 -23
      vertex 6.741990874288157 -5.577459910301035 0
    endloop
  endfacet
  facet normal -0.7996846584870883 0.6004202253258872 0
    outer loop
      vertex 6.913856358287289 -5.362936719463546 -23
      vertex 6.913856358287289 -5.362936719463546 0
      vertex 7.07889870078079 -5.14312095755914 -23
    endloop
  endfacet
  facet normal -0.818149717425024 0.575005252043278 0
    outer loop
      vertex 7.07889870078079 -5.14312095755914 -23
      vertex 7.07889870078079 -5.14312095755914 0
      vertex 7.236955024902417 -4.918229556206142 -23
    endloop
  endfacet
  facet normal -0.575005252043278 0.818149717425024 0
    outer loop
      vertex 4.918229556206142 -7.236955024902417 -23
      vertex 4.918229556206142 -7.236955024902417 0
      vertex 5.14312095755914 -7.07889870078079 0
    endloop
  endfacet
  facet normal -0.6004202253258872 0.7996846584870883 0
    outer loop
      vertex 5.14312095755914 -7.07889870078079 -23
      vertex 5.14312095755914 -7.07889870078079 0
      vertex 5.362936719463546 -6.913856358287289 0
    endloop
  endfacet
  facet normal -0.625242656335703 0.7804304073383316 0
    outer loop
      vertex 5.362936719463546 -6.913856358287289 -23
      vertex 5.362936719463546 -6.913856358287289 0
      vertex 5.577459910301037 -6.741990874288154 0
    endloop
  endfacet
  facet normal -0.6494480483301844 0.7604059656000303 -1.2854403601819427e-17
    outer loop
      vertex 5.577459910301035 -6.741990874288157 -23
      vertex 5.577459910301037 -6.741990874288154 0
      vertex 5.786478821581954 -6.563471859266521 0
    endloop
  endfacet
  facet normal -0.6730125135097738 0.7396310949786093 0
    outer loop
      vertex 5.786478821581954 -6.563471859266521 -23
      vertex 5.786478821581954 -6.563471859266521 0
      vertex 5.989787176876025 -6.378475489937352 0
    endloop
  endfacet
  facet normal -0.6959127965923133 0.7181262977631898 0
    outer loop
      vertex 5.989787176876025 -6.378475489937352 -23
      vertex 5.989787176876025 -6.378475489937352 0
      vertex 6.187184335382291 -6.187184335382291 0
    endloop
  endfacet
  facet normal -0.7181262977631898 0.6959127965923133 0
    outer loop
      vertex 6.378475489937352 -5.989787176876025 -23
      vertex 6.187184335382291 -6.187184335382291 0
      vertex 6.378475489937352 -5.989787176876025 0
    endloop
  endfacet
  facet normal -0.7396310949786103 0.6730125135097726 -1.827163615011087e-17
    outer loop
      vertex 6.563471859266521 -5.786478821581954 -23
      vertex 6.378475489937352 -5.989787176876025 0
      vertex 6.5634718592665235 -5.786478821581951 0
    endloop
  endfacet
  facet normal -0.7604059656000289 0.6494480483301861 0
    outer loop
      vertex 6.741990874288157 -5.577459910301035 -23
      vertex 6.5634718592665235 -5.786478821581951 0
      vertex 6.741990874288157 -5.577459910301035 0
    endloop
  endfacet
  facet normal -0.7804304073383326 0.6252426563357018 0
    outer loop
      vertex 6.913856358287289 -5.362936719463546 -23
      vertex 6.741990874288157 -5.577459910301035 0
      vertex 6.913856358287289 -5.362936719463546 0
    endloop
  endfacet
  facet normal -0.7996846584870883 0.6004202253258872 0
    outer loop
      vertex 7.07889870078079 -5.14312095755914 -23
      vertex 6.913856358287289 -5.362936719463546 0
      vertex 7.07889870078079 -5.14312095755914 0
    endloop
  endfacet
  facet normal -0.818149717425024 0.575005252043278 0
    outer loop
      vertex 7.236955024902417 -4.918229556206142 -23
      vertex 7.07889870078079 -5.14312095755914 0
      vertex 7.236955024902417 -4.918229556206142 0
    endloop
  endfacet
  facet normal -0.8358073613682726 0.5490228179981282 -2.240881347256122e-19
    outer loop
      vertex 7.3878693481426305 -4.688484456066221 -23
      vertex 7.236955024902417 -4.918229556206142 -23
      vertex 7.236955024902417 -4.918229556206142 0
    endloop
  endfacet
  facet normal -0.8526401643540896 0.5224985647159531 3.081854902045596e-17
    outer loop
      vertex 7.387869348142634 -4.688484456066217 0
      vertex 7.531492736284508 -4.454112387815748 -23
      vertex 7.3878693481426305 -4.688484456066221 -23
    endloop
  endfacet
  facet normal -0.8686315144381938 0.4954586684324032 0
    outer loop
      vertex 7.531492736284508 -4.454112387815748 -23
      vertex 7.531492736284508 -4.454112387815748 0
      vertex 7.667683450383805 -4.215344648390009 -23
    endloop
  endfacet
  facet normal -0.8837656300886919 0.4679298142605765 -1.503827192805948e-19
    outer loop
      vertex 7.796307086648219 -3.9724168727210345 -23
      vertex 7.667683450383805 -4.215344648390009 -23
      vertex 7.667683450383805 -4.215344648390009 0
    endloop
  endfacet
  facet normal -0.8980275757606168 0.4399391698559128 0
    outer loop
      vertex 7.796307086648219 -3.9724168727210345 -23
      vertex 7.796307086648219 -3.9724168727210345 0
      vertex 7.917236709077671 -3.7255688011943837 -23
    endloop
  endfacet
  facet normal -0.911403276635443 0.4115143586051137 -1.9655402011023162e-19
    outer loop
      vertex 8.030352974734836 -3.4750440430543312 -23
      vertex 7.917236709077671 -3.7255688011943837 -23
      vertex 7.917236709077671 -3.7255688011943837 0
    endloop
  endfacet
  facet normal -0.9238795325112885 0.38268343236508556 2.0296090470734845e-19
    outer loop
      vertex 8.1355442515222 -3.2210898359909312 -23
      vertex 8.030352974734836 -3.4750440430543312 -23
      vertex 8.030352974734836 -3.4750440430543312 0
    endloop
  endfacet
  facet normal -0.9354440308298655 0.35347484377926214 -3.997337447073994e-18
    outer loop
      vertex 8.1355442515222 -3.2210898359909312 -23
      vertex 8.135544251522198 -3.2210898359909357 0
      vertex 8.232706728349473 -2.9639568021463014 -23
    endloop
  endfacet
  facet normal -0.9460853588275481 0.3239174181981412 0
    outer loop
      vertex 8.232706728349473 -2.9639568021463014 -23
      vertex 8.232706728349473 -2.9639568021463014 0
      vertex 8.321744517582593 -2.7038987007807895 -23
    endloop
  endfacet
  facet normal -0.9557930147983282 0.2940403252323102 0
    outer loop
      vertex 8.321744517582593 -2.7038987007807895 -23
      vertex 8.321744517582593 -2.7038987007807895 0
      vertex 8.402569749673253 -2.4411721778432542 -23
    endloop
  endfacet
  facet normal -0.9645574184577996 0.26387304996536687 0
    outer loop
      vertex 8.402569749673253 -2.4411721778432542 -23
      vertex 8.402569749673253 -2.4411721778432542 0
      vertex 8.475102659875521 -2.17603651269248 -23
    endloop
  endfacet
  facet normal -0.9723699203976749 0.2334453638559121 3.9039627004436e-17
    outer loop
      vertex 8.475102659875523 -2.1760365126924763 0
      vertex 8.53927166696404 -1.9087533622197466 -23
      vertex 8.475102659875521 -2.17603651269248 -23
    endloop
  endfacet
  facet normal -0.9792228106217664 0.20278729535650925 0
    outer loop
      vertex 8.53927166696404 -1.9087533622197466 -23
      vertex 8.53927166696404 -1.9087533622197466 0
      vertex 8.595013443876026 -1.6395865026250922 -23
    endloop
  endfacet
  facet normal -0.9851093261547739 0.17192910027940952 0
    outer loop
      vertex 8.595013443876026 -1.6395865026250922 -23
      vertex 8.595013443876026 -1.6395865026250922 0
      vertex 8.642272980207455 -1.36880156910202 -23
    endloop
  endfacet
  facet normal -0.990023657716557 0.14090123193758608 0
    outer loop
      vertex 8.642272980207455 -1.36880156910202 -23
      vertex 8.642272980207455 -1.36880156910202 0
      vertex 8.681003636501682 -1.0966657936876605 -23
    endloop
  endfacet
  facet normal -0.9939609554551804 0.10973431109104007 -9.677266880090127e-20
    outer loop
      vertex 8.71116719027695 -0.8234477415370012 -23
      vertex 8.681003636501682 -1.0966657936876605 -23
      vertex 8.681003636501682 -1.0966657936876605 0
    endloop
  endfacet
  facet normal -0.9969173337331277 0.0784590957278475 -3.787264981231545e-19
    outer loop
      vertex 8.71116719027695 -0.8234477415370012 -23
      vertex 8.71116719027695 -0.8234477415370011 0
      vertex 8.732733873747376 -0.5494170458814912 -23
    endloop
  endfacet
  facet normal -0.99888987496197 0.04710645070964214 0
    outer loop
      vertex 8.732733873747376 -0.5494170458814912 0
      vertex 8.745682403200151 -0.2748441419336243 -23
      vertex 8.732733873747376 -0.5494170458814912 -23
    endloop
  endfacet
  facet normal -0.9998766324816607 0.015707317311821026 0
    outer loop
      vertex 8.745682403200151 -0.2748441419336243 -23
      vertex 8.745682403200151 -0.2748441419336243 0
      vertex 8.75 0 -23
    endloop
  endfacet
  facet normal -0.8358073613682716 0.5490228179981299 2.309709353177259e-17
    outer loop
      vertex 7.387869348142634 -4.688484456066217 0
      vertex 7.3878693481426305 -4.688484456066221 -23
      vertex 7.236955024902417 -4.918229556206142 0
    endloop
  endfacet
  facet normal -0.852640164354091 0.5224985647159509 4.089353884087597e-19
    outer loop
      vertex 7.387869348142634 -4.688484456066217 0
      vertex 7.531492736284508 -4.454112387815748 0
      vertex 7.531492736284508 -4.454112387815748 -23
    endloop
  endfacet
  facet normal -0.8686315144381938 0.4954586684324032 0
    outer loop
      vertex 7.667683450383805 -4.215344648390009 -23
      vertex 7.531492736284508 -4.454112387815748 0
      vertex 7.667683450383805 -4.215344648390009 0
    endloop
  endfacet
  facet normal -0.8837656300886919 0.4679298142605765 0
    outer loop
      vertex 7.796307086648219 -3.9724168727210345 -23
      vertex 7.667683450383805 -4.215344648390009 0
      vertex 7.796307086648219 -3.9724168727210345 0
    endloop
  endfacet
  facet normal -0.8980275757606168 0.4399391698559128 0
    outer loop
      vertex 7.917236709077671 -3.7255688011943837 -23
      vertex 7.796307086648219 -3.9724168727210345 0
      vertex 7.917236709077671 -3.7255688011943837 0
    endloop
  endfacet
  facet normal -0.911403276635443 0.4115143586051137 0
    outer loop
      vertex 8.030352974734836 -3.4750440430543312 -23
      vertex 7.917236709077671 -3.7255688011943837 0
      vertex 8.030352974734836 -3.4750440430543312 0
    endloop
  endfacet
  facet normal -0.9238795325112885 0.3826834323650858 2.535482811255431e-18
    outer loop
      vertex 8.1355442515222 -3.2210898359909312 -23
      vertex 8.030352974734836 -3.4750440430543312 0
      vertex 8.135544251522198 -3.2210898359909357 0
    endloop
  endfacet
  facet normal -0.9354440308298654 0.3534748437792624 0
    outer loop
      vertex 8.232706728349473 -2.9639568021463014 -23
      vertex 8.135544251522198 -3.2210898359909357 0
      vertex 8.232706728349473 -2.9639568021463014 0
    endloop
  endfacet
  facet normal -0.9460853588275481 0.3239174181981412 0
    outer loop
      vertex 8.321744517582593 -2.7038987007807895 -23
      vertex 8.232706728349473 -2.9639568021463014 0
      vertex 8.321744517582593 -2.7038987007807895 0
    endloop
  endfacet
  facet normal -0.9557930147983282 0.2940403252323102 0
    outer loop
      vertex 8.402569749673253 -2.4411721778432542 -23
      vertex 8.321744517582593 -2.7038987007807895 0
      vertex 8.402569749673253 -2.4411721778432542 0
    endloop
  endfacet
  facet normal -0.9645574184577991 0.26387304996536964 3.373620753012974e-17
    outer loop
      vertex 8.475102659875523 -2.1760365126924763 0
      vertex 8.475102659875521 -2.17603651269248 -23
      vertex 8.402569749673253 -2.4411721778432542 0
    endloop
  endfacet
  facet normal -0.9723699203976758 0.23344536385590894 -1.0128753832889009e-19
    outer loop
      vertex 8.475102659875523 -2.1760365126924763 0
      vertex 8.53927166696404 -1.9087533622197466 0
      vertex 8.53927166696404 -1.9087533622197466 -23
    endloop
  endfacet
  facet normal -0.9792228106217664 0.20278729535650925 0
    outer loop
      vertex 8.595013443876026 -1.6395865026250922 -23
      vertex 8.53927166696404 -1.9087533622197466 0
      vertex 8.595013443876026 -1.6395865026250922 0
    endloop
  endfacet
  facet normal -0.9851093261547739 0.17192910027940952 0
    outer loop
      vertex 8.642272980207455 -1.36880156910202 -23
      vertex 8.595013443876026 -1.6395865026250922 0
      vertex 8.642272980207455 -1.36880156910202 0
    endloop
  endfacet
  facet normal -0.990023657716557 0.14090123193758608 0
    outer loop
      vertex 8.681003636501682 -1.0966657936876605 -23
      vertex 8.642272980207455 -1.36880156910202 0
      vertex 8.681003636501682 -1.0966657936876605 0
    endloop
  endfacet
  facet normal -0.9939609554551804 0.10973431109104002 -5.296937337593579e-19
    outer loop
      vertex 8.71116719027695 -0.8234477415370012 -23
      vertex 8.681003636501682 -1.0966657936876605 0
      vertex 8.71116719027695 -0.8234477415370011 0
    endloop
  endfacet
  facet normal -0.9969173337331277 0.07845909572784752 0
    outer loop
      vertex 8.732733873747376 -0.5494170458814912 -23
      vertex 8.71116719027695 -0.8234477415370011 0
      vertex 8.732733873747376 -0.5494170458814912 0
    endloop
  endfacet
  facet normal -0.99888987496197 0.04710645070964214 2.630524513435929e-21
    outer loop
      vertex 8.732733873747376 -0.5494170458814912 0
      vertex 8.745682403200151 -0.2748441419336243 0
      vertex 8.745682403200151 -0.2748441419336243 -23
    endloop
  endfacet
  facet normal -0.9998766324816607 0.015707317311821026 0
    outer loop
      vertex 8.75 0 -23
      vertex 8.745682403200151 -0.2748441419336243 0
      vertex 8.75 0 0
    endloop
  endfacet
  facet normal -0.10973431109103927 -0.9939609554551804 -1.0858183268114363e-19
    outer loop
      vertex 1.0966657936876625 8.681003636501682 -23
      vertex 0.8234477415370012 8.71116719027695 0
      vertex 0.8234477415370012 8.71116719027695 -23
    endloop
  endfacet
  facet normal -0.1409012319375871 -0.990023657716557 -7.624987036145667e-20
    outer loop
      vertex 1.36880156910202 8.642272980207455 -23
      vertex 1.0966657936876625 8.681003636501682 0
      vertex 1.0966657936876625 8.681003636501682 -23
    endloop
  endfacet
  facet normal -0.015707317311821147 -0.9998766324816607 5.228740954290262e-21
    outer loop
      vertex 0.27484414193362217 8.745682403200151 -23
      vertex 0 8.75 0
      vertex 0 8.75 -23
    endloop
  endfacet
  facet normal -0.04710645070964177 -0.99888987496197 -1.3715894922742991e-21
    outer loop
      vertex 0.5494170458814912 8.732733873747376 -23
      vertex 0.27484414193362217 8.745682403200151 0
      vertex 0.27484414193362217 8.745682403200151 -23
    endloop
  endfacet
  facet normal -0.0784590957278475 -0.9969173337331277 6.832100522364831e-20
    outer loop
      vertex 0.8234477415370012 8.71116719027695 -23
      vertex 0.5494170458814912 8.732733873747376 0
      vertex 0.5494170458814912 8.732733873747376 -23
    endloop
  endfacet
  facet normal -0.17192910027941086 -0.9851093261547736 8.045730639953183e-20
    outer loop
      vertex 1.63958650262509 8.595013443876026 -23
      vertex 1.36880156910202 8.642272980207455 0
      vertex 1.36880156910202 8.642272980207455 -23
    endloop
  endfacet
  facet normal -0.20278729535650766 -0.9792228106217667 9.45481536837501e-20
    outer loop
      vertex 1.9087533622197466 8.53927166696404 -23
      vertex 1.63958650262509 8.595013443876026 0
      vertex 1.63958650262509 8.595013443876026 -23
    endloop
  endfacet
  facet normal -0.2334453638559121 -0.9723699203976749 -2.0494744425521843e-19
    outer loop
      vertex 2.17603651269248 8.475102659875521 -23
      vertex 1.9087533622197466 8.53927166696404 0
      vertex 1.9087533622197466 8.53927166696404 -23
    endloop
  endfacet
  facet normal -0.26387304996537086 -0.9645574184577987 2.1696482391144652e-21
    outer loop
      vertex 2.4411721778432565 8.402569749673251 -23
      vertex 2.17603651269248 8.475102659875521 0
      vertex 2.17603651269248 8.475102659875521 -23
    endloop
  endfacet
  facet normal -0.549022817998129 -0.835807361368272 6.455183142554813e-17
    outer loop
      vertex 4.688484456066221 7.387869348142632 0
      vertex 4.688484456066221 7.3878693481426305 -23
      vertex 4.918229556206143 7.236955024902416 -23
    endloop
  endfacet
  facet normal -0.29404032523230655 -0.9557930147983292 1.1171048937663203e-19
    outer loop
      vertex 2.7038987007807895 8.321744517582593 -23
      vertex 2.4411721778432565 8.402569749673251 0
      vertex 2.4411721778432565 8.402569749673251 -23
    endloop
  endfacet
  facet normal -0.3239174181981436 -0.9460853588275473 -1.4761637809473842e-19
    outer loop
      vertex 2.963956802146299 8.232706728349473 -23
      vertex 2.7038987007807895 8.321744517582593 0
      vertex 2.7038987007807895 8.321744517582593 -23
    endloop
  endfacet
  facet normal -0.3534748437792594 -0.9354440308298664 -8.8547595220816e-20
    outer loop
      vertex 3.2210898359909312 8.1355442515222 -23
      vertex 2.963956802146299 8.232706728349473 0
      vertex 2.963956802146299 8.232706728349473 -23
    endloop
  endfacet
  facet normal -0.4115143586051128 -0.9114032766354435 1.9236682626989755e-19
    outer loop
      vertex 3.7255688011943864 7.91723670907767 -23
      vertex 3.4750440430543312 8.030352974734836 0
      vertex 3.4750440430543312 8.030352974734836 -23
    endloop
  endfacet
  facet normal -0.38268343236508556 -0.9238795325112885 -2.0296090470734845e-19
    outer loop
      vertex 3.4750440430543312 8.030352974734836 -23
      vertex 3.2210898359909312 8.1355442515222 0
      vertex 3.2210898359909312 8.1355442515222 -23
    endloop
  endfacet
  facet normal -0.439939169855914 -0.8980275757606163 3.331582927253819e-20
    outer loop
      vertex 3.9724168727210345 7.796307086648219 -23
      vertex 3.7255688011943864 7.91723670907767 0
      vertex 3.7255688011943864 7.91723670907767 -23
    endloop
  endfacet
  facet normal -0.4679298142605753 -0.8837656300886924 2.1467770523662527e-19
    outer loop
      vertex 4.215344648390008 7.667683450383806 -23
      vertex 3.9724168727210345 7.796307086648219 0
      vertex 3.9724168727210345 7.796307086648219 -23
    endloop
  endfacet
  facet normal -0.49545866843240427 -0.8686315144381932 -1.7686262086328802e-19
    outer loop
      vertex 4.454112387815748 7.531492736284508 -23
      vertex 4.215344648390008 7.667683450383806 0
      vertex 4.215344648390008 7.667683450383806 -23
    endloop
  endfacet
  facet normal -0.5224985647159531 -0.8526401643540896 -3.1835209459599204e-19
    outer loop
      vertex 4.688484456066221 7.3878693481426305 -23
      vertex 4.454112387815748 7.531492736284508 0
      vertex 4.454112387815748 7.531492736284508 -23
    endloop
  endfacet
  facet normal -0.10973431109103927 -0.9939609554551804 0
    outer loop
      vertex 1.0966657936876625 8.681003636501682 -23
      vertex 1.0966657936876625 8.681003636501682 0
      vertex 0.8234477415370012 8.71116719027695 0
    endloop
  endfacet
  facet normal -0.015707317311821147 -0.9998766324816607 0
    outer loop
      vertex 0.27484414193362217 8.745682403200151 -23
      vertex 0.27484414193362217 8.745682403200151 0
      vertex 0 8.75 0
    endloop
  endfacet
  facet normal -0.04710645070964177 -0.99888987496197 0
    outer loop
      vertex 0.5494170458814912 8.732733873747376 -23
      vertex 0.5494170458814912 8.732733873747376 0
      vertex 0.27484414193362217 8.745682403200151 0
    endloop
  endfacet
  facet normal -0.0784590957278475 -0.9969173337331277 0
    outer loop
      vertex 0.8234477415370012 8.71116719027695 -23
      vertex 0.8234477415370012 8.71116719027695 0
      vertex 0.5494170458814912 8.732733873747376 0
    endloop
  endfacet
  facet normal -0.1409012319375871 -0.990023657716557 0
    outer loop
      vertex 1.36880156910202 8.642272980207455 -23
      vertex 1.36880156910202 8.642272980207455 0
      vertex 1.0966657936876625 8.681003636501682 0
    endloop
  endfacet
  facet normal -0.17192910027941086 -0.9851093261547736 0
    outer loop
      vertex 1.63958650262509 8.595013443876026 -23
      vertex 1.63958650262509 8.595013443876026 0
      vertex 1.36880156910202 8.642272980207455 0
    endloop
  endfacet
  facet normal -0.20278729535650766 -0.9792228106217667 0
    outer loop
      vertex 1.9087533622197466 8.53927166696404 -23
      vertex 1.9087533622197466 8.53927166696404 0
      vertex 1.63958650262509 8.595013443876026 0
    endloop
  endfacet
  facet normal -0.2334453638559121 -0.9723699203976749 0
    outer loop
      vertex 2.17603651269248 8.475102659875521 -23
      vertex 2.17603651269248 8.475102659875521 0
      vertex 1.9087533622197466 8.53927166696404 0
    endloop
  endfacet
  facet normal -0.26387304996537086 -0.9645574184577987 0
    outer loop
      vertex 2.4411721778432565 8.402569749673251 -23
      vertex 2.4411721778432565 8.402569749673251 0
      vertex 2.17603651269248 8.475102659875521 0
    endloop
  endfacet
  facet normal -0.5224985647159485 -0.8526401643540925 6.58518777172933e-17
    outer loop
      vertex 4.688484456066221 7.387869348142632 0
      vertex 4.454112387815748 7.531492736284508 0
      vertex 4.688484456066221 7.3878693481426305 -23
    endloop
  endfacet
  facet normal -0.5490228179981335 -0.8358073613682692 -3.6765527193872185e-19
    outer loop
      vertex 4.688484456066221 7.387869348142632 0
      vertex 4.918229556206143 7.236955024902416 -23
      vertex 4.918229556206143 7.236955024902416 0
    endloop
  endfacet
  facet normal -0.29404032523230655 -0.9557930147983292 0
    outer loop
      vertex 2.7038987007807895 8.321744517582593 -23
      vertex 2.7038987007807895 8.321744517582593 0
      vertex 2.4411721778432565 8.402569749673251 0
    endloop
  endfacet
  facet normal -0.3239174181981436 -0.9460853588275473 0
    outer loop
      vertex 2.963956802146299 8.232706728349473 -23
      vertex 2.963956802146299 8.232706728349473 0
      vertex 2.7038987007807895 8.321744517582593 0
    endloop
  endfacet
  facet normal -0.38268343236508556 -0.9238795325112885 0
    outer loop
      vertex 3.4750440430543312 8.030352974734836 -23
      vertex 3.4750440430543312 8.030352974734836 0
      vertex 3.2210898359909312 8.1355442515222 0
    endloop
  endfacet
  facet normal -0.4115143586051128 -0.9114032766354435 0
    outer loop
      vertex 3.7255688011943864 7.91723670907767 -23
      vertex 3.7255688011943864 7.91723670907767 0
      vertex 3.4750440430543312 8.030352974734836 0
    endloop
  endfacet
  facet normal -0.3534748437792594 -0.9354440308298664 0
    outer loop
      vertex 3.2210898359909312 8.1355442515222 -23
      vertex 3.2210898359909312 8.1355442515222 0
      vertex 2.963956802146299 8.232706728349473 0
    endloop
  endfacet
  facet normal -0.439939169855914 -0.8980275757606163 0
    outer loop
      vertex 3.9724168727210345 7.796307086648219 -23
      vertex 3.9724168727210345 7.796307086648219 0
      vertex 3.7255688011943864 7.91723670907767 0
    endloop
  endfacet
  facet normal -0.4679298142605753 -0.8837656300886924 0
    outer loop
      vertex 4.215344648390008 7.667683450383806 -23
      vertex 4.215344648390008 7.667683450383806 0
      vertex 3.9724168727210345 7.796307086648219 0
    endloop
  endfacet
  facet normal -0.49545866843240427 -0.8686315144381932 0
    outer loop
      vertex 4.454112387815748 7.531492736284508 -23
      vertex 4.454112387815748 7.531492736284508 0
      vertex 4.215344648390008 7.667683450383806 0
    endloop
  endfacet
  facet normal -0.8358073613682726 -0.5490228179981282 6.455183142554816e-17
    outer loop
      vertex 7.387869348142632 4.688484456066221 0
      vertex 7.236955024902417 4.918229556206142 -23
      vertex 7.3878693481426305 4.688484456066221 -23
    endloop
  endfacet
  facet normal -0.9939609554551804 -0.10973431109104007 -4.237549870074865e-18
    outer loop
      vertex 8.71116719027695 0.8234477415370012 -23
      vertex 8.71116719027695 0.8234477415370003 0
      vertex 8.681003636501682 1.0966657936876605 -23
    endloop
  endfacet
  facet normal -0.990023657716557 -0.14090123193758608 1.0882211610097915e-17
    outer loop
      vertex 8.681003636501682 1.0966657936876623 0
      vertex 8.642272980207455 1.36880156910202 -23
      vertex 8.681003636501682 1.0966657936876605 -23
    endloop
  endfacet
  facet normal -0.9851093261547739 -0.17192910027940952 0
    outer loop
      vertex 8.642272980207455 1.36880156910202 -23
      vertex 8.642272980207455 1.36880156910202 0
      vertex 8.595013443876026 1.6395865026250922 -23
    endloop
  endfacet
  facet normal -0.9792228106217664 -0.20278729535650925 0
    outer loop
      vertex 8.595013443876026 1.6395865026250922 -23
      vertex 8.595013443876026 1.6395865026250922 0
      vertex 8.53927166696404 1.9087533622197466 -23
    endloop
  endfacet
  facet normal -0.9723699203976749 -0.2334453638559121 6.7611239463868936e-18
    outer loop
      vertex 8.53927166696404 1.9087533622197472 0
      vertex 8.475102659875521 2.17603651269248 -23
      vertex 8.53927166696404 1.9087533622197466 -23
    endloop
  endfacet
  facet normal -0.9645574184577996 -0.26387304996536687 0
    outer loop
      vertex 8.475102659875521 2.17603651269248 -23
      vertex 8.475102659875521 2.17603651269248 0
      vertex 8.402569749673253 2.4411721778432542 -23
    endloop
  endfacet
  facet normal -0.9998766324816607 -0.015707317311821026 0
    outer loop
      vertex 8.75 0 -23
      vertex 8.75 0 0
      vertex 8.745682403200151 0.2748441419336243 -23
    endloop
  endfacet
  facet normal -0.99888987496197 -0.04710645070964214 0
    outer loop
      vertex 8.745682403200151 0.2748441419336243 -23
      vertex 8.745682403200151 0.2748441419336243 0
      vertex 8.732733873747376 0.5494170458814912 -23
    endloop
  endfacet
  facet normal -0.9969173337331277 -0.0784590957278475 2.6510854868620815e-18
    outer loop
      vertex 8.732733873747376 0.549417045881492 0
      vertex 8.71116719027695 0.8234477415370012 -23
      vertex 8.732733873747376 0.5494170458814912 -23
    endloop
  endfacet
  facet normal -0.911403276635443 -0.4115143586051137 -2.3836837350639167e-17
    outer loop
      vertex 8.030352974734836 3.4750440430543312 -23
      vertex 8.030352974734836 3.47504404305433 0
      vertex 7.917236709077671 3.7255688011943837 -23
    endloop
  endfacet
  facet normal -0.9557930147983282 -0.2940403252323102 -1.1367302879426194e-17
    outer loop
      vertex 8.402569749673253 2.4411721778432542 -23
      vertex 8.402569749673251 2.441172177843259 0
      vertex 8.321744517582593 2.7038987007807895 -23
    endloop
  endfacet
  facet normal -0.9460853588275481 -0.3239174181981412 0
    outer loop
      vertex 8.321744517582593 2.7038987007807895 -23
      vertex 8.321744517582593 2.7038987007807895 0
      vertex 8.232706728349473 2.9639568021463014 -23
    endloop
  endfacet
  facet normal -0.9354440308298655 -0.35347484377926214 0
    outer loop
      vertex 8.232706728349473 2.9639568021463014 -23
      vertex 8.232706728349473 2.9639568021463014 0
      vertex 8.1355442515222 3.2210898359909312 -23
    endloop
  endfacet
  facet normal -0.9238795325112885 -0.38268343236508556 1.4777876791453976e-17
    outer loop
      vertex 8.1355442515222 3.221089835990932 0
      vertex 8.030352974734836 3.4750440430543312 -23
      vertex 8.1355442515222 3.2210898359909312 -23
    endloop
  endfacet
  facet normal -0.8837656300886919 -0.4679298142605765 0
    outer loop
      vertex 7.796307086648219 3.9724168727210345 -23
      vertex 7.796307086648219 3.9724168727210345 0
      vertex 7.667683450383805 4.215344648390009 -23
    endloop
  endfacet
  facet normal -0.8686315144381938 -0.4954586684324032 3.354346807806267e-17
    outer loop
      vertex 7.667683450383806 4.215344648390009 0
      vertex 7.531492736284508 4.454112387815748 -23
      vertex 7.667683450383805 4.215344648390009 -23
    endloop
  endfacet
  facet normal -0.8980275757606168 -0.4399391698559128 4.2472225722479304e-17
    outer loop
      vertex 7.917236709077671 3.725568801194386 0
      vertex 7.796307086648219 3.9724168727210345 -23
      vertex 7.917236709077671 3.7255688011943837 -23
    endloop
  endfacet
  facet normal -0.8526401643540896 -0.5224985647159531 7.428143707005538e-18
    outer loop
      vertex 7.531492736284508 4.454112387815748 -23
      vertex 7.531492736284507 4.45411238781575 0
      vertex 7.3878693481426305 4.688484456066221 -23
    endloop
  endfacet
  facet normal -0.8526401643540922 -0.5224985647159489 6.585187771729327e-17
    outer loop
      vertex 7.3878693481426305 4.688484456066221 -23
      vertex 7.531492736284507 4.45411238781575 0
      vertex 7.387869348142632 4.688484456066221 0
    endloop
  endfacet
  facet normal -0.8358073613682692 -0.5490228179981335 -1.0995147111533097e-17
    outer loop
      vertex 7.387869348142632 4.688484456066221 0
      vertex 7.236955024902416 4.918229556206143 0
      vertex 7.236955024902417 4.918229556206142 -23
    endloop
  endfacet
  facet normal -0.9939609554551804 -0.10973431109103901 8.475099740149648e-18
    outer loop
      vertex 8.681003636501682 1.0966657936876605 -23
      vertex 8.71116719027695 0.8234477415370003 0
      vertex 8.681003636501682 1.0966657936876623 0
    endloop
  endfacet
  facet normal -0.9900236577165569 -0.14090123193758697 -6.459504130218933e-20
    outer loop
      vertex 8.681003636501682 1.0966657936876623 0
      vertex 8.642272980207455 1.36880156910202 0
      vertex 8.642272980207455 1.36880156910202 -23
    endloop
  endfacet
  facet normal -0.9851093261547739 -0.17192910027940952 0
    outer loop
      vertex 8.595013443876026 1.6395865026250922 -23
      vertex 8.642272980207455 1.36880156910202 0
      vertex 8.595013443876026 1.6395865026250922 0
    endloop
  endfacet
  facet normal -0.9792228106217665 -0.20278729535650877 5.873194549728473e-18
    outer loop
      vertex 8.53927166696404 1.9087533622197466 -23
      vertex 8.595013443876026 1.6395865026250922 0
      vertex 8.53927166696404 1.9087533622197472 0
    endloop
  endfacet
  facet normal -0.972369920397675 -0.2334453638559127 -2.909364341155837e-20
    outer loop
      vertex 8.53927166696404 1.9087533622197472 0
      vertex 8.475102659875521 2.17603651269248 0
      vertex 8.475102659875521 2.17603651269248 -23
    endloop
  endfacet
  facet normal -0.9645574184577994 -0.2638730499653684 -1.845144567014997e-17
    outer loop
      vertex 8.402569749673253 2.4411721778432542 -23
      vertex 8.475102659875521 2.17603651269248 0
      vertex 8.402569749673251 2.441172177843259 0
    endloop
  endfacet
  facet normal -0.9998766324816607 -0.015707317311821026 0
    outer loop
      vertex 8.745682403200151 0.2748441419336243 -23
      vertex 8.75 0 0
      vertex 8.745682403200151 0.2748441419336243 0
    endloop
  endfacet
  facet normal -0.99888987496197 -0.047106450709642006 1.5916985361021834e-18
    outer loop
      vertex 8.732733873747376 0.5494170458814912 -23
      vertex 8.745682403200151 0.2748441419336243 0
      vertex 8.732733873747376 0.549417045881492 0
    endloop
  endfacet
  facet normal -0.9969173337331277 -0.07845909572784797 -3.042704885264617e-18
    outer loop
      vertex 8.732733873747376 0.549417045881492 0
      vertex 8.71116719027695 0.8234477415370003 0
      vertex 8.71116719027695 0.8234477415370012 -23
    endloop
  endfacet
  facet normal -0.9238795325112873 -0.3826834323650884 -2.2192842425869973e-17
    outer loop
      vertex 8.1355442515222 3.221089835990932 0
      vertex 8.030352974734836 3.47504404305433 0
      vertex 8.030352974734836 3.4750440430543312 -23
    endloop
  endfacet
  facet normal -0.9114032766354452 -0.4115143586051089 3.972806225106481e-17
    outer loop
      vertex 7.917236709077671 3.7255688011943837 -23
      vertex 8.030352974734836 3.47504404305433 0
      vertex 7.917236709077671 3.725568801194386 0
    endloop
  endfacet
  facet normal -0.9557930147983286 -0.2940403252323093 0
    outer loop
      vertex 8.321744517582593 2.7038987007807895 -23
      vertex 8.402569749673251 2.441172177843259 0
      vertex 8.321744517582593 2.7038987007807895 0
    endloop
  endfacet
  facet normal -0.9460853588275481 -0.3239174181981412 0
    outer loop
      vertex 8.232706728349473 2.9639568021463014 -23
      vertex 8.321744517582593 2.7038987007807895 0
      vertex 8.232706728349473 2.9639568021463014 0
    endloop
  endfacet
  facet normal -0.9354440308298658 -0.353474843779261 1.364994470224403e-17
    outer loop
      vertex 8.1355442515222 3.2210898359909312 -23
      vertex 8.232706728349473 2.9639568021463014 0
      vertex 8.1355442515222 3.221089835990932 0
    endloop
  endfacet
  facet normal -0.8837656300886931 -0.4679298142605739 3.412789394423743e-17
    outer loop
      vertex 7.667683450383806 4.215344648390009 0
      vertex 7.667683450383805 4.215344648390009 -23
      vertex 7.796307086648219 3.9724168727210345 0
    endloop
  endfacet
  facet normal -0.8980275757606153 -0.439939169855916 2.132594435366878e-19
    outer loop
      vertex 7.917236709077671 3.725568801194386 0
      vertex 7.796307086648219 3.9724168727210345 0
      vertex 7.796307086648219 3.9724168727210345 -23
    endloop
  endfacet
  facet normal -0.8686315144381926 -0.4954586684324054 5.168336135748496e-18
    outer loop
      vertex 7.667683450383806 4.215344648390009 0
      vertex 7.531492736284507 4.45411238781575 0
      vertex 7.531492736284508 4.454112387815748 -23
    endloop
  endfacet
  facet normal -0.6004202253258857 -0.7996846584870895 2.5597103859927348e-17
    outer loop
      vertex 5.1583077929940115 7.06749610219769 -10
      vertex 5.14312095755914 7.07889870078079 -23
      vertex 5.362936719463543 6.913856358287291 -23
    endloop
  endfacet
  facet normal -0.6252426563357029 -0.7804304073383316 0
    outer loop
      vertex 5.362936719463543 6.913856358287291 -10
      vertex 5.362936719463543 6.913856358287291 -23
      vertex 5.577459910301035 6.741990874288157 -23
    endloop
  endfacet
  facet normal -0.6730125135097738 -0.7396310949786092 0
    outer loop
      vertex 5.786478821581954 6.563471859266521 -10
      vertex 5.786478821581954 6.563471859266521 -23
      vertex 5.989787176876025 6.378475489937352 -23
    endloop
  endfacet
  facet normal -0.6494480483301852 -0.7604059656000296 0
    outer loop
      vertex 5.577459910301035 6.741990874288157 -10
      vertex 5.577459910301035 6.741990874288157 -23
      vertex 5.786478821581954 6.563471859266521 -23
    endloop
  endfacet
  facet normal -0.6959127965923133 -0.7181262977631898 0
    outer loop
      vertex 5.989787176876025 6.378475489937352 -10
      vertex 5.989787176876025 6.378475489937352 -23
      vertex 6.187184335382291 6.187184335382291 -23
    endloop
  endfacet
  facet normal -0.7804304073383325 -0.6252426563357016 0
    outer loop
      vertex 6.741990874288157 5.577459910301035 -10
      vertex 6.741990874288157 5.577459910301035 -23
      vertex 6.913856358287289 5.362936719463546 -23
    endloop
  endfacet
  facet normal -0.7181262977631898 -0.6959127965923133 0
    outer loop
      vertex 6.187184335382291 6.187184335382291 -10
      vertex 6.187184335382291 6.187184335382291 -23
      vertex 6.378475489937352 5.989787176876025 -23
    endloop
  endfacet
  facet normal -0.7396310949786092 -0.6730125135097738 0
    outer loop
      vertex 6.378475489937352 5.989787176876025 -10
      vertex 6.378475489937352 5.989787176876025 -23
      vertex 6.563471859266521 5.786478821581954 -23
    endloop
  endfacet
  facet normal -0.7604059656000296 -0.6494480483301852 0
    outer loop
      vertex 6.563471859266521 5.786478821581954 -10
      vertex 6.563471859266521 5.786478821581954 -23
      vertex 6.741990874288157 5.577459910301035 -23
    endloop
  endfacet
  facet normal -0.7996846584870881 -0.6004202253258871 0
    outer loop
      vertex 6.913856358287289 5.362936719463546 -10
      vertex 6.913856358287289 5.362936719463546 -23
      vertex 7.07889870078079 5.14312095755914 -23
    endloop
  endfacet
  facet normal -0.5750052520432773 -0.8181497174250243 4.742607830130292e-19
    outer loop
      vertex 5.14312095755914 7.07889870078079 -23
      vertex 4.918229556206143 7.236955024902416 0
      vertex 4.918229556206143 7.236955024902416 -23
    endloop
  endfacet
  facet normal -0.6252426563357029 -0.7804304073383316 0
    outer loop
      vertex 5.577459910301035 6.741990874288157 -10
      vertex 5.362936719463543 6.913856358287291 -10
      vertex 5.577459910301035 6.741990874288157 -23
    endloop
  endfacet
  facet normal -0.6004202253258716 -0.7996846584870999 0
    outer loop
      vertex 5.1583077929940115 7.06749610219769 -7.3
      vertex 5.14312095755914 7.07889870078079 -23
      vertex 5.1583077929940115 7.06749610219769 -10
    endloop
  endfacet
  facet normal -0.6004202253258867 -0.7996846584870886 0
    outer loop
      vertex 5.362936719463543 6.913856358287291 -10
      vertex 5.1583077929940115 7.06749610219769 -10
      vertex 5.362936719463543 6.913856358287291 -23
    endloop
  endfacet
  facet normal -0.6494480483301852 -0.7604059656000296 0
    outer loop
      vertex 5.786478821581954 6.563471859266521 -10
      vertex 5.577459910301035 6.741990874288157 -10
      vertex 5.786478821581954 6.563471859266521 -23
    endloop
  endfacet
  facet normal -0.6730125135097738 -0.7396310949786092 0
    outer loop
      vertex 5.989787176876025 6.378475489937352 -10
      vertex 5.786478821581954 6.563471859266521 -10
      vertex 5.989787176876025 6.378475489937352 -23
    endloop
  endfacet
  facet normal -0.6959127965923133 -0.7181262977631898 0
    outer loop
      vertex 6.187184335382291 6.187184335382291 -10
      vertex 5.989787176876025 6.378475489937352 -10
      vertex 6.187184335382291 6.187184335382291 -23
    endloop
  endfacet
  facet normal -0.818149717425024 -0.575005252043278 -9.389376827025689e-18
    outer loop
      vertex 7.236955024902417 4.918229556206142 -23
      vertex 7.236955024902416 4.918229556206143 0
      vertex 7.07889870078079 5.14312095755914 -23
    endloop
  endfacet
  facet normal -0.7396310949786092 -0.6730125135097738 0
    outer loop
      vertex 6.563471859266521 5.786478821581954 -10
      vertex 6.378475489937352 5.989787176876025 -10
      vertex 6.563471859266521 5.786478821581954 -23
    endloop
  endfacet
  facet normal -0.7181262977631898 -0.6959127965923133 0
    outer loop
      vertex 6.378475489937352 5.989787176876025 -10
      vertex 6.187184335382291 6.187184335382291 -10
      vertex 6.378475489937352 5.989787176876025 -23
    endloop
  endfacet
  facet normal -0.7604059656000296 -0.6494480483301852 0
    outer loop
      vertex 6.741990874288157 5.577459910301035 -10
      vertex 6.563471859266521 5.786478821581954 -10
      vertex 6.741990874288157 5.577459910301035 -23
    endloop
  endfacet
  facet normal -0.7996846584870874 -0.6004202253258883 3.0535490428171104e-17
    outer loop
      vertex 7.06749610219769 5.1583077929940115 -10
      vertex 6.913856358287289 5.362936719463546 -10
      vertex 7.07889870078079 5.14312095755914 -23
    endloop
  endfacet
  facet normal -0.7996846584870999 -0.6004202253258716 0
    outer loop
      vertex 7.06749610219769 5.1583077929940115 -7.3
      vertex 7.06749610219769 5.1583077929940115 -10
      vertex 7.07889870078079 5.14312095755914 -23
    endloop
  endfacet
  facet normal -0.7804304073383325 -0.6252426563357016 0
    outer loop
      vertex 6.913856358287289 5.362936719463546 -10
      vertex 6.741990874288157 5.577459910301035 -10
      vertex 6.913856358287289 5.362936719463546 -23
    endloop
  endfacet
  facet normal -0.6004202253258716 -0.7996846584870998 3.0924029759668453e-20
    outer loop
      vertex 5.1583077929940115 7.06749610219769 -7.3
      vertex 5.14312095755914 7.07889870078079 0
      vertex 5.14312095755914 7.07889870078079 -23
    endloop
  endfacet
  facet normal -0.5750052520432773 -0.8181497174250243 0
    outer loop
      vertex 5.14312095755914 7.07889870078079 -23
      vertex 5.14312095755914 7.07889870078079 0
      vertex 4.918229556206143 7.236955024902416 0
    endloop
  endfacet
  facet normal -0.7996846584870998 -0.6004202253258716 3.0924029759668453e-20
    outer loop
      vertex 7.06749610219769 5.1583077929940115 -7.3
      vertex 7.07889870078079 5.14312095755914 -23
      vertex 7.07889870078079 5.14312095755914 0
    endloop
  endfacet
  facet normal -0.8181497174250243 -0.5750052520432773 0
    outer loop
      vertex 7.07889870078079 5.14312095755914 -23
      vertex 7.236955024902416 4.918229556206143 0
      vertex 7.07889870078079 5.14312095755914 0
    endloop
  endfacet
  facet normal -0.6004202253258866 -0.7996846584870885 -4.862778173226956e-17
    outer loop
      vertex 5.362936719463543 6.913856358287291 -7.3
      vertex 5.14312095755914 7.07889870078079 0
      vertex 5.1583077929940115 7.06749610219769 -7.3
    endloop
  endfacet
  facet normal -0.6252426563357028 -0.7804304073383316 -1.2131530837736911e-19
    outer loop
      vertex 5.577459910301035 6.741990874288157 -7.3
      vertex 5.362936719463543 6.913856358287291 0
      vertex 5.362936719463543 6.913856358287291 -7.3
    endloop
  endfacet
  facet normal -0.6730125135097738 -0.7396310949786092 6.476471732047775e-18
    outer loop
      vertex 5.989787176876025 6.378475489937352 -7.3
      vertex 5.786478821581953 6.563471859266522 0
      vertex 5.786478821581954 6.563471859266521 -7.3
    endloop
  endfacet
  facet normal -0.6494480483301851 -0.7604059656000295 -1.0709072275356577e-16
    outer loop
      vertex 5.786478821581954 6.563471859266521 -7.3
      vertex 5.577459910301036 6.741990874288155 0
      vertex 5.577459910301035 6.741990874288157 -7.3
    endloop
  endfacet
  facet normal -0.6959127965923134 -0.7181262977631899 8.196783226856161e-17
    outer loop
      vertex 5.9897871768760265 6.378475489937351 0
      vertex 5.989787176876025 6.378475489937352 -7.3
      vertex 6.187184335382291 6.187184335382291 -7.3
    endloop
  endfacet
  facet normal -0.6252426563357052 -0.7804304073383298 -1.1383504894767264e-16
    outer loop
      vertex 5.577459910301035 6.741990874288157 -7.3
      vertex 5.577459910301036 6.741990874288155 0
      vertex 5.362936719463543 6.913856358287291 0
    endloop
  endfacet
  facet normal -0.6004202253258856 -0.7996846584870893 0
    outer loop
      vertex 5.362936719463543 6.913856358287291 -7.3
      vertex 5.362936719463543 6.913856358287291 0
      vertex 5.14312095755914 7.07889870078079 0
    endloop
  endfacet
  facet normal -0.6494480483301828 -0.7604059656000316 1.3500058577253639e-17
    outer loop
      vertex 5.786478821581954 6.563471859266521 -7.3
      vertex 5.786478821581953 6.563471859266522 0
      vertex 5.577459910301036 6.741990874288155 0
    endloop
  endfacet
  facet normal -0.6730125135097724 -0.7396310949786105 7.37789046953236e-17
    outer loop
      vertex 5.9897871768760265 6.378475489937351 0
      vertex 5.786478821581953 6.563471859266522 0
      vertex 5.989787176876025 6.378475489937352 -7.3
    endloop
  endfacet
  facet normal -0.6959127965923149 -0.7181262977631881 8.855478291975585e-19
    outer loop
      vertex 5.9897871768760265 6.378475489937351 0
      vertex 6.187184335382291 6.187184335382291 -7.3
      vertex 6.187184335382291 6.187184335382291 0
    endloop
  endfacet
  facet normal -0.7804304073383326 -0.6252426563357018 -1.1266144285929173e-16
    outer loop
      vertex 6.913856358287289 5.362936719463546 -7.3
      vertex 6.741990874288155 5.577459910301036 0
      vertex 6.741990874288157 5.577459910301035 -7.3
    endloop
  endfacet
  facet normal -0.7181262977631899 -0.6959127965923134 6.471154706712654e-20
    outer loop
      vertex 6.378475489937352 5.989787176876025 -7.3
      vertex 6.187184335382291 6.187184335382291 0
      vertex 6.187184335382291 6.187184335382291 -7.3
    endloop
  endfacet
  facet normal -0.7396310949786092 -0.6730125135097738 7.377890469532406e-17
    outer loop
      vertex 6.378475489937351 5.9897871768760265 0
      vertex 6.378475489937352 5.989787176876025 -7.3
      vertex 6.563471859266521 5.786478821581954 -7.3
    endloop
  endfacet
  facet normal -0.7604059656000295 -0.6494480483301851 1.3607911480589918e-17
    outer loop
      vertex 6.741990874288157 5.577459910301035 -7.3
      vertex 6.563471859266522 5.786478821581953 0
      vertex 6.563471859266521 5.786478821581954 -7.3
    endloop
  endfacet
  facet normal -0.7996846584870873 -0.6004202253258883 7.273248055378971e-17
    outer loop
      vertex 6.913856358287291 5.362936719463543 0
      vertex 6.913856358287289 5.362936719463546 -7.3
      vertex 7.06749610219769 5.1583077929940115 -7.3
    endloop
  endfacet
  facet normal -0.7396310949786105 -0.6730125135097724 8.611659788426568e-18
    outer loop
      vertex 6.378475489937351 5.9897871768760265 0
      vertex 6.563471859266521 5.786478821581954 -7.3
      vertex 6.563471859266522 5.786478821581953 0
    endloop
  endfacet
  facet normal -0.7181262977631881 -0.6959127965923149 8.196783226856215e-17
    outer loop
      vertex 6.378475489937351 5.9897871768760265 0
      vertex 6.187184335382291 6.187184335382291 0
      vertex 6.378475489937352 5.989787176876025 -7.3
    endloop
  endfacet
  facet normal -0.7604059656000316 -0.6494480483301828 -1.0601734198234732e-16
    outer loop
      vertex 6.741990874288157 5.577459910301035 -7.3
      vertex 6.741990874288155 5.577459910301036 0
      vertex 6.563471859266522 5.786478821581953 0
    endloop
  endfacet
  facet normal -0.7996846584870893 -0.6004202253258856 -4.5268140402035986e-17
    outer loop
      vertex 6.913856358287291 5.362936719463543 0
      vertex 7.06749610219769 5.1583077929940115 -7.3
      vertex 7.07889870078079 5.14312095755914 0
    endloop
  endfacet
  facet normal -0.7804304073383298 -0.6252426563357053 5.664427867492911e-17
    outer loop
      vertex 6.913856358287291 5.362936719463543 0
      vertex 6.741990874288155 5.577459910301036 0
      vertex 6.913856358287289 5.362936719463546 -7.3
    endloop
  endfacet
  facet normal 0.818149717425024 0.575005252043278 0
    outer loop
      vertex -7.236955024902417 -4.918229556206142 23
      vertex -7.07889870078079 -5.14312095755914 0
      vertex -7.236955024902417 -4.918229556206142 0
    endloop
  endfacet
  facet normal 0.7804304073383326 0.6252426563357018 0
    outer loop
      vertex -6.913856358287289 -5.362936719463546 23
      vertex -6.741990874288157 -5.577459910301035 0
      vertex -6.913856358287289 -5.362936719463546 0
    endloop
  endfacet
  facet normal 0.7996846584870883 0.6004202253258872 0
    outer loop
      vertex -7.07889870078079 -5.14312095755914 23
      vertex -6.913856358287289 -5.362936719463546 0
      vertex -7.07889870078079 -5.14312095755914 0
    endloop
  endfacet
  facet normal 0.7604059656000295 0.6494480483301852 0
    outer loop
      vertex -6.741990874288157 -5.577459910301035 23
      vertex -6.563471859266521 -5.786478821581954 0
      vertex -6.741990874288157 -5.577459910301035 0
    endloop
  endfacet
  facet normal 0.7181262977631898 0.6959127965923133 0
    outer loop
      vertex -6.378475489937352 -5.989787176876025 23
      vertex -6.187184335382291 -6.187184335382291 0
      vertex -6.378475489937352 -5.989787176876025 0
    endloop
  endfacet
  facet normal 0.7396310949786093 0.6730125135097738 0
    outer loop
      vertex -6.563471859266521 -5.786478821581954 23
      vertex -6.378475489937352 -5.989787176876025 0
      vertex -6.563471859266521 -5.786478821581954 0
    endloop
  endfacet
  facet normal 0.6959127965923133 0.7181262977631898 0
    outer loop
      vertex -5.989787176876025 -6.378475489937352 23
      vertex -5.989787176876025 -6.378475489937352 0
      vertex -6.187184335382291 -6.187184335382291 0
    endloop
  endfacet
  facet normal 0.6494480483301861 0.7604059656000289 0
    outer loop
      vertex -5.577459910301035 -6.741990874288157 23
      vertex -5.577459910301035 -6.741990874288157 0
      vertex -5.786478821581951 -6.5634718592665235 0
    endloop
  endfacet
  facet normal 0.6730125135097726 0.7396310949786103 1.827163615011087e-17
    outer loop
      vertex -5.786478821581954 -6.563471859266521 23
      vertex -5.786478821581951 -6.5634718592665235 0
      vertex -5.989787176876025 -6.378475489937352 0
    endloop
  endfacet
  facet normal 0.6252426563357018 0.7804304073383326 0
    outer loop
      vertex -5.362936719463546 -6.913856358287289 23
      vertex -5.362936719463546 -6.913856358287289 0
      vertex -5.577459910301035 -6.741990874288157 0
    endloop
  endfacet
  facet normal 0.575005252043278 0.818149717425024 0
    outer loop
      vertex -4.918229556206142 -7.236955024902417 23
      vertex -4.918229556206142 -7.236955024902417 0
      vertex -5.14312095755914 -7.07889870078079 0
    endloop
  endfacet
  facet normal 0.6004202253258872 0.7996846584870883 0
    outer loop
      vertex -5.14312095755914 -7.07889870078079 23
      vertex -5.14312095755914 -7.07889870078079 0
      vertex -5.362936719463546 -6.913856358287289 0
    endloop
  endfacet
  facet normal 0.7996846584870883 0.6004202253258872 0
    outer loop
      vertex -6.913856358287289 -5.362936719463546 23
      vertex -6.913856358287289 -5.362936719463546 0
      vertex -7.07889870078079 -5.14312095755914 23
    endloop
  endfacet
  facet normal 0.818149717425024 0.575005252043278 0
    outer loop
      vertex -7.07889870078079 -5.14312095755914 23
      vertex -7.07889870078079 -5.14312095755914 0
      vertex -7.236955024902417 -4.918229556206142 23
    endloop
  endfacet
  facet normal 0.7604059656000295 0.6494480483301852 0
    outer loop
      vertex -6.563471859266521 -5.786478821581954 23
      vertex -6.563471859266521 -5.786478821581954 0
      vertex -6.741990874288157 -5.577459910301035 23
    endloop
  endfacet
  facet normal 0.7396310949786093 0.6730125135097738 -4.912387032325643e-19
    outer loop
      vertex -6.563471859266521 -5.786478821581954 23
      vertex -6.378475489937352 -5.989787176876025 23
      vertex -6.378475489937352 -5.989787176876025 0
    endloop
  endfacet
  facet normal 0.7181262977631898 0.6959127965923133 2.0538882330001027e-20
    outer loop
      vertex -6.378475489937352 -5.989787176876025 23
      vertex -6.187184335382291 -6.187184335382291 23
      vertex -6.187184335382291 -6.187184335382291 0
    endloop
  endfacet
  facet normal 0.7804304073383326 0.6252426563357018 3.711555045384443e-19
    outer loop
      vertex -6.913856358287289 -5.362936719463546 23
      vertex -6.741990874288157 -5.577459910301035 23
      vertex -6.741990874288157 -5.577459910301035 0
    endloop
  endfacet
  facet normal 0.6959127965923133 0.7181262977631898 2.0538882330001027e-20
    outer loop
      vertex -5.989787176876025 -6.378475489937352 23
      vertex -6.187184335382291 -6.187184335382291 0
      vertex -6.187184335382291 -6.187184335382291 23
    endloop
  endfacet
  facet normal 0.6730125135097738 0.7396310949786093 0
    outer loop
      vertex -5.989787176876025 -6.378475489937352 23
      vertex -5.786478821581954 -6.563471859266521 23
      vertex -5.989787176876025 -6.378475489937352 0
    endloop
  endfacet
  facet normal 0.6494480483301852 0.7604059656000295 1.222497645223442e-17
    outer loop
      vertex -5.786478821581954 -6.563471859266521 23
      vertex -5.577459910301035 -6.741990874288157 23
      vertex -5.786478821581951 -6.5634718592665235 0
    endloop
  endfacet
  facet normal 0.6004202253258872 0.7996846584870883 0
    outer loop
      vertex -5.362936719463546 -6.913856358287289 23
      vertex -5.14312095755914 -7.07889870078079 23
      vertex -5.362936719463546 -6.913856358287289 0
    endloop
  endfacet
  facet normal 0.575005252043278 0.818149717425024 0
    outer loop
      vertex -5.14312095755914 -7.07889870078079 23
      vertex -4.918229556206142 -7.236955024902417 23
      vertex -5.14312095755914 -7.07889870078079 0
    endloop
  endfacet
  facet normal 0.6252426563357018 0.7804304073383326 3.711555045384443e-19
    outer loop
      vertex -5.362936719463546 -6.913856358287289 23
      vertex -5.577459910301035 -6.741990874288157 0
      vertex -5.577459910301035 -6.741990874288157 23
    endloop
  endfacet
  facet normal 0.8526401643540905 0.5224985647159517 0
    outer loop
      vertex -7.531492736284508 -4.454112387815748 23
      vertex -7.3878693481426305 -4.688484456066222 0
      vertex -7.531492736284508 -4.454112387815748 0
    endloop
  endfacet
  facet normal 0.8980275757606168 0.4399391698559128 0
    outer loop
      vertex -7.917236709077671 -3.7255688011943837 23
      vertex -7.796307086648219 -3.9724168727210345 0
      vertex -7.917236709077671 -3.7255688011943837 0
    endloop
  endfacet
  facet normal 0.8686315144381938 0.4954586684324032 0
    outer loop
      vertex -7.667683450383805 -4.215344648390009 23
      vertex -7.531492736284508 -4.454112387815748 0
      vertex -7.667683450383805 -4.215344648390009 0
    endloop
  endfacet
  facet normal 0.8837656300886919 0.4679298142605765 0
    outer loop
      vertex -7.796307086648219 -3.9724168727210345 23
      vertex -7.667683450383805 -4.215344648390009 0
      vertex -7.796307086648219 -3.9724168727210345 0
    endloop
  endfacet
  facet normal 0.9238795325112885 0.38268343236508556 0
    outer loop
      vertex -8.1355442515222 -3.2210898359909312 23
      vertex -8.030352974734836 -3.4750440430543312 0
      vertex -8.1355442515222 -3.2210898359909312 0
    endloop
  endfacet
  facet normal 0.9354440308298655 0.35347484377926214 0
    outer loop
      vertex -8.232706728349473 -2.9639568021463014 23
      vertex -8.1355442515222 -3.2210898359909312 0
      vertex -8.232706728349473 -2.9639568021463014 0
    endloop
  endfacet
  facet normal 0.9460853588275481 0.3239174181981412 0
    outer loop
      vertex -8.321744517582593 -2.7038987007807895 23
      vertex -8.232706728349473 -2.9639568021463014 0
      vertex -8.321744517582593 -2.7038987007807895 0
    endloop
  endfacet
  facet normal 0.9557930147983282 0.2940403252323102 0
    outer loop
      vertex -8.402569749673253 -2.4411721778432542 23
      vertex -8.321744517582593 -2.7038987007807895 0
      vertex -8.402569749673253 -2.4411721778432542 0
    endloop
  endfacet
  facet normal 0.911403276635443 0.4115143586051137 0
    outer loop
      vertex -8.030352974734836 -3.4750440430543312 23
      vertex -7.917236709077671 -3.7255688011943837 0
      vertex -8.030352974734836 -3.4750440430543312 0
    endloop
  endfacet
  facet normal 0.9969173337331277 0.0784590957278475 0
    outer loop
      vertex -8.732733873747376 -0.5494170458814912 0
      vertex -8.732733873747376 -0.5494170458814912 23
      vertex -8.71116719027695 -0.8234477415370012 0
    endloop
  endfacet
  facet normal 0.99888987496197 0.04710645070964214 -2.630524513435929e-21
    outer loop
      vertex -8.732733873747376 -0.5494170458814912 0
      vertex -8.745682403200151 -0.2748441419336243 0
      vertex -8.745682403200151 -0.2748441419336243 23
    endloop
  endfacet
  facet normal 0.9998766324816607 0.015707317311821026 0
    outer loop
      vertex -8.75 0 23
      vertex -8.745682403200151 -0.2748441419336243 0
      vertex -8.75 0 0
    endloop
  endfacet
  facet normal 0.9645574184577996 0.26387304996536687 0
    outer loop
      vertex -8.475102659875521 -2.17603651269248 0
      vertex -8.475102659875521 -2.17603651269248 23
      vertex -8.402569749673253 -2.4411721778432542 0
    endloop
  endfacet
  facet normal 0.9723699203976749 0.2334453638559121 0
    outer loop
      vertex -8.53927166696404 -1.9087533622197466 23
      vertex -8.475102659875521 -2.17603651269248 0
      vertex -8.53927166696404 -1.9087533622197466 0
    endloop
  endfacet
  facet normal 0.9792228106217664 0.20278729535650925 0
    outer loop
      vertex -8.595013443876026 -1.6395865026250922 23
      vertex -8.53927166696404 -1.9087533622197466 0
      vertex -8.595013443876026 -1.6395865026250922 0
    endloop
  endfacet
  facet normal 0.9851093261547739 0.17192910027940952 0
    outer loop
      vertex -8.642272980207455 -1.36880156910202 23
      vertex -8.595013443876026 -1.6395865026250922 0
      vertex -8.642272980207455 -1.36880156910202 0
    endloop
  endfacet
  facet normal 0.990023657716557 0.14090123193758608 0
    outer loop
      vertex -8.681003636501682 -1.0966657936876605 23
      vertex -8.642272980207455 -1.36880156910202 0
      vertex -8.681003636501682 -1.0966657936876605 0
    endloop
  endfacet
  facet normal 0.9939609554551804 0.10973431109104007 0
    outer loop
      vertex -8.71116719027695 -0.8234477415370012 23
      vertex -8.681003636501682 -1.0966657936876605 0
      vertex -8.71116719027695 -0.8234477415370012 0
    endloop
  endfacet
  facet normal 0.8358073613682716 0.5490228179981297 -2.120131386386471e-17
    outer loop
      vertex -7.3878693481426305 -4.688484456066222 0
      vertex -7.3878693481426305 -4.688484456066221 23
      vertex -7.236955024902417 -4.918229556206142 0
    endloop
  endfacet
  facet normal 0.8686315144381938 0.4954586684324032 0
    outer loop
      vertex -7.531492736284508 -4.454112387815748 23
      vertex -7.531492736284508 -4.454112387815748 0
      vertex -7.667683450383805 -4.215344648390009 23
    endloop
  endfacet
  facet normal 0.8980275757606168 0.4399391698559128 0
    outer loop
      vertex -7.796307086648219 -3.9724168727210345 23
      vertex -7.796307086648219 -3.9724168727210345 0
      vertex -7.917236709077671 -3.7255688011943837 23
    endloop
  endfacet
  facet normal 0.8837656300886919 0.4679298142605765 1.503827192805948e-19
    outer loop
      vertex -7.796307086648219 -3.9724168727210345 23
      vertex -7.667683450383805 -4.215344648390009 23
      vertex -7.667683450383805 -4.215344648390009 0
    endloop
  endfacet
  facet normal 0.9354440308298655 0.35347484377926214 0
    outer loop
      vertex -8.1355442515222 -3.2210898359909312 23
      vertex -8.1355442515222 -3.2210898359909312 0
      vertex -8.232706728349473 -2.9639568021463014 23
    endloop
  endfacet
  facet normal 0.9460853588275481 0.3239174181981412 0
    outer loop
      vertex -8.232706728349473 -2.9639568021463014 23
      vertex -8.232706728349473 -2.9639568021463014 0
      vertex -8.321744517582593 -2.7038987007807895 23
    endloop
  endfacet
  facet normal 0.9557930147983282 0.2940403252323102 0
    outer loop
      vertex -8.321744517582593 -2.7038987007807895 23
      vertex -8.321744517582593 -2.7038987007807895 0
      vertex -8.402569749673253 -2.4411721778432542 23
    endloop
  endfacet
  facet normal 0.911403276635443 0.4115143586051137 1.9655402011023162e-19
    outer loop
      vertex -8.030352974734836 -3.4750440430543312 23
      vertex -7.917236709077671 -3.7255688011943837 23
      vertex -7.917236709077671 -3.7255688011943837 0
    endloop
  endfacet
  facet normal 0.9238795325112885 0.38268343236508556 -2.0296090470734845e-19
    outer loop
      vertex -8.1355442515222 -3.2210898359909312 23
      vertex -8.030352974734836 -3.4750440430543312 23
      vertex -8.030352974734836 -3.4750440430543312 0
    endloop
  endfacet
  facet normal 0.9969173337331277 0.0784590957278475 0
    outer loop
      vertex -8.71116719027695 -0.8234477415370012 23
      vertex -8.71116719027695 -0.8234477415370012 0
      vertex -8.732733873747376 -0.5494170458814912 23
    endloop
  endfacet
  facet normal 0.99888987496197 0.04710645070964214 0
    outer loop
      vertex -8.732733873747376 -0.5494170458814912 0
      vertex -8.745682403200151 -0.2748441419336243 23
      vertex -8.732733873747376 -0.5494170458814912 23
    endloop
  endfacet
  facet normal 0.9998766324816607 0.015707317311821026 0
    outer loop
      vertex -8.745682403200151 -0.2748441419336243 23
      vertex -8.745682403200151 -0.2748441419336243 0
      vertex -8.75 0 23
    endloop
  endfacet
  facet normal 0.9645574184577996 0.26387304996536687 0
    outer loop
      vertex -8.402569749673253 -2.4411721778432542 23
      vertex -8.402569749673253 -2.4411721778432542 0
      vertex -8.475102659875521 -2.17603651269248 23
    endloop
  endfacet
  facet normal 0.9723699203976749 0.2334453638559121 0
    outer loop
      vertex -8.475102659875521 -2.17603651269248 0
      vertex -8.53927166696404 -1.9087533622197466 23
      vertex -8.475102659875521 -2.17603651269248 23
    endloop
  endfacet
  facet normal 0.9792228106217664 0.20278729535650925 0
    outer loop
      vertex -8.53927166696404 -1.9087533622197466 23
      vertex -8.53927166696404 -1.9087533622197466 0
      vertex -8.595013443876026 -1.6395865026250922 23
    endloop
  endfacet
  facet normal 0.9851093261547739 0.17192910027940952 0
    outer loop
      vertex -8.595013443876026 -1.6395865026250922 23
      vertex -8.595013443876026 -1.6395865026250922 0
      vertex -8.642272980207455 -1.36880156910202 23
    endloop
  endfacet
  facet normal 0.990023657716557 0.14090123193758608 0
    outer loop
      vertex -8.642272980207455 -1.36880156910202 23
      vertex -8.642272980207455 -1.36880156910202 0
      vertex -8.681003636501682 -1.0966657936876605 23
    endloop
  endfacet
  facet normal 0.9939609554551804 0.10973431109104007 9.677266880090127e-20
    outer loop
      vertex -8.71116719027695 -0.8234477415370012 23
      vertex -8.681003636501682 -1.0966657936876605 23
      vertex -8.681003636501682 -1.0966657936876605 0
    endloop
  endfacet
  facet normal 0.8358073613682726 0.5490228179981282 2.240881347256122e-19
    outer loop
      vertex -7.3878693481426305 -4.688484456066221 23
      vertex -7.236955024902417 -4.918229556206142 23
      vertex -7.236955024902417 -4.918229556206142 0
    endloop
  endfacet
  facet normal 0.8526401643540896 0.5224985647159531 -2.017704128282604e-17
    outer loop
      vertex -7.3878693481426305 -4.688484456066222 0
      vertex -7.531492736284508 -4.454112387815748 23
      vertex -7.3878693481426305 -4.688484456066221 23
    endloop
  endfacet
  facet normal 0.5224985647159509 0.852640164354091 -4.089353884087597e-19
    outer loop
      vertex -4.688484456066217 -7.387869348142634 0
      vertex -4.454112387815748 -7.531492736284508 23
      vertex -4.454112387815748 -7.531492736284508 0
    endloop
  endfacet
  facet normal 0.4954586684324032 0.8686315144381938 0
    outer loop
      vertex -4.215344648390009 -7.667683450383805 23
      vertex -4.215344648390009 -7.667683450383805 0
      vertex -4.454112387815748 -7.531492736284508 0
    endloop
  endfacet
  facet normal 0.4679298142605765 0.8837656300886919 0
    outer loop
      vertex -3.9724168727210345 -7.796307086648219 23
      vertex -3.9724168727210345 -7.796307086648219 0
      vertex -4.215344648390009 -7.667683450383805 0
    endloop
  endfacet
  facet normal 0.4399391698559128 0.8980275757606168 0
    outer loop
      vertex -3.7255688011943837 -7.917236709077671 23
      vertex -3.7255688011943837 -7.917236709077671 0
      vertex -3.9724168727210345 -7.796307086648219 0
    endloop
  endfacet
  facet normal 0.38268343236508556 0.9238795325112885 0
    outer loop
      vertex -3.2210898359909312 -8.1355442515222 23
      vertex -3.2210898359909312 -8.1355442515222 0
      vertex -3.4750440430543312 -8.030352974734836 0
    endloop
  endfacet
  facet normal 0.4115143586051137 0.911403276635443 0
    outer loop
      vertex -3.4750440430543312 -8.030352974734836 23
      vertex -3.4750440430543312 -8.030352974734836 0
      vertex -3.7255688011943837 -7.917236709077671 0
    endloop
  endfacet
  facet normal 0.35347484377926214 0.9354440308298655 0
    outer loop
      vertex -2.9639568021463014 -8.232706728349473 23
      vertex -2.9639568021463014 -8.232706728349473 0
      vertex -3.2210898359909312 -8.1355442515222 0
    endloop
  endfacet
  facet normal 0.3239174181981412 0.9460853588275481 0
    outer loop
      vertex -2.7038987007807895 -8.321744517582593 23
      vertex -2.7038987007807895 -8.321744517582593 0
      vertex -2.9639568021463014 -8.232706728349473 0
    endloop
  endfacet
  facet normal 0.2940403252323102 0.9557930147983282 0
    outer loop
      vertex -2.4411721778432542 -8.402569749673253 23
      vertex -2.4411721778432542 -8.402569749673253 0
      vertex -2.7038987007807895 -8.321744517582593 0
    endloop
  endfacet
  facet normal 0.5490228179981299 0.8358073613682716 -2.309709353177259e-17
    outer loop
      vertex -4.688484456066217 -7.387869348142634 0
      vertex -4.918229556206142 -7.236955024902417 0
      vertex -4.688484456066221 -7.3878693481426305 23
    endloop
  endfacet
  facet normal 0.26387304996536964 0.9645574184577991 -3.373620753012974e-17
    outer loop
      vertex -2.17603651269248 -8.475102659875521 23
      vertex -2.1760365126924763 -8.475102659875523 0
      vertex -2.4411721778432542 -8.402569749673253 0
    endloop
  endfacet
  facet normal 0.2334453638559061 0.9723699203976764 0
    outer loop
      vertex -1.9087533622197506 -8.539271666964039 23
      vertex -1.9087533622197506 -8.539271666964039 0
      vertex -2.1760365126924763 -8.475102659875523 0
    endloop
  endfacet
  facet normal 0.20278729535651258 0.9792228106217657 0
    outer loop
      vertex -1.6395865026250922 -8.595013443876026 23
      vertex -1.6395865026250922 -8.595013443876026 0
      vertex -1.9087533622197506 -8.539271666964039 0
    endloop
  endfacet
  facet normal 0.17192910027940952 0.9851093261547739 0
    outer loop
      vertex -1.36880156910202 -8.642272980207455 23
      vertex -1.36880156910202 -8.642272980207455 0
      vertex -1.6395865026250922 -8.595013443876026 0
    endloop
  endfacet
  facet normal 0.07845909572784991 0.9969173337331275 0
    outer loop
      vertex -0.5494170458814954 -8.732733873747376 23
      vertex -0.5494170458814954 -8.732733873747376 0
      vertex -0.8234477415369968 -8.71116719027695 0
    endloop
  endfacet
  facet normal 0.047106450709641416 0.99888987496197 0
    outer loop
      vertex -0.2748441419336243 -8.745682403200151 23
      vertex -0.2748441419336243 -8.745682403200151 0
      vertex -0.5494170458814954 -8.732733873747376 0
    endloop
  endfacet
  facet normal 0.015707317311821026 0.9998766324816607 0
    outer loop
      vertex 0 -8.75 23
      vertex 0 -8.75 0
      vertex -0.2748441419336243 -8.745682403200151 0
    endloop
  endfacet
  facet normal 0.14090123193758608 0.990023657716557 0
    outer loop
      vertex -1.0966657936876605 -8.681003636501682 23
      vertex -1.0966657936876605 -8.681003636501682 0
      vertex -1.36880156910202 -8.642272980207455 0
    endloop
  endfacet
  facet normal 0.10973431109103833 0.9939609554551805 0
    outer loop
      vertex -0.8234477415369968 -8.71116719027695 23
      vertex -0.8234477415369968 -8.71116719027695 0
      vertex -1.0966657936876605 -8.681003636501682 0
    endloop
  endfacet
  facet normal 0.4954586684324032 0.8686315144381938 0
    outer loop
      vertex -4.454112387815748 -7.531492736284508 23
      vertex -4.215344648390009 -7.667683450383805 23
      vertex -4.454112387815748 -7.531492736284508 0
    endloop
  endfacet
  facet normal 0.4679298142605765 0.8837656300886919 0
    outer loop
      vertex -4.215344648390009 -7.667683450383805 23
      vertex -3.9724168727210345 -7.796307086648219 23
      vertex -4.215344648390009 -7.667683450383805 0
    endloop
  endfacet
  facet normal 0.4399391698559128 0.8980275757606168 0
    outer loop
      vertex -3.9724168727210345 -7.796307086648219 23
      vertex -3.7255688011943837 -7.917236709077671 23
      vertex -3.9724168727210345 -7.796307086648219 0
    endloop
  endfacet
  facet normal 0.35347484377926214 0.9354440308298655 0
    outer loop
      vertex -3.2210898359909312 -8.1355442515222 23
      vertex -2.9639568021463014 -8.232706728349473 23
      vertex -3.2210898359909312 -8.1355442515222 0
    endloop
  endfacet
  facet normal 0.4115143586051137 0.911403276635443 0
    outer loop
      vertex -3.7255688011943837 -7.917236709077671 23
      vertex -3.4750440430543312 -8.030352974734836 23
      vertex -3.7255688011943837 -7.917236709077671 0
    endloop
  endfacet
  facet normal 0.38268343236508556 0.9238795325112885 -2.0296090470734845e-19
    outer loop
      vertex -3.2210898359909312 -8.1355442515222 23
      vertex -3.4750440430543312 -8.030352974734836 0
      vertex -3.4750440430543312 -8.030352974734836 23
    endloop
  endfacet
  facet normal 0.3239174181981412 0.9460853588275481 0
    outer loop
      vertex -2.9639568021463014 -8.232706728349473 23
      vertex -2.7038987007807895 -8.321744517582593 23
      vertex -2.9639568021463014 -8.232706728349473 0
    endloop
  endfacet
  facet normal 0.2940403252323102 0.9557930147983282 0
    outer loop
      vertex -2.7038987007807895 -8.321744517582593 23
      vertex -2.4411721778432542 -8.402569749673253 23
      vertex -2.7038987007807895 -8.321744517582593 0
    endloop
  endfacet
  facet normal 0.5490228179981282 0.8358073613682726 0
    outer loop
      vertex -4.918229556206142 -7.236955024902417 23
      vertex -4.688484456066221 -7.3878693481426305 23
      vertex -4.918229556206142 -7.236955024902417 0
    endloop
  endfacet
  facet normal 0.5224985647159531 0.8526401643540896 -3.081854902045596e-17
    outer loop
      vertex -4.688484456066217 -7.387869348142634 0
      vertex -4.688484456066221 -7.3878693481426305 23
      vertex -4.454112387815748 -7.531492736284508 23
    endloop
  endfacet
  facet normal 0.26387304996536687 0.9645574184577996 0
    outer loop
      vertex -2.4411721778432542 -8.402569749673253 23
      vertex -2.17603651269248 -8.475102659875521 23
      vertex -2.4411721778432542 -8.402569749673253 0
    endloop
  endfacet
  facet normal 0.2334453638559093 0.9723699203976758 -3.9039627004436496e-17
    outer loop
      vertex -2.17603651269248 -8.475102659875521 23
      vertex -1.9087533622197506 -8.539271666964039 23
      vertex -2.1760365126924763 -8.475102659875523 0
    endloop
  endfacet
  facet normal 0.20278729535651258 0.9792228106217657 0
    outer loop
      vertex -1.9087533622197506 -8.539271666964039 23
      vertex -1.6395865026250922 -8.595013443876026 23
      vertex -1.9087533622197506 -8.539271666964039 0
    endloop
  endfacet
  facet normal 0.17192910027940952 0.9851093261547739 0
    outer loop
      vertex -1.6395865026250922 -8.595013443876026 23
      vertex -1.36880156910202 -8.642272980207455 23
      vertex -1.6395865026250922 -8.595013443876026 0
    endloop
  endfacet
  facet normal 0.14090123193758608 0.990023657716557 0
    outer loop
      vertex -1.36880156910202 -8.642272980207455 23
      vertex -1.0966657936876605 -8.681003636501682 23
      vertex -1.36880156910202 -8.642272980207455 0
    endloop
  endfacet
  facet normal 0.07845909572784991 0.9969173337331275 0
    outer loop
      vertex -0.8234477415369968 -8.71116719027695 23
      vertex -0.5494170458814954 -8.732733873747376 23
      vertex -0.8234477415369968 -8.71116719027695 0
    endloop
  endfacet
  facet normal 0.047106450709641416 0.99888987496197 0
    outer loop
      vertex -0.5494170458814954 -8.732733873747376 23
      vertex -0.2748441419336243 -8.745682403200151 23
      vertex -0.5494170458814954 -8.732733873747376 0
    endloop
  endfacet
  facet normal 0.015707317311821026 0.9998766324816607 0
    outer loop
      vertex -0.2748441419336243 -8.745682403200151 23
      vertex 0 -8.75 23
      vertex -0.2748441419336243 -8.745682403200151 0
    endloop
  endfacet
  facet normal 0.10973431109103833 0.9939609554551805 1.7686257008876486e-20
    outer loop
      vertex -0.8234477415369968 -8.71116719027695 23
      vertex -1.0966657936876605 -8.681003636501682 0
      vertex -1.0966657936876605 -8.681003636501682 23
    endloop
  endfacet
  facet normal 0.9998766324816607 -0.01570731731182109 7.582011015076998e-19
    outer loop
      vertex -8.745682403200151 0.2748441419336243 23
      vertex -8.75 0 0
      vertex -8.745682403200151 0.27484414193362317 0
    endloop
  endfacet
  facet normal 0.99888987496197 -0.047106450709641944 0
    outer loop
      vertex -8.732733873747376 0.5494170458814912 0
      vertex -8.732733873747376 0.5494170458814912 23
      vertex -8.745682403200151 0.27484414193362317 0
    endloop
  endfacet
  facet normal 0.9969173337331277 -0.0784590957278475 0
    outer loop
      vertex -8.71116719027695 0.8234477415370012 23
      vertex -8.732733873747376 0.5494170458814912 0
      vertex -8.71116719027695 0.8234477415370012 0
    endloop
  endfacet
  facet normal 0.9939609554551804 -0.10973431109104007 0
    outer loop
      vertex -8.681003636501682 1.0966657936876605 0
      vertex -8.681003636501682 1.0966657936876605 23
      vertex -8.71116719027695 0.8234477415370012 0
    endloop
  endfacet
  facet normal 0.990023657716557 -0.14090123193758608 -2.8643591171948586e-20
    outer loop
      vertex -8.681003636501682 1.0966657936876605 0
      vertex -8.642272980207455 1.36880156910202 0
      vertex -8.642272980207455 1.36880156910202 23
    endloop
  endfacet
  facet normal 0.9851093261547739 -0.17192910027940966 1.6598230063764177e-18
    outer loop
      vertex -8.595013443876026 1.6395865026250922 23
      vertex -8.642272980207455 1.36880156910202 0
      vertex -8.595013443876026 1.639586502625092 0
    endloop
  endfacet
  facet normal 0.9792228106217665 -0.20278729535650908 0
    outer loop
      vertex -8.53927166696404 1.9087533622197466 0
      vertex -8.53927166696404 1.9087533622197466 23
      vertex -8.595013443876026 1.639586502625092 0
    endloop
  endfacet
  facet normal 0.9723699203976749 -0.2334453638559121 0
    outer loop
      vertex -8.475102659875521 2.17603651269248 23
      vertex -8.53927166696404 1.9087533622197466 0
      vertex -8.475102659875521 2.17603651269248 0
    endloop
  endfacet
  facet normal 0.9645574184577996 -0.26387304996536687 0
    outer loop
      vertex -8.402569749673253 2.4411721778432542 23
      vertex -8.475102659875521 2.17603651269248 0
      vertex -8.402569749673253 2.4411721778432542 0
    endloop
  endfacet
  facet normal 0.9557930147983282 -0.2940403252323102 0
    outer loop
      vertex -8.321744517582593 2.7038987007807895 23
      vertex -8.402569749673253 2.4411721778432542 0
      vertex -8.321744517582593 2.7038987007807895 0
    endloop
  endfacet
  facet normal 0.9460853588275481 -0.3239174181981417 6.254270882795001e-18
    outer loop
      vertex -8.232706728349473 2.9639568021463014 23
      vertex -8.321744517582593 2.7038987007807895 0
      vertex -8.232706728349473 2.963956802146301 0
    endloop
  endfacet
  facet normal 0.9354440308298656 -0.3534748437792615 0
    outer loop
      vertex -8.1355442515222 3.2210898359909312 0
      vertex -8.1355442515222 3.2210898359909312 23
      vertex -8.232706728349473 2.963956802146301 0
    endloop
  endfacet
  facet normal 0.9238795325112885 -0.38268343236508556 0
    outer loop
      vertex -8.030352974734836 3.4750440430543312 23
      vertex -8.1355442515222 3.2210898359909312 0
      vertex -8.030352974734836 3.4750440430543312 0
    endloop
  endfacet
  facet normal 0.911403276635443 -0.4115143586051137 0
    outer loop
      vertex -7.917236709077671 3.7255688011943837 0
      vertex -7.917236709077671 3.7255688011943837 23
      vertex -8.030352974734836 3.4750440430543312 0
    endloop
  endfacet
  facet normal 0.8980275757606168 -0.4399391698559128 3.4828450402265464e-21
    outer loop
      vertex -7.917236709077671 3.7255688011943837 0
      vertex -7.796307086648219 3.9724168727210345 0
      vertex -7.796307086648219 3.9724168727210345 23
    endloop
  endfacet
  facet normal 0.8837656300886919 -0.4679298142605765 0
    outer loop
      vertex -7.667683450383805 4.215344648390009 0
      vertex -7.667683450383805 4.215344648390009 23
      vertex -7.796307086648219 3.9724168727210345 0
    endloop
  endfacet
  facet normal 0.8686315144381938 -0.4954586684324032 0
    outer loop
      vertex -7.531492736284508 4.454112387815748 23
      vertex -7.667683450383805 4.215344648390009 0
      vertex -7.531492736284508 4.454112387815748 0
    endloop
  endfacet
  facet normal 0.8526401643540896 -0.5224985647159531 0
    outer loop
      vertex -7.3878693481426305 4.688484456066221 0
      vertex -7.3878693481426305 4.688484456066221 23
      vertex -7.531492736284508 4.454112387815748 0
    endloop
  endfacet
  facet normal 0.8358073613682726 -0.5490228179981282 0
    outer loop
      vertex -7.236955024902417 4.918229556206142 23
      vertex -7.3878693481426305 4.688484456066221 0
      vertex -7.236955024902417 4.918229556206142 0
    endloop
  endfacet
  facet normal 0.9998766324816607 -0.015707317311821026 0
    outer loop
      vertex -8.75 0 23
      vertex -8.75 0 0
      vertex -8.745682403200151 0.2748441419336243 23
    endloop
  endfacet
  facet normal 0.99888987496197 -0.04710645070964214 2.273855051574554e-18
    outer loop
      vertex -8.745682403200151 0.2748441419336243 23
      vertex -8.745682403200151 0.27484414193362317 0
      vertex -8.732733873747376 0.5494170458814912 23
    endloop
  endfacet
  facet normal 0.9969173337331277 -0.0784590957278475 0
    outer loop
      vertex -8.732733873747376 0.5494170458814912 0
      vertex -8.71116719027695 0.8234477415370012 23
      vertex -8.732733873747376 0.5494170458814912 23
    endloop
  endfacet
  facet normal 0.9939609554551804 -0.10973431109104007 0
    outer loop
      vertex -8.71116719027695 0.8234477415370012 23
      vertex -8.71116719027695 0.8234477415370012 0
      vertex -8.681003636501682 1.0966657936876605 23
    endloop
  endfacet
  facet normal 0.990023657716557 -0.14090123193758608 0
    outer loop
      vertex -8.681003636501682 1.0966657936876605 0
      vertex -8.642272980207455 1.36880156910202 23
      vertex -8.681003636501682 1.0966657936876605 23
    endloop
  endfacet
  facet normal 0.9851093261547739 -0.17192910027940952 0
    outer loop
      vertex -8.642272980207455 1.36880156910202 23
      vertex -8.642272980207455 1.36880156910202 0
      vertex -8.595013443876026 1.6395865026250922 23
    endloop
  endfacet
  facet normal 0.9792228106217664 -0.20278729535650925 1.9577315165761624e-18
    outer loop
      vertex -8.595013443876026 1.6395865026250922 23
      vertex -8.595013443876026 1.639586502625092 0
      vertex -8.53927166696404 1.9087533622197466 23
    endloop
  endfacet
  facet normal 0.9723699203976749 -0.2334453638559121 0
    outer loop
      vertex -8.53927166696404 1.9087533622197466 0
      vertex -8.475102659875521 2.17603651269248 23
      vertex -8.53927166696404 1.9087533622197466 23
    endloop
  endfacet
  facet normal 0.9645574184577996 -0.26387304996536687 0
    outer loop
      vertex -8.475102659875521 2.17603651269248 23
      vertex -8.475102659875521 2.17603651269248 0
      vertex -8.402569749673253 2.4411721778432542 23
    endloop
  endfacet
  facet normal 0.9557930147983282 -0.2940403252323102 0
    outer loop
      vertex -8.402569749673253 2.4411721778432542 23
      vertex -8.402569749673253 2.4411721778432542 0
      vertex -8.321744517582593 2.7038987007807895 23
    endloop
  endfacet
  facet normal 0.9460853588275481 -0.3239174181981412 0
    outer loop
      vertex -8.321744517582593 2.7038987007807895 23
      vertex -8.321744517582593 2.7038987007807895 0
      vertex -8.232706728349473 2.9639568021463014 23
    endloop
  endfacet
  facet normal 0.9354440308298655 -0.35347484377926214 6.824972351122037e-18
    outer loop
      vertex -8.232706728349473 2.9639568021463014 23
      vertex -8.232706728349473 2.963956802146301 0
      vertex -8.1355442515222 3.2210898359909312 23
    endloop
  endfacet
  facet normal 0.9238795325112885 -0.38268343236508556 0
    outer loop
      vertex -8.1355442515222 3.2210898359909312 0
      vertex -8.030352974734836 3.4750440430543312 23
      vertex -8.1355442515222 3.2210898359909312 23
    endloop
  endfacet
  facet normal 0.911403276635443 -0.4115143586051137 0
    outer loop
      vertex -8.030352974734836 3.4750440430543312 23
      vertex -8.030352974734836 3.4750440430543312 0
      vertex -7.917236709077671 3.7255688011943837 23
    endloop
  endfacet
  facet normal 0.8980275757606168 -0.4399391698559128 0
    outer loop
      vertex -7.917236709077671 3.7255688011943837 0
      vertex -7.796307086648219 3.9724168727210345 23
      vertex -7.917236709077671 3.7255688011943837 23
    endloop
  endfacet
  facet normal 0.8837656300886919 -0.4679298142605765 0
    outer loop
      vertex -7.796307086648219 3.9724168727210345 23
      vertex -7.796307086648219 3.9724168727210345 0
      vertex -7.667683450383805 4.215344648390009 23
    endloop
  endfacet
  facet normal 0.8686315144381938 -0.4954586684324032 0
    outer loop
      vertex -7.667683450383805 4.215344648390009 0
      vertex -7.531492736284508 4.454112387815748 23
      vertex -7.667683450383805 4.215344648390009 23
    endloop
  endfacet
  facet normal 0.8526401643540896 -0.5224985647159531 0
    outer loop
      vertex -7.531492736284508 4.454112387815748 23
      vertex -7.531492736284508 4.454112387815748 0
      vertex -7.3878693481426305 4.688484456066221 23
    endloop
  endfacet
  facet normal 0.8358073613682726 -0.5490228179981282 0
    outer loop
      vertex -7.3878693481426305 4.688484456066221 0
      vertex -7.236955024902417 4.918229556206142 23
      vertex -7.3878693481426305 4.688484456066221 23
    endloop
  endfacet
  facet normal 0.7996846584870884 -0.6004202253258872 5.0133275945153845e-17
    outer loop
      vertex -6.913856358287289 5.362936719463546 0
      vertex -7.06749610219769 5.1583077929940115 7.3
      vertex -7.07889870078079 5.14312095755914 0
    endloop
  endfacet
  facet normal 0.7804304073383326 -0.6252426563357018 0
    outer loop
      vertex -6.913856358287289 5.362936719463546 7.3
      vertex -6.913856358287289 5.362936719463546 0
      vertex -6.741990874288157 5.577459910301035 0
    endloop
  endfacet
  facet normal 0.7604059656000297 -0.6494480483301849 0
    outer loop
      vertex -6.741990874288157 5.577459910301035 7.3
      vertex -6.741990874288157 5.577459910301035 0
      vertex -6.563471859266522 5.786478821581953 0
    endloop
  endfacet
  facet normal 0.739631094978609 -0.6730125135097739 -6.476471732047745e-18
    outer loop
      vertex -6.378475489937352 5.989787176876025 0
      vertex -6.563471859266521 5.786478821581954 7.3
      vertex -6.563471859266522 5.786478821581953 0
    endloop
  endfacet
  facet normal 0.7181262977631899 -0.6959127965923134 0
    outer loop
      vertex -6.378475489937352 5.989787176876025 0
      vertex -6.187184335382291 6.187184335382291 0
      vertex -6.378475489937352 5.989787176876025 7.3
    endloop
  endfacet
  facet normal 0.7996846584870873 -0.6004202253258883 0
    outer loop
      vertex -6.913856358287289 5.362936719463546 0
      vertex -6.913856358287289 5.362936719463546 7.3
      vertex -7.06749610219769 5.1583077929940115 7.3
    endloop
  endfacet
  facet normal 0.7804304073383326 -0.6252426563357018 -1.1693940553950983e-18
    outer loop
      vertex -6.913856358287289 5.362936719463546 7.3
      vertex -6.741990874288157 5.577459910301035 0
      vertex -6.741990874288157 5.577459910301035 7.3
    endloop
  endfacet
  facet normal 0.7604059656000295 -0.6494480483301851 -1.3607911480589918e-17
    outer loop
      vertex -6.741990874288157 5.577459910301035 7.3
      vertex -6.563471859266522 5.786478821581953 0
      vertex -6.563471859266521 5.786478821581954 7.3
    endloop
  endfacet
  facet normal 0.7396310949786092 -0.6730125135097738 0
    outer loop
      vertex -6.378475489937352 5.989787176876025 0
      vertex -6.378475489937352 5.989787176876025 7.3
      vertex -6.563471859266521 5.786478821581954 7.3
    endloop
  endfacet
  facet normal 0.7181262977631899 -0.6959127965923134 -6.471154706712654e-20
    outer loop
      vertex -6.378475489937352 5.989787176876025 7.3
      vertex -6.187184335382291 6.187184335382291 0
      vertex -6.187184335382291 6.187184335382291 7.3
    endloop
  endfacet
  facet normal 0.6959127965923134 -0.7181262977631899 -6.471154706712654e-20
    outer loop
      vertex -5.989787176876025 6.378475489937352 0
      vertex -6.187184335382291 6.187184335382291 7.3
      vertex -6.187184335382291 6.187184335382291 0
    endloop
  endfacet
  facet normal 0.6730125135097738 -0.7396310949786092 0
    outer loop
      vertex -5.989787176876025 6.378475489937352 0
      vertex -5.786478821581954 6.563471859266521 0
      vertex -5.989787176876025 6.378475489937352 7.3
    endloop
  endfacet
  facet normal 0.649448048330183 -0.7604059656000313 0
    outer loop
      vertex -5.786478821581954 6.563471859266521 7.3
      vertex -5.786478821581954 6.563471859266521 0
      vertex -5.577459910301036 6.741990874288155 0
    endloop
  endfacet
  facet normal 0.6252426563357052 -0.7804304073383298 1.1383504894767264e-16
    outer loop
      vertex -5.577459910301035 6.741990874288157 7.3
      vertex -5.577459910301036 6.741990874288155 0
      vertex -5.362936719463543 6.913856358287291 0
    endloop
  endfacet
  facet normal 0.6004202253258856 -0.7996846584870893 0
    outer loop
      vertex -5.362936719463543 6.913856358287291 7.3
      vertex -5.362936719463543 6.913856358287291 0
      vertex -5.14312095755914 7.07889870078079 0
    endloop
  endfacet
  facet normal 0.6959127965923134 -0.7181262977631899 0
    outer loop
      vertex -5.989787176876025 6.378475489937352 0
      vertex -5.989787176876025 6.378475489937352 7.3
      vertex -6.187184335382291 6.187184335382291 7.3
    endloop
  endfacet
  facet normal 0.6730125135097738 -0.7396310949786092 1.5477383800478052e-18
    outer loop
      vertex -5.989787176876025 6.378475489937352 7.3
      vertex -5.786478821581954 6.563471859266521 0
      vertex -5.786478821581954 6.563471859266521 7.3
    endloop
  endfacet
  facet normal 0.6494480483301851 -0.7604059656000295 1.0709072275356577e-16
    outer loop
      vertex -5.786478821581954 6.563471859266521 7.3
      vertex -5.577459910301036 6.741990874288155 0
      vertex -5.577459910301035 6.741990874288157 7.3
    endloop
  endfacet
  facet normal 0.6252426563357028 -0.7804304073383316 1.2131530837736911e-19
    outer loop
      vertex -5.577459910301035 6.741990874288157 7.3
      vertex -5.362936719463543 6.913856358287291 0
      vertex -5.362936719463543 6.913856358287291 7.3
    endloop
  endfacet
  facet normal 0.6004202253258866 -0.7996846584870885 4.862778173226956e-17
    outer loop
      vertex -5.362936719463543 6.913856358287291 7.3
      vertex -5.14312095755914 7.07889870078079 0
      vertex -5.1583077929940115 7.06749610219769 7.3
    endloop
  endfacet
  facet normal 0.818149717425024 -0.575005252043278 0
    outer loop
      vertex -7.07889870078079 5.14312095755914 23
      vertex -7.236955024902417 4.918229556206142 0
      vertex -7.07889870078079 5.14312095755914 0
    endloop
  endfacet
  facet normal 0.7996846584870998 -0.6004202253258716 -3.0924029759668453e-20
    outer loop
      vertex -7.06749610219769 5.1583077929940115 7.3
      vertex -7.07889870078079 5.14312095755914 23
      vertex -7.07889870078079 5.14312095755914 0
    endloop
  endfacet
  facet normal 0.5750052520432773 -0.8181497174250243 0
    outer loop
      vertex -5.14312095755914 7.07889870078079 23
      vertex -5.14312095755914 7.07889870078079 0
      vertex -4.918229556206143 7.236955024902416 0
    endloop
  endfacet
  facet normal 0.6004202253258716 -0.7996846584870998 -3.0924029759668453e-20
    outer loop
      vertex -5.1583077929940115 7.06749610219769 7.3
      vertex -5.14312095755914 7.07889870078079 0
      vertex -5.14312095755914 7.07889870078079 23
    endloop
  endfacet
  facet normal 0.7996846584870999 -0.6004202253258716 0
    outer loop
      vertex -7.06749610219769 5.1583077929940115 7.3
      vertex -7.06749610219769 5.1583077929940115 10
      vertex -7.07889870078079 5.14312095755914 23
    endloop
  endfacet
  facet normal 0.7996846584870874 -0.6004202253258883 -3.0535490428171104e-17
    outer loop
      vertex -7.06749610219769 5.1583077929940115 10
      vertex -6.913856358287289 5.362936719463546 10
      vertex -7.07889870078079 5.14312095755914 23
    endloop
  endfacet
  facet normal 0.7804304073383325 -0.6252426563357016 0
    outer loop
      vertex -6.913856358287289 5.362936719463546 10
      vertex -6.741990874288157 5.577459910301035 10
      vertex -6.913856358287289 5.362936719463546 23
    endloop
  endfacet
  facet normal 0.7604059656000296 -0.6494480483301852 0
    outer loop
      vertex -6.741990874288157 5.577459910301035 10
      vertex -6.563471859266521 5.786478821581954 10
      vertex -6.741990874288157 5.577459910301035 23
    endloop
  endfacet
  facet normal 0.7396310949786092 -0.6730125135097738 0
    outer loop
      vertex -6.563471859266521 5.786478821581954 10
      vertex -6.378475489937352 5.989787176876025 10
      vertex -6.563471859266521 5.786478821581954 23
    endloop
  endfacet
  facet normal 0.7181262977631898 -0.6959127965923133 0
    outer loop
      vertex -6.378475489937352 5.989787176876025 10
      vertex -6.187184335382291 6.187184335382291 10
      vertex -6.378475489937352 5.989787176876025 23
    endloop
  endfacet
  facet normal 0.818149717425024 -0.575005252043278 0
    outer loop
      vertex -7.236955024902417 4.918229556206142 23
      vertex -7.236955024902417 4.918229556206142 0
      vertex -7.07889870078079 5.14312095755914 23
    endloop
  endfacet
  facet normal 0.6959127965923133 -0.7181262977631898 0
    outer loop
      vertex -6.187184335382291 6.187184335382291 10
      vertex -5.989787176876025 6.378475489937352 10
      vertex -6.187184335382291 6.187184335382291 23
    endloop
  endfacet
  facet normal 0.6730125135097738 -0.7396310949786092 0
    outer loop
      vertex -5.989787176876025 6.378475489937352 10
      vertex -5.786478821581954 6.563471859266521 10
      vertex -5.989787176876025 6.378475489937352 23
    endloop
  endfacet
  facet normal 0.6494480483301852 -0.7604059656000296 0
    outer loop
      vertex -5.786478821581954 6.563471859266521 10
      vertex -5.577459910301035 6.741990874288157 10
      vertex -5.786478821581954 6.563471859266521 23
    endloop
  endfacet
  facet normal 0.6252426563357029 -0.7804304073383316 0
    outer loop
      vertex -5.577459910301035 6.741990874288157 10
      vertex -5.362936719463543 6.913856358287291 10
      vertex -5.577459910301035 6.741990874288157 23
    endloop
  endfacet
  facet normal 0.6004202253258867 -0.7996846584870886 0
    outer loop
      vertex -5.362936719463543 6.913856358287291 10
      vertex -5.1583077929940115 7.06749610219769 10
      vertex -5.362936719463543 6.913856358287291 23
    endloop
  endfacet
  facet normal 0.6004202253258716 -0.7996846584870999 0
    outer loop
      vertex -5.1583077929940115 7.06749610219769 7.3
      vertex -5.14312095755914 7.07889870078079 23
      vertex -5.1583077929940115 7.06749610219769 10
    endloop
  endfacet
  facet normal 0.5750052520432773 -0.8181497174250243 -4.742607830130292e-19
    outer loop
      vertex -5.14312095755914 7.07889870078079 23
      vertex -4.918229556206143 7.236955024902416 0
      vertex -4.918229556206143 7.236955024902416 23
    endloop
  endfacet
  facet normal 0.7996846584870881 -0.6004202253258871 0
    outer loop
      vertex -6.913856358287289 5.362936719463546 10
      vertex -6.913856358287289 5.362936719463546 23
      vertex -7.07889870078079 5.14312095755914 23
    endloop
  endfacet
  facet normal 0.7804304073383325 -0.6252426563357016 0
    outer loop
      vertex -6.741990874288157 5.577459910301035 10
      vertex -6.741990874288157 5.577459910301035 23
      vertex -6.913856358287289 5.362936719463546 23
    endloop
  endfacet
  facet normal 0.7604059656000296 -0.6494480483301852 0
    outer loop
      vertex -6.563471859266521 5.786478821581954 10
      vertex -6.563471859266521 5.786478821581954 23
      vertex -6.741990874288157 5.577459910301035 23
    endloop
  endfacet
  facet normal 0.7396310949786092 -0.6730125135097738 0
    outer loop
      vertex -6.378475489937352 5.989787176876025 10
      vertex -6.378475489937352 5.989787176876025 23
      vertex -6.563471859266521 5.786478821581954 23
    endloop
  endfacet
  facet normal 0.7181262977631898 -0.6959127965923133 0
    outer loop
      vertex -6.187184335382291 6.187184335382291 10
      vertex -6.187184335382291 6.187184335382291 23
      vertex -6.378475489937352 5.989787176876025 23
    endloop
  endfacet
  facet normal 0.6959127965923133 -0.7181262977631898 0
    outer loop
      vertex -5.989787176876025 6.378475489937352 10
      vertex -5.989787176876025 6.378475489937352 23
      vertex -6.187184335382291 6.187184335382291 23
    endloop
  endfacet
  facet normal 0.6730125135097738 -0.7396310949786092 0
    outer loop
      vertex -5.786478821581954 6.563471859266521 10
      vertex -5.786478821581954 6.563471859266521 23
      vertex -5.989787176876025 6.378475489937352 23
    endloop
  endfacet
  facet normal 0.6494480483301852 -0.7604059656000296 0
    outer loop
      vertex -5.577459910301035 6.741990874288157 10
      vertex -5.577459910301035 6.741990874288157 23
      vertex -5.786478821581954 6.563471859266521 23
    endloop
  endfacet
  facet normal 0.6252426563357029 -0.7804304073383316 0
    outer loop
      vertex -5.362936719463543 6.913856358287291 10
      vertex -5.362936719463543 6.913856358287291 23
      vertex -5.577459910301035 6.741990874288157 23
    endloop
  endfacet
  facet normal 0.6004202253258857 -0.7996846584870895 -2.5597103859927348e-17
    outer loop
      vertex -5.1583077929940115 7.06749610219769 10
      vertex -5.14312095755914 7.07889870078079 23
      vertex -5.362936719463543 6.913856358287291 23
    endloop
  endfacet
  facet normal 0.549022817998129 -0.835807361368272 -5.265647466907117e-19
    outer loop
      vertex -4.688484456066221 7.3878693481426305 0
      vertex -4.918229556206143 7.236955024902416 23
      vertex -4.918229556206143 7.236955024902416 0
    endloop
  endfacet
  facet normal 0.5224985647159522 -0.8526401643540902 0
    outer loop
      vertex -4.688484456066221 7.3878693481426305 0
      vertex -4.454112387815749 7.531492736284507 0
      vertex -4.688484456066221 7.3878693481426305 23
    endloop
  endfacet
  facet normal 0.4954586684324054 -0.8686315144381926 1.4410611680018187e-17
    outer loop
      vertex -4.454112387815748 7.531492736284508 23
      vertex -4.454112387815749 7.531492736284507 0
      vertex -4.215344648390008 7.667683450383806 0
    endloop
  endfacet
  facet normal 0.4679298142605753 -0.8837656300886924 0
    outer loop
      vertex -4.215344648390008 7.667683450383806 23
      vertex -4.215344648390008 7.667683450383806 0
      vertex -3.9724168727210345 7.796307086648219 0
    endloop
  endfacet
  facet normal 0.439939169855914 -0.8980275757606163 0
    outer loop
      vertex -3.9724168727210345 7.796307086648219 23
      vertex -3.9724168727210345 7.796307086648219 0
      vertex -3.7255688011943864 7.91723670907767 0
    endloop
  endfacet
  facet normal 0.4115143586051128 -0.9114032766354435 0
    outer loop
      vertex -3.7255688011943864 7.91723670907767 23
      vertex -3.7255688011943864 7.91723670907767 0
      vertex -3.4750440430543312 8.030352974734836 0
    endloop
  endfacet
  facet normal 0.38268343236508556 -0.9238795325112885 0
    outer loop
      vertex -3.4750440430543312 8.030352974734836 23
      vertex -3.4750440430543312 8.030352974734836 0
      vertex -3.2210898359909312 8.1355442515222 0
    endloop
  endfacet
  facet normal 0.3534748437792594 -0.9354440308298664 0
    outer loop
      vertex -3.2210898359909312 8.1355442515222 23
      vertex -3.2210898359909312 8.1355442515222 0
      vertex -2.963956802146299 8.232706728349473 0
    endloop
  endfacet
  facet normal 0.3239174181981436 -0.9460853588275473 0
    outer loop
      vertex -2.963956802146299 8.232706728349473 23
      vertex -2.963956802146299 8.232706728349473 0
      vertex -2.7038987007807895 8.321744517582593 0
    endloop
  endfacet
  facet normal 0.29404032523230655 -0.9557930147983292 0
    outer loop
      vertex -2.7038987007807895 8.321744517582593 23
      vertex -2.7038987007807895 8.321744517582593 0
      vertex -2.4411721778432565 8.402569749673251 0
    endloop
  endfacet
  facet normal 0.26387304996537086 -0.9645574184577987 0
    outer loop
      vertex -2.4411721778432565 8.402569749673251 23
      vertex -2.4411721778432565 8.402569749673251 0
      vertex -2.17603651269248 8.475102659875521 0
    endloop
  endfacet
  facet normal 0.2334453638559121 -0.9723699203976749 0
    outer loop
      vertex -2.17603651269248 8.475102659875521 23
      vertex -2.17603651269248 8.475102659875521 0
      vertex -1.9087533622197466 8.53927166696404 0
    endloop
  endfacet
  facet normal 0.20278729535650766 -0.9792228106217667 0
    outer loop
      vertex -1.9087533622197466 8.53927166696404 23
      vertex -1.9087533622197466 8.53927166696404 0
      vertex -1.63958650262509 8.595013443876026 0
    endloop
  endfacet
  facet normal 0.17192910027941086 -0.9851093261547736 0
    outer loop
      vertex -1.63958650262509 8.595013443876026 23
      vertex -1.63958650262509 8.595013443876026 0
      vertex -1.36880156910202 8.642272980207455 0
    endloop
  endfacet
  facet normal 0.1409012319375871 -0.990023657716557 0
    outer loop
      vertex -1.36880156910202 8.642272980207455 23
      vertex -1.36880156910202 8.642272980207455 0
      vertex -1.0966657936876625 8.681003636501682 0
    endloop
  endfacet
  facet normal 0.10973431109103927 -0.9939609554551804 0
    outer loop
      vertex -1.0966657936876625 8.681003636501682 23
      vertex -1.0966657936876625 8.681003636501682 0
      vertex -0.8234477415370012 8.71116719027695 0
    endloop
  endfacet
  facet normal 0.0784590957278475 -0.9969173337331277 0
    outer loop
      vertex -0.8234477415370012 8.71116719027695 23
      vertex -0.8234477415370012 8.71116719027695 0
      vertex -0.5494170458814912 8.732733873747376 0
    endloop
  endfacet
  facet normal 0.04710645070964177 -0.99888987496197 0
    outer loop
      vertex -0.5494170458814912 8.732733873747376 23
      vertex -0.5494170458814912 8.732733873747376 0
      vertex -0.27484414193362217 8.745682403200151 0
    endloop
  endfacet
  facet normal 0.015707317311821147 -0.9998766324816607 0
    outer loop
      vertex -0.27484414193362217 8.745682403200151 23
      vertex -0.27484414193362217 8.745682403200151 0
      vertex 0 8.75 0
    endloop
  endfacet
  facet normal 0.549022817998129 -0.835807361368272 0
    outer loop
      vertex -4.688484456066221 7.3878693481426305 0
      vertex -4.688484456066221 7.3878693481426305 23
      vertex -4.918229556206143 7.236955024902416 23
    endloop
  endfacet
  facet normal 0.5224985647159531 -0.8526401643540896 1.3067661539485982e-17
    outer loop
      vertex -4.688484456066221 7.3878693481426305 23
      vertex -4.454112387815749 7.531492736284507 0
      vertex -4.454112387815748 7.531492736284508 23
    endloop
  endfacet
  facet normal 0.49545866843240427 -0.8686315144381932 1.7686262086328802e-19
    outer loop
      vertex -4.454112387815748 7.531492736284508 23
      vertex -4.215344648390008 7.667683450383806 0
      vertex -4.215344648390008 7.667683450383806 23
    endloop
  endfacet
  facet normal 0.4679298142605753 -0.8837656300886924 -2.1467770523662527e-19
    outer loop
      vertex -4.215344648390008 7.667683450383806 23
      vertex -3.9724168727210345 7.796307086648219 0
      vertex -3.9724168727210345 7.796307086648219 23
    endloop
  endfacet
  facet normal 0.439939169855914 -0.8980275757606163 -3.331582927253819e-20
    outer loop
      vertex -3.9724168727210345 7.796307086648219 23
      vertex -3.7255688011943864 7.91723670907767 0
      vertex -3.7255688011943864 7.91723670907767 23
    endloop
  endfacet
  facet normal 0.4115143586051128 -0.9114032766354435 -1.9236682626989755e-19
    outer loop
      vertex -3.7255688011943864 7.91723670907767 23
      vertex -3.4750440430543312 8.030352974734836 0
      vertex -3.4750440430543312 8.030352974734836 23
    endloop
  endfacet
  facet normal 0.38268343236508556 -0.9238795325112885 2.0296090470734845e-19
    outer loop
      vertex -3.4750440430543312 8.030352974734836 23
      vertex -3.2210898359909312 8.1355442515222 0
      vertex -3.2210898359909312 8.1355442515222 23
    endloop
  endfacet
  facet normal 0.3534748437792594 -0.9354440308298664 8.8547595220816e-20
    outer loop
      vertex -3.2210898359909312 8.1355442515222 23
      vertex -2.963956802146299 8.232706728349473 0
      vertex -2.963956802146299 8.232706728349473 23
    endloop
  endfacet
  facet normal 0.3239174181981436 -0.9460853588275473 1.4761637809473842e-19
    outer loop
      vertex -2.963956802146299 8.232706728349473 23
      vertex -2.7038987007807895 8.321744517582593 0
      vertex -2.7038987007807895 8.321744517582593 23
    endloop
  endfacet
  facet normal 0.29404032523230655 -0.9557930147983292 -1.1171048937663203e-19
    outer loop
      vertex -2.7038987007807895 8.321744517582593 23
      vertex -2.4411721778432565 8.402569749673251 0
      vertex -2.4411721778432565 8.402569749673251 23
    endloop
  endfacet
  facet normal 0.26387304996537086 -0.9645574184577987 -2.1696482391144652e-21
    outer loop
      vertex -2.4411721778432565 8.402569749673251 23
      vertex -2.17603651269248 8.475102659875521 0
      vertex -2.17603651269248 8.475102659875521 23
    endloop
  endfacet
  facet normal 0.2334453638559121 -0.9723699203976749 2.0494744425521843e-19
    outer loop
      vertex -2.17603651269248 8.475102659875521 23
      vertex -1.9087533622197466 8.53927166696404 0
      vertex -1.9087533622197466 8.53927166696404 23
    endloop
  endfacet
  facet normal 0.20278729535650766 -0.9792228106217667 -9.45481536837501e-20
    outer loop
      vertex -1.9087533622197466 8.53927166696404 23
      vertex -1.63958650262509 8.595013443876026 0
      vertex -1.63958650262509 8.595013443876026 23
    endloop
  endfacet
  facet normal 0.17192910027941086 -0.9851093261547736 -8.045730639953183e-20
    outer loop
      vertex -1.63958650262509 8.595013443876026 23
      vertex -1.36880156910202 8.642272980207455 0
      vertex -1.36880156910202 8.642272980207455 23
    endloop
  endfacet
  facet normal 0.1409012319375871 -0.990023657716557 7.624987036145667e-20
    outer loop
      vertex -1.36880156910202 8.642272980207455 23
      vertex -1.0966657936876625 8.681003636501682 0
      vertex -1.0966657936876625 8.681003636501682 23
    endloop
  endfacet
  facet normal 0.10973431109103927 -0.9939609554551804 1.0858183268114363e-19
    outer loop
      vertex -1.0966657936876625 8.681003636501682 23
      vertex -0.8234477415370012 8.71116719027695 0
      vertex -0.8234477415370012 8.71116719027695 23
    endloop
  endfacet
  facet normal 0.0784590957278475 -0.9969173337331277 -6.832100522364831e-20
    outer loop
      vertex -0.8234477415370012 8.71116719027695 23
      vertex -0.5494170458814912 8.732733873747376 0
      vertex -0.5494170458814912 8.732733873747376 23
    endloop
  endfacet
  facet normal 0.04710645070964177 -0.99888987496197 1.3715894922742991e-21
    outer loop
      vertex -0.5494170458814912 8.732733873747376 23
      vertex -0.27484414193362217 8.745682403200151 0
      vertex -0.27484414193362217 8.745682403200151 23
    endloop
  endfacet
  facet normal 0.015707317311821147 -0.9998766324816607 -5.228740954290262e-21
    outer loop
      vertex -0.27484414193362217 8.745682403200151 23
      vertex 0 8.75 0
      vertex 0 8.75 23
    endloop
  endfacet
  facet normal -0.015707317311821026 0.9998766324816607 0
    outer loop
      vertex 0.2748441419336243 -8.745682403200151 23
      vertex 0.2748441419336243 -8.745682403200151 0
      vertex 0 -8.75 0
    endloop
  endfacet
  facet normal -0.047106450709641416 0.99888987496197 0
    outer loop
      vertex 0.5494170458814954 -8.732733873747376 23
      vertex 0.5494170458814954 -8.732733873747376 0
      vertex 0.2748441419336243 -8.745682403200151 0
    endloop
  endfacet
  facet normal -0.07845909572784991 0.9969173337331275 0
    outer loop
      vertex 0.8234477415369968 -8.71116719027695 23
      vertex 0.8234477415369968 -8.71116719027695 0
      vertex 0.5494170458814954 -8.732733873747376 0
    endloop
  endfacet
  facet normal -0.10973431109103833 0.9939609554551805 0
    outer loop
      vertex 1.0966657936876605 -8.681003636501682 23
      vertex 1.0966657936876605 -8.681003636501682 0
      vertex 0.8234477415369968 -8.71116719027695 0
    endloop
  endfacet
  facet normal -0.14090123193758608 0.990023657716557 0
    outer loop
      vertex 1.36880156910202 -8.642272980207455 23
      vertex 1.36880156910202 -8.642272980207455 0
      vertex 1.0966657936876605 -8.681003636501682 0
    endloop
  endfacet
  facet normal -0.17192910027940952 0.9851093261547739 0
    outer loop
      vertex 1.6395865026250922 -8.595013443876026 23
      vertex 1.6395865026250922 -8.595013443876026 0
      vertex 1.36880156910202 -8.642272980207455 0
    endloop
  endfacet
  facet normal -0.20278729535651258 0.9792228106217657 0
    outer loop
      vertex 1.9087533622197506 -8.539271666964039 23
      vertex 1.9087533622197506 -8.539271666964039 0
      vertex 1.6395865026250922 -8.595013443876026 0
    endloop
  endfacet
  facet normal -0.2334453638559093 0.9723699203976758 3.9039627004436496e-17
    outer loop
      vertex 2.1760365126924763 -8.475102659875523 23
      vertex 2.17603651269248 -8.475102659875521 0
      vertex 1.9087533622197506 -8.539271666964039 0
    endloop
  endfacet
  facet normal -0.26387304996536687 0.9645574184577996 0
    outer loop
      vertex 2.4411721778432542 -8.402569749673253 23
      vertex 2.4411721778432542 -8.402569749673253 0
      vertex 2.17603651269248 -8.475102659875521 0
    endloop
  endfacet
  facet normal -0.2940403252323102 0.9557930147983282 0
    outer loop
      vertex 2.7038987007807895 -8.321744517582593 23
      vertex 2.7038987007807895 -8.321744517582593 0
      vertex 2.4411721778432542 -8.402569749673253 0
    endloop
  endfacet
  facet normal -0.3239174181981412 0.9460853588275481 0
    outer loop
      vertex 2.9639568021463014 -8.232706728349473 23
      vertex 2.9639568021463014 -8.232706728349473 0
      vertex 2.7038987007807895 -8.321744517582593 0
    endloop
  endfacet
  facet normal -0.3534748437792624 0.9354440308298654 0
    outer loop
      vertex 3.2210898359909357 -8.135544251522198 23
      vertex 3.2210898359909357 -8.135544251522198 0
      vertex 2.9639568021463014 -8.232706728349473 0
    endloop
  endfacet
  facet normal -0.3826834323650858 0.9238795325112885 -5.911150716581594e-17
    outer loop
      vertex 3.4750440430543312 -8.030352974734836 0
      vertex 3.2210898359909357 -8.135544251522198 0
      vertex 3.4750440430543277 -8.030352974734836 23
    endloop
  endfacet
  facet normal -0.4115143586051137 0.911403276635443 -1.9655402011023162e-19
    outer loop
      vertex 3.4750440430543312 -8.030352974734836 0
      vertex 3.7255688011943837 -7.917236709077671 23
      vertex 3.7255688011943837 -7.917236709077671 0
    endloop
  endfacet
  facet normal -0.4399391698559128 0.8980275757606168 0
    outer loop
      vertex 3.9724168727210345 -7.796307086648219 23
      vertex 3.9724168727210345 -7.796307086648219 0
      vertex 3.7255688011943837 -7.917236709077671 0
    endloop
  endfacet
  facet normal -0.4679298142605765 0.8837656300886919 0
    outer loop
      vertex 4.215344648390009 -7.667683450383805 23
      vertex 4.215344648390009 -7.667683450383805 0
      vertex 3.9724168727210345 -7.796307086648219 0
    endloop
  endfacet
  facet normal -0.4954586684324036 0.8686315144381935 -3.354346807806266e-17
    outer loop
      vertex 4.454112387815752 -7.531492736284505 0
      vertex 4.215344648390009 -7.667683450383805 0
      vertex 4.454112387815752 -7.5314927362845046 23
    endloop
  endfacet
  facet normal -0.5224985647159509 0.852640164354091 -1.6972188425708913e-18
    outer loop
      vertex 4.454112387815752 -7.531492736284505 0
      vertex 4.688484456066217 -7.387869348142634 23
      vertex 4.688484456066221 -7.387869348142631 0
    endloop
  endfacet
  facet normal -0.5490228179981305 0.8358073613682712 0
    outer loop
      vertex 4.918229556206142 -7.236955024902417 23
      vertex 4.918229556206142 -7.236955024902417 0
      vertex 4.688484456066221 -7.387869348142631 0
    endloop
  endfacet
  facet normal -0.015707317311821026 0.9998766324816607 0
    outer loop
      vertex 0 -8.75 23
      vertex 0.2748441419336243 -8.745682403200151 23
      vertex 0 -8.75 0
    endloop
  endfacet
  facet normal -0.047106450709641416 0.99888987496197 0
    outer loop
      vertex 0.2748441419336243 -8.745682403200151 23
      vertex 0.5494170458814954 -8.732733873747376 23
      vertex 0.2748441419336243 -8.745682403200151 0
    endloop
  endfacet
  facet normal -0.07845909572784991 0.9969173337331275 0
    outer loop
      vertex 0.5494170458814954 -8.732733873747376 23
      vertex 0.8234477415369968 -8.71116719027695 23
      vertex 0.5494170458814954 -8.732733873747376 0
    endloop
  endfacet
  facet normal -0.10973431109103833 0.9939609554551805 0
    outer loop
      vertex 0.8234477415369968 -8.71116719027695 23
      vertex 1.0966657936876605 -8.681003636501682 23
      vertex 0.8234477415369968 -8.71116719027695 0
    endloop
  endfacet
  facet normal -0.14090123193758608 0.990023657716557 0
    outer loop
      vertex 1.0966657936876605 -8.681003636501682 23
      vertex 1.36880156910202 -8.642272980207455 23
      vertex 1.0966657936876605 -8.681003636501682 0
    endloop
  endfacet
  facet normal -0.17192910027940952 0.9851093261547739 0
    outer loop
      vertex 1.36880156910202 -8.642272980207455 23
      vertex 1.6395865026250922 -8.595013443876026 23
      vertex 1.36880156910202 -8.642272980207455 0
    endloop
  endfacet
  facet normal -0.20278729535651258 0.9792228106217657 0
    outer loop
      vertex 1.6395865026250922 -8.595013443876026 23
      vertex 1.9087533622197506 -8.539271666964039 23
      vertex 1.6395865026250922 -8.595013443876026 0
    endloop
  endfacet
  facet normal -0.2334453638559061 0.9723699203976764 0
    outer loop
      vertex 1.9087533622197506 -8.539271666964039 23
      vertex 2.1760365126924763 -8.475102659875523 23
      vertex 1.9087533622197506 -8.539271666964039 0
    endloop
  endfacet
  facet normal -0.26387304996536964 0.9645574184577991 3.373620753012974e-17
    outer loop
      vertex 2.1760365126924763 -8.475102659875523 23
      vertex 2.4411721778432542 -8.402569749673253 23
      vertex 2.17603651269248 -8.475102659875521 0
    endloop
  endfacet
  facet normal -0.2940403252323102 0.9557930147983282 0
    outer loop
      vertex 2.4411721778432542 -8.402569749673253 23
      vertex 2.7038987007807895 -8.321744517582593 23
      vertex 2.4411721778432542 -8.402569749673253 0
    endloop
  endfacet
  facet normal -0.3239174181981412 0.9460853588275481 0
    outer loop
      vertex 2.7038987007807895 -8.321744517582593 23
      vertex 2.9639568021463014 -8.232706728349473 23
      vertex 2.7038987007807895 -8.321744517582593 0
    endloop
  endfacet
  facet normal -0.3534748437792624 0.9354440308298654 0
    outer loop
      vertex 2.9639568021463014 -8.232706728349473 23
      vertex 3.2210898359909357 -8.135544251522198 23
      vertex 2.9639568021463014 -8.232706728349473 0
    endloop
  endfacet
  facet normal -0.3826834323650904 0.9238795325112866 0
    outer loop
      vertex 3.2210898359909357 -8.135544251522198 23
      vertex 3.4750440430543277 -8.030352974734836 23
      vertex 3.2210898359909357 -8.135544251522198 0
    endloop
  endfacet
  facet normal -0.4115143586051089 0.9114032766354452 -6.35648996017037e-17
    outer loop
      vertex 3.4750440430543312 -8.030352974734836 0
      vertex 3.4750440430543277 -8.030352974734836 23
      vertex 3.7255688011943837 -7.917236709077671 23
    endloop
  endfacet
  facet normal -0.4399391698559128 0.8980275757606168 0
    outer loop
      vertex 3.7255688011943837 -7.917236709077671 23
      vertex 3.9724168727210345 -7.796307086648219 23
      vertex 3.7255688011943837 -7.917236709077671 0
    endloop
  endfacet
  facet normal -0.4679298142605765 0.8837656300886919 0
    outer loop
      vertex 3.9724168727210345 -7.796307086648219 23
      vertex 4.215344648390009 -7.667683450383805 23
      vertex 3.9724168727210345 -7.796307086648219 0
    endloop
  endfacet
  facet normal -0.495458668432406 0.8686315144381921 0
    outer loop
      vertex 4.215344648390009 -7.667683450383805 23
      vertex 4.454112387815752 -7.5314927362845046 23
      vertex 4.215344648390009 -7.667683450383805 0
    endloop
  endfacet
  facet normal -0.5224985647159487 0.8526401643540923 -3.292593885864664e-17
    outer loop
      vertex 4.454112387815752 -7.531492736284505 0
      vertex 4.454112387815752 -7.5314927362845046 23
      vertex 4.688484456066217 -7.387869348142634 23
    endloop
  endfacet
  facet normal -0.5490228179981299 0.8358073613682716 -9.178822181001453e-18
    outer loop
      vertex 4.688484456066217 -7.387869348142634 23
      vertex 4.918229556206142 -7.236955024902417 23
      vertex 4.688484456066221 -7.387869348142631 0
    endloop
  endfacet
  facet normal -0.6004202253258872 0.7996846584870884 0
    outer loop
      vertex 5.362936719463546 -6.913856358287289 7.3
      vertex 5.362936719463546 -6.913856358287289 0
      vertex 5.14312095755914 -7.07889870078079 0
    endloop
  endfacet
  facet normal -0.6252426563357028 0.7804304073383316 0
    outer loop
      vertex 5.577459910301037 -6.741990874288154 7.3
      vertex 5.577459910301037 -6.741990874288154 0
      vertex 5.362936719463546 -6.913856358287289 0
    endloop
  endfacet
  facet normal -0.6494480483301844 0.7604059656000303 -3.85170490960804e-17
    outer loop
      vertex 5.786478821581951 -6.5634718592665235 7.3
      vertex 5.786478821581954 -6.563471859266521 0
      vertex 5.577459910301037 -6.741990874288154 0
    endloop
  endfacet
  facet normal -0.6730125135097738 0.7396310949786092 0
    outer loop
      vertex 5.989787176876025 -6.378475489937352 7.3
      vertex 5.989787176876025 -6.378475489937352 0
      vertex 5.786478821581954 -6.563471859266521 0
    endloop
  endfacet
  facet normal -0.6959127965923134 0.7181262977631899 0
    outer loop
      vertex 6.187184335382291 -6.187184335382291 7.3
      vertex 6.187184335382291 -6.187184335382291 0
      vertex 5.989787176876025 -6.378475489937352 0
    endloop
  endfacet
  facet normal -0.6004202253258883 0.7996846584870873 5.435663383438965e-17
    outer loop
      vertex 5.1583077929940115 -7.06749610219769 7.3
      vertex 5.362936719463546 -6.913856358287289 7.3
      vertex 5.14312095755914 -7.07889870078079 0
    endloop
  endfacet
  facet normal -0.6252426563357028 0.7804304073383316 0
    outer loop
      vertex 5.362936719463546 -6.913856358287289 7.3
      vertex 5.577459910301037 -6.741990874288154 7.3
      vertex 5.362936719463546 -6.913856358287289 0
    endloop
  endfacet
  facet normal -0.6494480483301852 0.7604059656000296 0
    outer loop
      vertex 5.577459910301037 -6.741990874288154 7.3
      vertex 5.786478821581951 -6.5634718592665235 7.3
      vertex 5.577459910301037 -6.741990874288154 0
    endloop
  endfacet
  facet normal -0.6730125135097726 0.7396310949786105 -5.756816869213015e-17
    outer loop
      vertex 5.786478821581951 -6.5634718592665235 7.3
      vertex 5.989787176876025 -6.378475489937352 7.3
      vertex 5.786478821581954 -6.563471859266521 0
    endloop
  endfacet
  facet normal -0.6959127965923134 0.7181262977631899 0
    outer loop
      vertex 5.989787176876025 -6.378475489937352 7.3
      vertex 6.187184335382291 -6.187184335382291 7.3
      vertex 5.989787176876025 -6.378475489937352 0
    endloop
  endfacet
  facet normal -0.7181262977631899 0.6959127965923134 0
    outer loop
      vertex 6.378475489937352 -5.989787176876025 7.3
      vertex 6.378475489937352 -5.989787176876025 0
      vertex 6.187184335382291 -6.187184335382291 0
    endloop
  endfacet
  facet normal -0.7396310949786105 0.6730125135097726 0
    outer loop
      vertex 6.5634718592665235 -5.786478821581951 7.3
      vertex 6.5634718592665235 -5.786478821581951 0
      vertex 6.378475489937352 -5.989787176876025 0
    endloop
  endfacet
  facet normal -0.7604059656000288 0.649448048330186 -4.0500175731758757e-17
    outer loop
      vertex 6.741990874288157 -5.577459910301035 0
      vertex 6.5634718592665235 -5.786478821581951 0
      vertex 6.741990874288154 -5.577459910301037 7.3
    endloop
  endfacet
  facet normal -0.7804304073383326 0.6252426563357018 -1.1693940553950983e-18
    outer loop
      vertex 6.741990874288157 -5.577459910301035 0
      vertex 6.913856358287289 -5.362936719463546 7.3
      vertex 6.913856358287289 -5.362936719463546 0
    endloop
  endfacet
  facet normal -0.7996846584870884 0.6004202253258872 5.060119225147249e-17
    outer loop
      vertex 7.06749610219769 -5.1583077929940115 7.3
      vertex 7.07889870078079 -5.14312095755914 0
      vertex 6.913856358287289 -5.362936719463546 0
    endloop
  endfacet
  facet normal -0.7181262977631899 0.6959127965923134 0
    outer loop
      vertex 6.187184335382291 -6.187184335382291 7.3
      vertex 6.378475489937352 -5.989787176876025 7.3
      vertex 6.187184335382291 -6.187184335382291 0
    endloop
  endfacet
  facet normal -0.7396310949786105 0.6730125135097726 0
    outer loop
      vertex 6.378475489937352 -5.989787176876025 7.3
      vertex 6.5634718592665235 -5.786478821581951 7.3
      vertex 6.378475489937352 -5.989787176876025 0
    endloop
  endfacet
  facet normal -0.7604059656000296 0.6494480483301852 0
    outer loop
      vertex 6.5634718592665235 -5.786478821581951 7.3
      vertex 6.741990874288154 -5.577459910301037 7.3
      vertex 6.5634718592665235 -5.786478821581951 0
    endloop
  endfacet
  facet normal -0.7804304073383316 0.6252426563357028 -5.664427867493065e-17
    outer loop
      vertex 6.741990874288157 -5.577459910301035 0
      vertex 6.741990874288154 -5.577459910301037 7.3
      vertex 6.913856358287289 -5.362936719463546 7.3
    endloop
  endfacet
  facet normal -0.7996846584870873 0.6004202253258883 0
    outer loop
      vertex 6.913856358287289 -5.362936719463546 7.3
      vertex 7.06749610219769 -5.1583077929940115 7.3
      vertex 6.913856358287289 -5.362936719463546 0
    endloop
  endfacet
  facet normal -0.575005252043278 0.818149717425024 0
    outer loop
      vertex 5.14312095755914 -7.07889870078079 23
      vertex 5.14312095755914 -7.07889870078079 0
      vertex 4.918229556206142 -7.236955024902417 0
    endloop
  endfacet
  facet normal -0.6004202253258716 0.7996846584870998 -3.0924029759668453e-20
    outer loop
      vertex 5.1583077929940115 -7.06749610219769 7.3
      vertex 5.14312095755914 -7.07889870078079 0
      vertex 5.14312095755914 -7.07889870078079 23
    endloop
  endfacet
  facet normal -0.818149717425024 0.575005252043278 0
    outer loop
      vertex 7.07889870078079 -5.14312095755914 23
      vertex 7.236955024902417 -4.918229556206142 0
      vertex 7.07889870078079 -5.14312095755914 0
    endloop
  endfacet
  facet normal -0.7996846584870998 0.6004202253258716 -3.0924029759668453e-20
    outer loop
      vertex 7.06749610219769 -5.1583077929940115 7.3
      vertex 7.07889870078079 -5.14312095755914 23
      vertex 7.07889870078079 -5.14312095755914 0
    endloop
  endfacet
  facet normal -0.6004202253258716 0.7996846584870999 0
    outer loop
      vertex 5.1583077929940115 -7.06749610219769 7.3
      vertex 5.14312095755914 -7.07889870078079 23
      vertex 5.1583077929940115 -7.06749610219769 10
    endloop
  endfacet
  facet normal -0.6004202253258883 0.7996846584870874 -3.3662900554146513e-20
    outer loop
      vertex 5.1583077929940115 -7.06749610219769 10
      vertex 5.362936719463546 -6.913856358287289 23
      vertex 5.362936719463546 -6.913856358287289 10
    endloop
  endfacet
  facet normal -0.6252426563357029 0.7804304073383316 6.812321162729189e-20
    outer loop
      vertex 5.362936719463546 -6.913856358287289 10
      vertex 5.577459910301037 -6.741990874288154 23
      vertex 5.577459910301037 -6.741990874288154 10
    endloop
  endfacet
  facet normal -0.6494480483301852 0.7604059656000297 6.596007278587229e-19
    outer loop
      vertex 5.577459910301037 -6.741990874288154 10
      vertex 5.786478821581951 -6.5634718592665235 23
      vertex 5.786478821581951 -6.5634718592665235 10
    endloop
  endfacet
  facet normal -0.6730125135097726 0.7396310949786103 4.585179001928479e-19
    outer loop
      vertex 5.786478821581951 -6.5634718592665235 10
      vertex 5.989787176876025 -6.378475489937352 23
      vertex 5.989787176876025 -6.378475489937352 10
    endloop
  endfacet
  facet normal -0.6959127965923133 0.7181262977631898 -3.633802258384797e-20
    outer loop
      vertex 5.989787176876025 -6.378475489937352 10
      vertex 6.187184335382291 -6.187184335382291 23
      vertex 6.187184335382291 -6.187184335382291 10
    endloop
  endfacet
  facet normal -0.575005252043278 0.818149717425024 0
    outer loop
      vertex 4.918229556206142 -7.236955024902417 23
      vertex 5.14312095755914 -7.07889870078079 23
      vertex 4.918229556206142 -7.236955024902417 0
    endloop
  endfacet
  facet normal -0.7181262977631898 0.6959127965923133 -3.633802258384797e-20
    outer loop
      vertex 6.187184335382291 -6.187184335382291 10
      vertex 6.378475489937352 -5.989787176876025 23
      vertex 6.378475489937352 -5.989787176876025 10
    endloop
  endfacet
  facet normal -0.7396310949786103 0.6730125135097726 4.585179001928479e-19
    outer loop
      vertex 6.378475489937352 -5.989787176876025 10
      vertex 6.5634718592665235 -5.786478821581951 23
      vertex 6.5634718592665235 -5.786478821581951 10
    endloop
  endfacet
  facet normal -0.7604059656000297 0.6494480483301852 6.596007278587229e-19
    outer loop
      vertex 6.5634718592665235 -5.786478821581951 10
      vertex 6.741990874288154 -5.577459910301037 23
      vertex 6.741990874288154 -5.577459910301037 10
    endloop
  endfacet
  facet normal -0.7804304073383316 0.6252426563357029 6.812321162729189e-20
    outer loop
      vertex 6.741990874288154 -5.577459910301037 10
      vertex 6.913856358287289 -5.362936719463546 23
      vertex 6.913856358287289 -5.362936719463546 10
    endloop
  endfacet
  facet normal -0.7996846584870999 0.6004202253258716 0
    outer loop
      vertex 7.06749610219769 -5.1583077929940115 7.3
      vertex 7.06749610219769 -5.1583077929940115 10
      vertex 7.07889870078079 -5.14312095755914 23
    endloop
  endfacet
  facet normal -0.7996846584870874 0.6004202253258883 -2.951404107233548e-17
    outer loop
      vertex 6.913856358287289 -5.362936719463546 10
      vertex 7.07889870078079 -5.14312095755914 23
      vertex 7.06749610219769 -5.1583077929940115 10
    endloop
  endfacet
  facet normal -0.818149717425024 0.575005252043278 -4.55263529019238e-19
    outer loop
      vertex 7.07889870078079 -5.14312095755914 23
      vertex 7.236955024902417 -4.918229556206142 23
      vertex 7.236955024902417 -4.918229556206142 0
    endloop
  endfacet
  facet normal -0.6004202253258871 0.7996846584870881 -2.842582611639445e-17
    outer loop
      vertex 5.1583077929940115 -7.06749610219769 10
      vertex 5.14312095755914 -7.07889870078079 23
      vertex 5.362936719463546 -6.913856358287289 23
    endloop
  endfacet
  facet normal -0.6252426563357029 0.7804304073383316 0
    outer loop
      vertex 5.362936719463546 -6.913856358287289 10
      vertex 5.362936719463546 -6.913856358287289 23
      vertex 5.577459910301037 -6.741990874288154 23
    endloop
  endfacet
  facet normal -0.6494480483301852 0.7604059656000297 0
    outer loop
      vertex 5.577459910301037 -6.741990874288154 10
      vertex 5.577459910301037 -6.741990874288154 23
      vertex 5.786478821581951 -6.5634718592665235 23
    endloop
  endfacet
  facet normal -0.6730125135097726 0.7396310949786103 0
    outer loop
      vertex 5.786478821581951 -6.5634718592665235 10
      vertex 5.786478821581951 -6.5634718592665235 23
      vertex 5.989787176876025 -6.378475489937352 23
    endloop
  endfacet
  facet normal -0.6959127965923133 0.7181262977631898 0
    outer loop
      vertex 5.989787176876025 -6.378475489937352 10
      vertex 5.989787176876025 -6.378475489937352 23
      vertex 6.187184335382291 -6.187184335382291 23
    endloop
  endfacet
  facet normal -0.7181262977631898 0.6959127965923133 0
    outer loop
      vertex 6.187184335382291 -6.187184335382291 10
      vertex 6.187184335382291 -6.187184335382291 23
      vertex 6.378475489937352 -5.989787176876025 23
    endloop
  endfacet
  facet normal -0.7396310949786103 0.6730125135097726 0
    outer loop
      vertex 6.378475489937352 -5.989787176876025 10
      vertex 6.378475489937352 -5.989787176876025 23
      vertex 6.5634718592665235 -5.786478821581951 23
    endloop
  endfacet
  facet normal -0.7604059656000297 0.6494480483301852 0
    outer loop
      vertex 6.5634718592665235 -5.786478821581951 10
      vertex 6.5634718592665235 -5.786478821581951 23
      vertex 6.741990874288154 -5.577459910301037 23
    endloop
  endfacet
  facet normal -0.7804304073383316 0.6252426563357029 0
    outer loop
      vertex 6.741990874288154 -5.577459910301037 10
      vertex 6.741990874288154 -5.577459910301037 23
      vertex 6.913856358287289 -5.362936719463546 23
    endloop
  endfacet
  facet normal -0.7996846584870881 0.6004202253258871 0
    outer loop
      vertex 6.913856358287289 -5.362936719463546 10
      vertex 6.913856358287289 -5.362936719463546 23
      vertex 7.07889870078079 -5.14312095755914 23
    endloop
  endfacet
  facet normal -0.8358073613682716 0.5490228179981299 0
    outer loop
      vertex 7.236955024902417 -4.918229556206142 23
      vertex 7.387869348142634 -4.688484456066217 0
      vertex 7.236955024902417 -4.918229556206142 0
    endloop
  endfacet
  facet normal -0.852640164354091 0.5224985647159509 0
    outer loop
      vertex 7.387869348142634 -4.688484456066217 23
      vertex 7.531492736284508 -4.454112387815748 0
      vertex 7.387869348142634 -4.688484456066217 0
    endloop
  endfacet
  facet normal -0.8686315144381938 0.4954586684324032 -3.8509590322028893e-17
    outer loop
      vertex 7.531492736284508 -4.454112387815748 0
      vertex 7.5314927362845046 -4.454112387815752 23
      vertex 7.667683450383805 -4.215344648390009 0
    endloop
  endfacet
  facet normal -0.8837656300886919 0.4679298142605765 0
    outer loop
      vertex 7.667683450383805 -4.215344648390009 23
      vertex 7.796307086648219 -3.9724168727210345 0
      vertex 7.667683450383805 -4.215344648390009 0
    endloop
  endfacet
  facet normal -0.8980275757606168 0.4399391698559128 0
    outer loop
      vertex 7.796307086648219 -3.9724168727210345 23
      vertex 7.917236709077671 -3.7255688011943837 0
      vertex 7.796307086648219 -3.9724168727210345 0
    endloop
  endfacet
  facet normal -0.911403276635443 0.4115143586051137 -1.9655402011023162e-19
    outer loop
      vertex 8.030352974734836 -3.4750440430543312 0
      vertex 7.917236709077671 -3.7255688011943837 0
      vertex 7.917236709077671 -3.7255688011943837 23
    endloop
  endfacet
  facet normal -0.9238795325112885 0.3826834323650858 -5.911150716581594e-17
    outer loop
      vertex 8.030352974734836 -3.4750440430543312 0
      vertex 8.030352974734836 -3.4750440430543277 23
      vertex 8.135544251522198 -3.2210898359909357 0
    endloop
  endfacet
  facet normal -0.9354440308298654 0.3534748437792624 0
    outer loop
      vertex 8.135544251522198 -3.2210898359909357 23
      vertex 8.232706728349473 -2.9639568021463014 0
      vertex 8.135544251522198 -3.2210898359909357 0
    endloop
  endfacet
  facet normal -0.9460853588275481 0.3239174181981412 0
    outer loop
      vertex 8.232706728349473 -2.9639568021463014 23
      vertex 8.321744517582593 -2.7038987007807895 0
      vertex 8.232706728349473 -2.9639568021463014 0
    endloop
  endfacet
  facet normal -0.9557930147983282 0.2940403252323102 0
    outer loop
      vertex 8.321744517582593 -2.7038987007807895 23
      vertex 8.402569749673253 -2.4411721778432542 0
      vertex 8.321744517582593 -2.7038987007807895 0
    endloop
  endfacet
  facet normal -0.9645574184577991 0.26387304996536964 0
    outer loop
      vertex 8.402569749673253 -2.4411721778432542 23
      vertex 8.475102659875523 -2.1760365126924763 0
      vertex 8.402569749673253 -2.4411721778432542 0
    endloop
  endfacet
  facet normal -0.9723699203976758 0.23344536385590894 0
    outer loop
      vertex 8.475102659875523 -2.1760365126924763 23
      vertex 8.53927166696404 -1.9087533622197466 0
      vertex 8.475102659875523 -2.1760365126924763 0
    endloop
  endfacet
  facet normal -0.9792228106217664 0.20278729535650925 -4.03890560470513e-17
    outer loop
      vertex 8.53927166696404 -1.9087533622197466 0
      vertex 8.539271666964039 -1.9087533622197506 23
      vertex 8.595013443876026 -1.6395865026250922 0
    endloop
  endfacet
  facet normal -0.9851093261547739 0.17192910027940952 0
    outer loop
      vertex 8.595013443876026 -1.6395865026250922 23
      vertex 8.642272980207455 -1.36880156910202 0
      vertex 8.595013443876026 -1.6395865026250922 0
    endloop
  endfacet
  facet normal -0.990023657716557 0.14090123193758608 0
    outer loop
      vertex 8.642272980207455 -1.36880156910202 23
      vertex 8.681003636501682 -1.0966657936876605 0
      vertex 8.642272980207455 -1.36880156910202 0
    endloop
  endfacet
  facet normal -0.9939609554551804 0.10973431109104002 -1.158514471701549e-19
    outer loop
      vertex 8.71116719027695 -0.8234477415370011 0
      vertex 8.681003636501682 -1.0966657936876605 0
      vertex 8.681003636501682 -1.0966657936876605 23
    endloop
  endfacet
  facet normal -0.9969173337331277 0.07845909572784752 -1.4391606928679878e-17
    outer loop
      vertex 8.71116719027695 -0.8234477415370011 0
      vertex 8.71116719027695 -0.8234477415369968 23
      vertex 8.732733873747376 -0.5494170458814912 0
    endloop
  endfacet
  facet normal -0.99888987496197 0.04710645070964214 8.640649195983305e-18
    outer loop
      vertex 8.732733873747376 -0.5494170458814954 23
      vertex 8.745682403200151 -0.2748441419336243 0
      vertex 8.732733873747376 -0.5494170458814912 0
    endloop
  endfacet
  facet normal -0.9998766324816607 0.015707317311821026 0
    outer loop
      vertex 8.745682403200151 -0.2748441419336243 23
      vertex 8.75 0 0
      vertex 8.745682403200151 -0.2748441419336243 0
    endloop
  endfacet
  facet normal -0.8358073613682716 0.5490228179981299 1.1508844650602609e-20
    outer loop
      vertex 7.236955024902417 -4.918229556206142 23
      vertex 7.387869348142634 -4.688484456066217 23
      vertex 7.387869348142634 -4.688484456066217 0
    endloop
  endfacet
  facet normal -0.8526401643540923 0.5224985647159487 -3.0818549020457224e-17
    outer loop
      vertex 7.531492736284508 -4.454112387815748 0
      vertex 7.387869348142634 -4.688484456066217 23
      vertex 7.5314927362845046 -4.454112387815752 23
    endloop
  endfacet
  facet normal -0.8686315144381921 0.495458668432406 -4.636014824390497e-19
    outer loop
      vertex 7.5314927362845046 -4.454112387815752 23
      vertex 7.667683450383805 -4.215344648390009 23
      vertex 7.667683450383805 -4.215344648390009 0
    endloop
  endfacet
  facet normal -0.8837656300886919 0.4679298142605765 -1.503827192805948e-19
    outer loop
      vertex 7.667683450383805 -4.215344648390009 23
      vertex 7.796307086648219 -3.9724168727210345 23
      vertex 7.796307086648219 -3.9724168727210345 0
    endloop
  endfacet
  facet normal -0.8980275757606168 0.4399391698559128 3.4828450402265464e-21
    outer loop
      vertex 7.796307086648219 -3.9724168727210345 23
      vertex 7.917236709077671 -3.7255688011943837 23
      vertex 7.917236709077671 -3.7255688011943837 0
    endloop
  endfacet
  facet normal -0.9114032766354452 0.4115143586051089 -6.35648996017037e-17
    outer loop
      vertex 8.030352974734836 -3.4750440430543312 0
      vertex 7.917236709077671 -3.7255688011943837 23
      vertex 8.030352974734836 -3.4750440430543277 23
    endloop
  endfacet
  facet normal -0.9238795325112866 0.3826834323650904 -8.45685255018232e-21
    outer loop
      vertex 8.030352974734836 -3.4750440430543277 23
      vertex 8.135544251522198 -3.2210898359909357 23
      vertex 8.135544251522198 -3.2210898359909357 0
    endloop
  endfacet
  facet normal -0.9354440308298654 0.3534748437792624 -1.3970438239346049e-21
    outer loop
      vertex 8.135544251522198 -3.2210898359909357 23
      vertex 8.232706728349473 -2.9639568021463014 23
      vertex 8.232706728349473 -2.9639568021463014 0
    endloop
  endfacet
  facet normal -0.9460853588275481 0.3239174181981412 1.3893760073931432e-19
    outer loop
      vertex 8.232706728349473 -2.9639568021463014 23
      vertex 8.321744517582593 -2.7038987007807895 23
      vertex 8.321744517582593 -2.7038987007807895 0
    endloop
  endfacet
  facet normal -0.9557930147983282 0.2940403252323102 2.2260401239870824e-20
    outer loop
      vertex 8.321744517582593 -2.7038987007807895 23
      vertex 8.402569749673253 -2.4411721778432542 23
      vertex 8.402569749673253 -2.4411721778432542 0
    endloop
  endfacet
  facet normal -0.9645574184577991 0.26387304996536964 -8.3038127859972e-20
    outer loop
      vertex 8.402569749673253 -2.4411721778432542 23
      vertex 8.475102659875523 -2.1760365126924763 23
      vertex 8.475102659875523 -2.1760365126924763 0
    endloop
  endfacet
  facet normal -0.9723699203976764 0.2334453638559061 -3.4532211040179226e-17
    outer loop
      vertex 8.53927166696404 -1.9087533622197466 0
      vertex 8.475102659875523 -2.1760365126924763 23
      vertex 8.539271666964039 -1.9087533622197506 23
    endloop
  endfacet
  facet normal -0.9792228106217657 0.20278729535651258 9.929031099935325e-20
    outer loop
      vertex 8.539271666964039 -1.9087533622197506 23
      vertex 8.595013443876026 -1.6395865026250922 23
      vertex 8.595013443876026 -1.6395865026250922 0
    endloop
  endfacet
  facet normal -0.9851093261547739 0.17192910027940952 5.459739350654593e-20
    outer loop
      vertex 8.595013443876026 -1.6395865026250922 23
      vertex 8.642272980207455 -1.36880156910202 23
      vertex 8.642272980207455 -1.36880156910202 0
    endloop
  endfacet
  facet normal -0.990023657716557 0.14090123193758608 -2.8643591171948586e-20
    outer loop
      vertex 8.642272980207455 -1.36880156910202 23
      vertex 8.681003636501682 -1.0966657936876605 23
      vertex 8.681003636501682 -1.0966657936876605 0
    endloop
  endfacet
  facet normal -0.9939609554551805 0.10973431109103833 -2.012836188285529e-17
    outer loop
      vertex 8.71116719027695 -0.8234477415370011 0
      vertex 8.681003636501682 -1.0966657936876605 23
      vertex 8.71116719027695 -0.8234477415369968 23
    endloop
  endfacet
  facet normal -0.9969173337331275 0.07845909572784991 1.4383481838821866e-17
    outer loop
      vertex 8.71116719027695 -0.8234477415369968 23
      vertex 8.732733873747376 -0.5494170458814954 23
      vertex 8.732733873747376 -0.5494170458814912 0
    endloop
  endfacet
  facet normal -0.99888987496197 0.047106450709641416 1.1265447111268837e-22
    outer loop
      vertex 8.732733873747376 -0.5494170458814954 23
      vertex 8.745682403200151 -0.2748441419336243 23
      vertex 8.745682403200151 -0.2748441419336243 0
    endloop
  endfacet
  facet normal -0.9998766324816607 0.015707317311821026 -5.17449242724914e-21
    outer loop
      vertex 8.745682403200151 -0.2748441419336243 23
      vertex 8.75 0 23
      vertex 8.75 0 0
    endloop
  endfacet
  facet normal -0.10973431109103927 -0.9939609554551804 0
    outer loop
      vertex 0.8234477415370012 8.71116719027695 23
      vertex 0.8234477415370012 8.71116719027695 0
      vertex 1.0966657936876625 8.681003636501682 0
    endloop
  endfacet
  facet normal -0.1409012319375871 -0.990023657716557 0
    outer loop
      vertex 1.0966657936876625 8.681003636501682 23
      vertex 1.0966657936876625 8.681003636501682 0
      vertex 1.36880156910202 8.642272980207455 0
    endloop
  endfacet
  facet normal -0.015707317311821147 -0.9998766324816607 0
    outer loop
      vertex 0 8.75 23
      vertex 0 8.75 0
      vertex 0.27484414193362217 8.745682403200151 0
    endloop
  endfacet
  facet normal -0.04710645070964177 -0.99888987496197 0
    outer loop
      vertex 0.27484414193362217 8.745682403200151 23
      vertex 0.27484414193362217 8.745682403200151 0
      vertex 0.5494170458814912 8.732733873747376 0
    endloop
  endfacet
  facet normal -0.0784590957278475 -0.9969173337331277 0
    outer loop
      vertex 0.5494170458814912 8.732733873747376 23
      vertex 0.5494170458814912 8.732733873747376 0
      vertex 0.8234477415370012 8.71116719027695 0
    endloop
  endfacet
  facet normal -0.17192910027941086 -0.9851093261547736 0
    outer loop
      vertex 1.36880156910202 8.642272980207455 23
      vertex 1.36880156910202 8.642272980207455 0
      vertex 1.63958650262509 8.595013443876026 0
    endloop
  endfacet
  facet normal -0.20278729535650766 -0.9792228106217667 0
    outer loop
      vertex 1.63958650262509 8.595013443876026 23
      vertex 1.63958650262509 8.595013443876026 0
      vertex 1.9087533622197466 8.53927166696404 0
    endloop
  endfacet
  facet normal -0.2334453638559121 -0.9723699203976749 0
    outer loop
      vertex 1.9087533622197466 8.53927166696404 23
      vertex 1.9087533622197466 8.53927166696404 0
      vertex 2.17603651269248 8.475102659875521 0
    endloop
  endfacet
  facet normal -0.26387304996537086 -0.9645574184577987 0
    outer loop
      vertex 2.17603651269248 8.475102659875521 23
      vertex 2.17603651269248 8.475102659875521 0
      vertex 2.4411721778432565 8.402569749673251 0
    endloop
  endfacet
  facet normal -0.5490228179981335 -0.8358073613682692 0
    outer loop
      vertex 4.688484456066221 7.387869348142632 23
      vertex 4.688484456066221 7.387869348142632 0
      vertex 4.918229556206143 7.236955024902416 0
    endloop
  endfacet
  facet normal -0.29404032523230655 -0.9557930147983292 0
    outer loop
      vertex 2.4411721778432565 8.402569749673251 23
      vertex 2.4411721778432565 8.402569749673251 0
      vertex 2.7038987007807895 8.321744517582593 0
    endloop
  endfacet
  facet normal -0.3239174181981436 -0.9460853588275473 0
    outer loop
      vertex 2.7038987007807895 8.321744517582593 23
      vertex 2.7038987007807895 8.321744517582593 0
      vertex 2.963956802146299 8.232706728349473 0
    endloop
  endfacet
  facet normal -0.3534748437792594 -0.9354440308298664 0
    outer loop
      vertex 2.963956802146299 8.232706728349473 23
      vertex 2.963956802146299 8.232706728349473 0
      vertex 3.2210898359909312 8.1355442515222 0
    endloop
  endfacet
  facet normal -0.4115143586051128 -0.9114032766354435 0
    outer loop
      vertex 3.4750440430543312 8.030352974734836 23
      vertex 3.4750440430543312 8.030352974734836 0
      vertex 3.7255688011943864 7.91723670907767 0
    endloop
  endfacet
  facet normal -0.38268343236508556 -0.9238795325112885 0
    outer loop
      vertex 3.2210898359909312 8.1355442515222 23
      vertex 3.2210898359909312 8.1355442515222 0
      vertex 3.4750440430543312 8.030352974734836 0
    endloop
  endfacet
  facet normal -0.439939169855914 -0.8980275757606163 0
    outer loop
      vertex 3.7255688011943864 7.91723670907767 23
      vertex 3.7255688011943864 7.91723670907767 0
      vertex 3.9724168727210345 7.796307086648219 0
    endloop
  endfacet
  facet normal -0.4679298142605753 -0.8837656300886924 0
    outer loop
      vertex 3.9724168727210345 7.796307086648219 23
      vertex 3.9724168727210345 7.796307086648219 0
      vertex 4.215344648390008 7.667683450383806 0
    endloop
  endfacet
  facet normal -0.49545866843240427 -0.8686315144381932 0
    outer loop
      vertex 4.215344648390008 7.667683450383806 23
      vertex 4.215344648390008 7.667683450383806 0
      vertex 4.454112387815748 7.531492736284508 0
    endloop
  endfacet
  facet normal -0.5224985647159485 -0.8526401643540925 -1.2748897575820792e-17
    outer loop
      vertex 4.454112387815749 7.531492736284507 23
      vertex 4.454112387815748 7.531492736284508 0
      vertex 4.688484456066221 7.387869348142632 0
    endloop
  endfacet
  facet normal -0.10973431109103927 -0.9939609554551804 0
    outer loop
      vertex 1.0966657936876625 8.681003636501682 23
      vertex 0.8234477415370012 8.71116719027695 23
      vertex 1.0966657936876625 8.681003636501682 0
    endloop
  endfacet
  facet normal -0.015707317311821147 -0.9998766324816607 5.228740954290262e-21
    outer loop
      vertex 0 8.75 23
      vertex 0.27484414193362217 8.745682403200151 0
      vertex 0.27484414193362217 8.745682403200151 23
    endloop
  endfacet
  facet normal -0.04710645070964177 -0.99888987496197 -1.3715894922742991e-21
    outer loop
      vertex 0.27484414193362217 8.745682403200151 23
      vertex 0.5494170458814912 8.732733873747376 0
      vertex 0.5494170458814912 8.732733873747376 23
    endloop
  endfacet
  facet normal -0.0784590957278475 -0.9969173337331277 6.832100522364831e-20
    outer loop
      vertex 0.5494170458814912 8.732733873747376 23
      vertex 0.8234477415370012 8.71116719027695 0
      vertex 0.8234477415370012 8.71116719027695 23
    endloop
  endfacet
  facet normal -0.1409012319375871 -0.990023657716557 -7.624987036145667e-20
    outer loop
      vertex 1.0966657936876625 8.681003636501682 23
      vertex 1.36880156910202 8.642272980207455 0
      vertex 1.36880156910202 8.642272980207455 23
    endloop
  endfacet
  facet normal -0.17192910027941086 -0.9851093261547736 8.045730639953183e-20
    outer loop
      vertex 1.36880156910202 8.642272980207455 23
      vertex 1.63958650262509 8.595013443876026 0
      vertex 1.63958650262509 8.595013443876026 23
    endloop
  endfacet
  facet normal -0.20278729535650766 -0.9792228106217667 9.45481536837501e-20
    outer loop
      vertex 1.63958650262509 8.595013443876026 23
      vertex 1.9087533622197466 8.53927166696404 0
      vertex 1.9087533622197466 8.53927166696404 23
    endloop
  endfacet
  facet normal -0.2334453638559121 -0.9723699203976749 -2.0494744425521843e-19
    outer loop
      vertex 1.9087533622197466 8.53927166696404 23
      vertex 2.17603651269248 8.475102659875521 0
      vertex 2.17603651269248 8.475102659875521 23
    endloop
  endfacet
  facet normal -0.26387304996537086 -0.9645574184577987 2.1696482391144652e-21
    outer loop
      vertex 2.17603651269248 8.475102659875521 23
      vertex 2.4411721778432565 8.402569749673251 0
      vertex 2.4411721778432565 8.402569749673251 23
    endloop
  endfacet
  facet normal -0.5224985647159476 -0.8526401643540931 0
    outer loop
      vertex 4.688484456066221 7.387869348142632 23
      vertex 4.454112387815749 7.531492736284507 23
      vertex 4.688484456066221 7.387869348142632 0
    endloop
  endfacet
  facet normal -0.5490228179981335 -0.8358073613682692 -3.6765527193872185e-19
    outer loop
      vertex 4.688484456066221 7.387869348142632 23
      vertex 4.918229556206143 7.236955024902416 0
      vertex 4.918229556206143 7.236955024902416 23
    endloop
  endfacet
  facet normal -0.29404032523230655 -0.9557930147983292 1.1171048937663203e-19
    outer loop
      vertex 2.4411721778432565 8.402569749673251 23
      vertex 2.7038987007807895 8.321744517582593 0
      vertex 2.7038987007807895 8.321744517582593 23
    endloop
  endfacet
  facet normal -0.3239174181981436 -0.9460853588275473 -1.4761637809473842e-19
    outer loop
      vertex 2.7038987007807895 8.321744517582593 23
      vertex 2.963956802146299 8.232706728349473 0
      vertex 2.963956802146299 8.232706728349473 23
    endloop
  endfacet
  facet normal -0.38268343236508556 -0.9238795325112885 0
    outer loop
      vertex 3.4750440430543312 8.030352974734836 23
      vertex 3.2210898359909312 8.1355442515222 23
      vertex 3.4750440430543312 8.030352974734836 0
    endloop
  endfacet
  facet normal -0.4115143586051128 -0.9114032766354435 1.9236682626989755e-19
    outer loop
      vertex 3.4750440430543312 8.030352974734836 23
      vertex 3.7255688011943864 7.91723670907767 0
      vertex 3.7255688011943864 7.91723670907767 23
    endloop
  endfacet
  facet normal -0.3534748437792594 -0.9354440308298664 -8.8547595220816e-20
    outer loop
      vertex 2.963956802146299 8.232706728349473 23
      vertex 3.2210898359909312 8.1355442515222 0
      vertex 3.2210898359909312 8.1355442515222 23
    endloop
  endfacet
  facet normal -0.439939169855914 -0.8980275757606163 3.331582927253819e-20
    outer loop
      vertex 3.7255688011943864 7.91723670907767 23
      vertex 3.9724168727210345 7.796307086648219 0
      vertex 3.9724168727210345 7.796307086648219 23
    endloop
  endfacet
  facet normal -0.4679298142605753 -0.8837656300886924 2.1467770523662527e-19
    outer loop
      vertex 3.9724168727210345 7.796307086648219 23
      vertex 4.215344648390008 7.667683450383806 0
      vertex 4.215344648390008 7.667683450383806 23
    endloop
  endfacet
  facet normal -0.4954586684324054 -0.8686315144381926 -1.3964520262295945e-17
    outer loop
      vertex 4.215344648390008 7.667683450383806 23
      vertex 4.454112387815748 7.531492736284508 0
      vertex 4.454112387815749 7.531492736284507 23
    endloop
  endfacet
  facet normal -0.8358073613682692 -0.5490228179981335 0
    outer loop
      vertex 7.387869348142632 4.688484456066221 23
      vertex 7.236955024902416 4.918229556206143 0
      vertex 7.387869348142632 4.688484456066221 0
    endloop
  endfacet
  facet normal -0.9939609554551804 -0.10973431109103901 0
    outer loop
      vertex 8.71116719027695 0.8234477415370003 0
      vertex 8.71116719027695 0.8234477415370003 23
      vertex 8.681003636501682 1.0966657936876623 0
    endloop
  endfacet
  facet normal -0.9900236577165569 -0.14090123193758697 0
    outer loop
      vertex 8.681003636501682 1.0966657936876623 23
      vertex 8.642272980207455 1.36880156910202 0
      vertex 8.681003636501682 1.0966657936876623 0
    endloop
  endfacet
  facet normal -0.9851093261547739 -0.17192910027940952 -5.459739350654593e-20
    outer loop
      vertex 8.595013443876026 1.6395865026250922 0
      vertex 8.642272980207455 1.36880156910202 0
      vertex 8.642272980207455 1.36880156910202 23
    endloop
  endfacet
  facet normal -0.9792228106217665 -0.20278729535650877 -1.5661852132609262e-17
    outer loop
      vertex 8.595013443876026 1.6395865026250922 0
      vertex 8.595013443876026 1.6395865026250904 23
      vertex 8.53927166696404 1.9087533622197472 0
    endloop
  endfacet
  facet normal -0.972369920397675 -0.2334453638559127 0
    outer loop
      vertex 8.53927166696404 1.9087533622197472 23
      vertex 8.475102659875521 2.17603651269248 0
      vertex 8.53927166696404 1.9087533622197472 0
    endloop
  endfacet
  facet normal -0.9645574184577994 -0.2638730499653684 -5.0949206199933285e-18
    outer loop
      vertex 8.475102659875521 2.17603651269248 0
      vertex 8.475102659875521 2.1760365126924794 23
      vertex 8.402569749673251 2.441172177843259 0
    endloop
  endfacet
  facet normal -0.9998766324816607 -0.015707317311821026 5.17449242724914e-21
    outer loop
      vertex 8.745682403200151 0.2748441419336243 0
      vertex 8.75 0 0
      vertex 8.75 0 23
    endloop
  endfacet
  facet normal -0.99888987496197 -0.047106450709642006 -3.524475329940549e-18
    outer loop
      vertex 8.745682403200151 0.2748441419336243 0
      vertex 8.745682403200151 0.27484414193362255 23
      vertex 8.732733873747376 0.549417045881492 0
    endloop
  endfacet
  facet normal -0.9969173337331277 -0.07845909572784797 0
    outer loop
      vertex 8.732733873747376 0.549417045881492 23
      vertex 8.71116719027695 0.8234477415370003 0
      vertex 8.732733873747376 0.549417045881492 0
    endloop
  endfacet
  facet normal -0.9114032766354452 -0.4115143586051089 0
    outer loop
      vertex 8.030352974734836 3.47504404305433 0
      vertex 8.030352974734836 3.47504404305433 23
      vertex 7.917236709077671 3.725568801194386 0
    endloop
  endfacet
  facet normal -0.9557930147983286 -0.2940403252323093 -3.974178042936094e-17
    outer loop
      vertex 8.402569749673251 2.441172177843259 0
      vertex 8.402569749673251 2.441172177843256 23
      vertex 8.321744517582593 2.7038987007807895 0
    endloop
  endfacet
  facet normal -0.9460853588275481 -0.3239174181981412 -1.3893760073931432e-19
    outer loop
      vertex 8.232706728349473 2.9639568021463014 0
      vertex 8.321744517582593 2.7038987007807895 0
      vertex 8.321744517582593 2.7038987007807895 23
    endloop
  endfacet
  facet normal -0.9354440308298658 -0.353474843779261 -2.0474917053366047e-17
    outer loop
      vertex 8.232706728349473 2.9639568021463014 0
      vertex 8.232706728349473 2.9639568021463 23
      vertex 8.1355442515222 3.221089835990932 0
    endloop
  endfacet
  facet normal -0.9238795325112873 -0.3826834323650884 0
    outer loop
      vertex 8.1355442515222 3.221089835990932 23
      vertex 8.030352974734836 3.47504404305433 0
      vertex 8.1355442515222 3.221089835990932 0
    endloop
  endfacet
  facet normal -0.8837656300886931 -0.4679298142605739 0
    outer loop
      vertex 7.796307086648219 3.9724168727210345 23
      vertex 7.667683450383806 4.215344648390009 0
      vertex 7.796307086648219 3.9724168727210345 0
    endloop
  endfacet
  facet normal -0.8686315144381926 -0.4954586684324054 0
    outer loop
      vertex 7.667683450383806 4.215344648390009 23
      vertex 7.531492736284507 4.45411238781575 0
      vertex 7.667683450383806 4.215344648390009 0
    endloop
  endfacet
  facet normal -0.8980275757606153 -0.439939169855916 0
    outer loop
      vertex 7.917236709077671 3.725568801194386 23
      vertex 7.796307086648219 3.9724168727210345 0
      vertex 7.917236709077671 3.725568801194386 0
    endloop
  endfacet
  facet normal -0.8526401643540922 -0.5224985647159489 -2.0177041282825875e-17
    outer loop
      vertex 7.531492736284507 4.45411238781575 0
      vertex 7.531492736284507 4.454112387815749 23
      vertex 7.387869348142632 4.688484456066221 0
    endloop
  endfacet
  facet normal -0.8526401643540931 -0.5224985647159476 0
    outer loop
      vertex 7.387869348142632 4.688484456066221 23
      vertex 7.387869348142632 4.688484456066221 0
      vertex 7.531492736284507 4.454112387815749 23
    endloop
  endfacet
  facet normal -0.8358073613682692 -0.5490228179981335 0
    outer loop
      vertex 7.236955024902416 4.918229556206143 23
      vertex 7.236955024902416 4.918229556206143 0
      vertex 7.387869348142632 4.688484456066221 23
    endloop
  endfacet
  facet normal -0.9939609554551804 -0.10973431109103901 0
    outer loop
      vertex 8.681003636501682 1.0966657936876623 23
      vertex 8.681003636501682 1.0966657936876623 0
      vertex 8.71116719027695 0.8234477415370003 23
    endloop
  endfacet
  facet normal -0.9900236577165569 -0.14090123193758697 -6.459504130218933e-20
    outer loop
      vertex 8.681003636501682 1.0966657936876623 23
      vertex 8.642272980207455 1.36880156910202 23
      vertex 8.642272980207455 1.36880156910202 0
    endloop
  endfacet
  facet normal -0.9851093261547738 -0.17192910027941063 -1.3278584051011416e-17
    outer loop
      vertex 8.595013443876026 1.6395865026250922 0
      vertex 8.642272980207455 1.36880156910202 23
      vertex 8.595013443876026 1.6395865026250904 23
    endloop
  endfacet
  facet normal -0.9792228106217667 -0.2027872953565075 5.752042955772882e-20
    outer loop
      vertex 8.595013443876026 1.6395865026250904 23
      vertex 8.53927166696404 1.9087533622197472 23
      vertex 8.53927166696404 1.9087533622197472 0
    endloop
  endfacet
  facet normal -0.9723699203976748 -0.23344536385591302 -4.507415964257947e-18
    outer loop
      vertex 8.475102659875521 2.17603651269248 0
      vertex 8.53927166696404 1.9087533622197472 23
      vertex 8.475102659875521 2.1760365126924794 23
    endloop
  endfacet
  facet normal -0.9645574184577987 -0.26387304996537086 -3.5664444339953626e-17
    outer loop
      vertex 8.402569749673251 2.441172177843259 0
      vertex 8.475102659875521 2.1760365126924794 23
      vertex 8.402569749673251 2.441172177843256 23
    endloop
  endfacet
  facet normal -0.9998766324816607 -0.015707317311821126 -1.1752117073369371e-18
    outer loop
      vertex 8.745682403200151 0.2748441419336243 0
      vertex 8.75 0 23
      vertex 8.745682403200151 0.27484414193362255 23
    endloop
  endfacet
  facet normal -0.99888987496197 -0.04710645070964171 2.593791064954855e-20
    outer loop
      vertex 8.745682403200151 0.27484414193362255 23
      vertex 8.732733873747376 0.549417045881492 23
      vertex 8.732733873747376 0.549417045881492 0
    endloop
  endfacet
  facet normal -0.9969173337331277 -0.07845909572784797 0
    outer loop
      vertex 8.71116719027695 0.8234477415370003 0
      vertex 8.732733873747376 0.549417045881492 23
      vertex 8.71116719027695 0.8234477415370003 23
    endloop
  endfacet
  facet normal -0.9238795325112873 -0.3826834323650884 0
    outer loop
      vertex 8.030352974734836 3.47504404305433 0
      vertex 8.1355442515222 3.221089835990932 23
      vertex 8.030352974734836 3.47504404305433 23
    endloop
  endfacet
  facet normal -0.9114032766354452 -0.4115143586051089 0
    outer loop
      vertex 7.917236709077671 3.725568801194386 23
      vertex 7.917236709077671 3.725568801194386 0
      vertex 8.030352974734836 3.47504404305433 23
    endloop
  endfacet
  facet normal -0.9557930147983295 -0.2940403252323061 -7.796159353165731e-20
    outer loop
      vertex 8.402569749673251 2.441172177843256 23
      vertex 8.321744517582593 2.7038987007807895 23
      vertex 8.321744517582593 2.7038987007807895 0
    endloop
  endfacet
  facet normal -0.9460853588275477 -0.3239174181981427 -1.876281264838506e-17
    outer loop
      vertex 8.232706728349473 2.9639568021463014 0
      vertex 8.321744517582593 2.7038987007807895 23
      vertex 8.232706728349473 2.9639568021463 23
    endloop
  endfacet
  facet normal -0.9354440308298664 -0.3534748437792594 -8.8547595220816e-20
    outer loop
      vertex 8.232706728349473 2.9639568021463 23
      vertex 8.1355442515222 3.221089835990932 23
      vertex 8.1355442515222 3.221089835990932 0
    endloop
  endfacet
  facet normal -0.8837656300886931 -0.4679298142605739 0
    outer loop
      vertex 7.667683450383806 4.215344648390009 23
      vertex 7.667683450383806 4.215344648390009 0
      vertex 7.796307086648219 3.9724168727210345 23
    endloop
  endfacet
  facet normal -0.8980275757606153 -0.439939169855916 2.132594435366878e-19
    outer loop
      vertex 7.917236709077671 3.725568801194386 23
      vertex 7.796307086648219 3.9724168727210345 23
      vertex 7.796307086648219 3.9724168727210345 0
    endloop
  endfacet
  facet normal -0.8686315144381916 -0.4954586684324067 -1.913285639804449e-17
    outer loop
      vertex 7.531492736284507 4.45411238781575 0
      vertex 7.667683450383806 4.215344648390009 23
      vertex 7.531492736284507 4.454112387815749 23
    endloop
  endfacet
  facet normal -0.6004202253258856 -0.7996846584870894 0
    outer loop
      vertex 5.14312095755914 7.07889870078079 23
      vertex 5.14312095755914 7.07889870078079 0
      vertex 5.362936719463543 6.913856358287291 0
    endloop
  endfacet
  facet normal -0.5750052520432773 -0.8181497174250243 0
    outer loop
      vertex 4.918229556206143 7.236955024902416 23
      vertex 4.918229556206143 7.236955024902416 0
      vertex 5.14312095755914 7.07889870078079 0
    endloop
  endfacet
  facet normal -0.6252426563357053 -0.7804304073383297 5.290043581039328e-20
    outer loop
      vertex 5.577459910301036 6.741990874288155 0
      vertex 5.362936719463543 6.913856358287291 23
      vertex 5.362936719463543 6.913856358287291 0
    endloop
  endfacet
  facet normal -0.6730125135097725 -0.7396310949786106 0
    outer loop
      vertex 5.786478821581953 6.563471859266522 23
      vertex 5.786478821581953 6.563471859266522 0
      vertex 5.9897871768760265 6.378475489937351 0
    endloop
  endfacet
  facet normal -0.6494480483301829 -0.7604059656000317 0
    outer loop
      vertex 5.577459910301036 6.741990874288155 0
      vertex 5.786478821581953 6.563471859266522 0
      vertex 5.577459910301036 6.741990874288155 23
    endloop
  endfacet
  facet normal -0.6959127965923149 -0.7181262977631883 0
    outer loop
      vertex 5.9897871768760265 6.378475489937351 23
      vertex 5.9897871768760265 6.378475489937351 0
      vertex 6.187184335382291 6.187184335382291 0
    endloop
  endfacet
  facet normal -0.7396310949786106 -0.6730125135097725 0
    outer loop
      vertex 6.563471859266522 5.786478821581953 23
      vertex 6.378475489937351 5.9897871768760265 0
      vertex 6.563471859266522 5.786478821581953 0
    endloop
  endfacet
  facet normal -0.7181262977631883 -0.6959127965923149 0
    outer loop
      vertex 6.378475489937351 5.9897871768760265 23
      vertex 6.187184335382291 6.187184335382291 0
      vertex 6.378475489937351 5.9897871768760265 0
    endloop
  endfacet
  facet normal -0.7604059656000317 -0.6494480483301829 0
    outer loop
      vertex 6.741990874288155 5.577459910301036 0
      vertex 6.741990874288155 5.577459910301036 23
      vertex 6.563471859266522 5.786478821581953 0
    endloop
  endfacet
  facet normal -0.7996846584870894 -0.6004202253258856 0
    outer loop
      vertex 7.07889870078079 5.14312095755914 23
      vertex 6.913856358287291 5.362936719463543 0
      vertex 7.07889870078079 5.14312095755914 0
    endloop
  endfacet
  facet normal -0.7804304073383297 -0.6252426563357053 0
    outer loop
      vertex 6.913856358287291 5.362936719463543 23
      vertex 6.741990874288155 5.577459910301036 0
      vertex 6.913856358287291 5.362936719463543 0
    endloop
  endfacet
  facet normal -0.8181497174250243 -0.5750052520432773 0
    outer loop
      vertex 7.236955024902416 4.918229556206143 23
      vertex 7.07889870078079 5.14312095755914 0
      vertex 7.236955024902416 4.918229556206143 0
    endloop
  endfacet
  facet normal -0.6252426563357053 -0.7804304073383297 0
    outer loop
      vertex 5.577459910301036 6.741990874288155 0
      vertex 5.577459910301036 6.741990874288155 23
      vertex 5.362936719463543 6.913856358287291 23
    endloop
  endfacet
  facet normal -0.5750052520432773 -0.8181497174250243 4.742607830130292e-19
    outer loop
      vertex 4.918229556206143 7.236955024902416 23
      vertex 5.14312095755914 7.07889870078079 0
      vertex 5.14312095755914 7.07889870078079 23
    endloop
  endfacet
  facet normal -0.6004202253258856 -0.7996846584870894 5.111715850497451e-19
    outer loop
      vertex 5.14312095755914 7.07889870078079 23
      vertex 5.362936719463543 6.913856358287291 0
      vertex 5.362936719463543 6.913856358287291 23
    endloop
  endfacet
  facet normal -0.6494480483301829 -0.7604059656000317 1.5901789320859095e-19
    outer loop
      vertex 5.577459910301036 6.741990874288155 23
      vertex 5.786478821581953 6.563471859266522 0
      vertex 5.786478821581953 6.563471859266522 23
    endloop
  endfacet
  facet normal -0.6730125135097725 -0.7396310949786106 5.124170759268309e-19
    outer loop
      vertex 5.786478821581953 6.563471859266522 23
      vertex 5.9897871768760265 6.378475489937351 0
      vertex 5.9897871768760265 6.378475489937351 23
    endloop
  endfacet
  facet normal -0.6959127965923149 -0.7181262977631883 0
    outer loop
      vertex 6.187184335382291 6.187184335382291 23
      vertex 5.9897871768760265 6.378475489937351 23
      vertex 6.187184335382291 6.187184335382291 0
    endloop
  endfacet
  facet normal -0.7804304073383297 -0.6252426563357053 0
    outer loop
      vertex 6.741990874288155 5.577459910301036 0
      vertex 6.913856358287291 5.362936719463543 23
      vertex 6.741990874288155 5.577459910301036 23
    endloop
  endfacet
  facet normal -0.7181262977631883 -0.6959127965923149 0
    outer loop
      vertex 6.187184335382291 6.187184335382291 23
      vertex 6.187184335382291 6.187184335382291 0
      vertex 6.378475489937351 5.9897871768760265 23
    endloop
  endfacet
  facet normal -0.7396310949786106 -0.6730125135097725 0
    outer loop
      vertex 6.378475489937351 5.9897871768760265 23
      vertex 6.378475489937351 5.9897871768760265 0
      vertex 6.563471859266522 5.786478821581953 23
    endloop
  endfacet
  facet normal -0.7604059656000317 -0.6494480483301829 1.5901789320859095e-19
    outer loop
      vertex 6.741990874288155 5.577459910301036 23
      vertex 6.563471859266522 5.786478821581953 23
      vertex 6.563471859266522 5.786478821581953 0
    endloop
  endfacet
  facet normal -0.8181497174250243 -0.5750052520432773 4.742607830130292e-19
    outer loop
      vertex 7.236955024902416 4.918229556206143 23
      vertex 7.07889870078079 5.14312095755914 23
      vertex 7.07889870078079 5.14312095755914 0
    endloop
  endfacet
  facet normal -0.7996846584870894 -0.6004202253258856 5.111715850497451e-19
    outer loop
      vertex 7.07889870078079 5.14312095755914 23
      vertex 6.913856358287291 5.362936719463543 23
      vertex 6.913856358287291 5.362936719463543 0
    endloop
  endfacet
endsolid OpenSCAD_Model
